{
"type": "FeatureCollection",
"name": "geojson_wind500m_20240716T12",
"crs": { "type": "name", "properties": { "name": "urn:ogc:def:crs:OGC:1.3:CRS84" } },
"features": [
{ "type": "Feature", "properties": { "u": 15.450906516594882, "v": 1.042377002003168, "speed": 15.48602796067666, "direction": 86.140456797118958, "timestamp": "20240716T12" }, "geometry": { "type": "LineString", "coordinates": [ [ -82.25, 41.0 ], [ -81.327808473265492, 41.046953919009155 ] ] } },
{ "type": "Feature", "properties": { "u": 15.967747823498199, "v": 2.0984076499322053, "speed": 16.105039125072793, "direction": 82.51335477655023, "timestamp": "20240716T12" }, "geometry": { "type": "LineString", "coordinates": [ [ -82.25, 41.25 ], [ -81.293322908919649, 41.344522867114065 ] ] } },
{ "type": "Feature", "properties": { "u": 16.918702594312503, "v": 2.9004177346373883, "speed": 17.165515445514465, "direction": 80.272195375043708, "timestamp": "20240716T12" }, "geometry": { "type": "LineString", "coordinates": [ [ -82.25, 41.5 ], [ -81.232444890518124, 41.630649447506187 ] ] } },
{ "type": "Feature", "properties": { "u": 18.260365087770513, "v": 4.0098079248159753, "speed": 18.695440426280019, "direction": 77.614947210353108, "timestamp": "20240716T12" }, "geometry": { "type": "LineString", "coordinates": [ [ -82.25, 41.75 ], [ -81.147485641972821, 41.930621978595312 ] ] } },
{ "type": "Feature", "properties": { "u": 17.801290712563855, "v": 5.3937519211818188, "speed": 18.600497596044701, "direction": 73.143306913385175, "timestamp": "20240716T12" }, "geometry": { "type": "LineString", "coordinates": [ [ -82.25, 42.0 ], [ -81.170991017474591, 42.242961798251436 ] ] } },
{ "type": "Feature", "properties": { "u": 14.081823872930636, "v": 5.0652699732671422, "speed": 14.965116888628732, "direction": 70.216205120821101, "timestamp": "20240716T12" }, "geometry": { "type": "LineString", "coordinates": [ [ -82.25, 42.25 ], [ -81.39306828336376, 42.478165314111131 ] ] } },
{ "type": "Feature", "properties": { "u": 10.65426435321667, "v": 1.5334748677735246, "speed": 10.764055651951844, "direction": 81.809631162656785, "timestamp": "20240716T12" }, "geometry": { "type": "LineString", "coordinates": [ [ -82.25, 42.5 ], [ -81.599062023540725, 42.569075444494302 ] ] } },
{ "type": "Feature", "properties": { "u": 9.4219295760698749, "v": -3.7288641701376521, "speed": 10.132975127560346, "direction": 111.59189507758919, "timestamp": "20240716T12" }, "geometry": { "type": "LineString", "coordinates": [ [ -82.25, 42.75 ], [ -81.672036997760742, 42.582033145489298 ] ] } },
{ "type": "Feature", "properties": { "u": 7.6174408986259259, "v": -8.4119903367680511, "speed": 11.348435454719652, "direction": 137.83772388144274, "timestamp": "20240716T12" }, "geometry": { "type": "LineString", "coordinates": [ [ -82.25, 43.0 ], [ -81.780831706126719, 42.621081516361798 ] ] } },
{ "type": "Feature", "properties": { "u": 5.6793306019915919, "v": -11.025429575487816, "speed": 12.402213246463699, "direction": 152.74646283985055, "timestamp": "20240716T12" }, "geometry": { "type": "LineString", "coordinates": [ [ -82.25, 43.25 ], [ -81.898770045250814, 42.753359028131179 ] ] } },
{ "type": "Feature", "properties": { "u": 5.1707374269486239, "v": -10.872545659864842, "speed": 12.039467374609771, "direction": 154.5652936624918, "timestamp": "20240716T12" }, "geometry": { "type": "LineString", "coordinates": [ [ -82.25, 43.5 ], [ -81.928902219845511, 43.010245690997081 ] ] } },
{ "type": "Feature", "properties": { "u": 5.2866701742671136, "v": -8.7210738696387118, "speed": 10.198333735036357, "direction": 148.77597168905007, "timestamp": "20240716T12" }, "geometry": { "type": "LineString", "coordinates": [ [ -82.25, 43.75 ], [ -81.920334750007285, 43.357158834700961 ] ] } },
{ "type": "Feature", "properties": { "u": 5.1129008932362252, "v": -6.0027153124925512, "speed": 7.8850711263049709, "direction": 139.57681566645783, "timestamp": "20240716T12" }, "geometry": { "type": "LineString", "coordinates": [ [ -82.25, 44.0 ], [ -81.929830240258838, 43.729607418356188 ] ] } },
{ "type": "Feature", "properties": { "u": 5.1506597959462281, "v": -3.8819873052104708, "speed": 6.4497381164968308, "direction": 127.0048722680305, "timestamp": "20240716T12" }, "geometry": { "type": "LineString", "coordinates": [ [ -82.25, 44.25 ], [ -81.926097901660228, 44.075135706972503 ] ] } },
{ "type": "Feature", "properties": { "u": 6.9498495188310558, "v": -2.9257993877961108, "speed": 7.5406041132010344, "direction": 112.83048159257913, "timestamp": "20240716T12" }, "geometry": { "type": "LineString", "coordinates": [ [ -82.25, 44.5 ], [ -81.811085050835544, 44.368207234783959 ] ] } },
{ "type": "Feature", "properties": { "u": 9.6805585238073348, "v": -3.0353008094385685, "speed": 10.145258219317894, "direction": 107.40860996756614, "timestamp": "20240716T12" }, "geometry": { "type": "LineString", "coordinates": [ [ -82.25, 44.75 ], [ -81.635989616607645, 44.613274738313578 ] ] } },
{ "type": "Feature", "properties": { "u": 11.278548618988708, "v": -4.0578840735104578, "speed": 11.9863289669916, "direction": 109.7881118335529, "timestamp": "20240716T12" }, "geometry": { "type": "LineString", "coordinates": [ [ -82.25, 45.0 ], [ -81.531519080141521, 44.817212429121149 ] ] } },
{ "type": "Feature", "properties": { "u": 11.691612005665801, "v": -5.4810432156214564, "speed": 12.912614995520416, "direction": 115.11724585781202, "timestamp": "20240716T12" }, "geometry": { "type": "LineString", "coordinates": [ [ -82.25, 45.25 ], [ -81.501934411100024, 45.00310616145849 ] ] } },
{ "type": "Feature", "properties": { "u": 11.000065638102592, "v": -5.9759246074275048, "speed": 12.51851105188724, "direction": 118.51358019472836, "timestamp": "20240716T12" }, "geometry": { "type": "LineString", "coordinates": [ [ -82.25, 45.5 ], [ -81.543063342996689, 45.230814206872637 ] ] } },
{ "type": "Feature", "properties": { "u": 9.2082491546032088, "v": -5.5571445090505396, "speed": 10.755171202157653, "direction": 121.11082683141115, "timestamp": "20240716T12" }, "geometry": { "type": "LineString", "coordinates": [ [ -82.25, 45.75 ], [ -81.655572271582486, 45.499678175267995 ] ] } },
{ "type": "Feature", "properties": { "u": 6.8441397484188622, "v": -5.2479877385873106, "speed": 8.624594146987425, "direction": 127.48047074345757, "timestamp": "20240716T12" }, "geometry": { "type": "LineString", "coordinates": [ [ -82.25, 46.0 ], [ -81.806192516533841, 45.763604155919488 ] ] } },
{ "type": "Feature", "properties": { "u": 15.253251956155534, "v": 2.2124335663759451, "speed": 15.412869866562476, "direction": 81.746993256078468, "timestamp": "20240716T12" }, "geometry": { "type": "LineString", "coordinates": [ [ -82.0, 41.0 ], [ -81.089605539066255, 41.099659169656576 ] ] } },
{ "type": "Feature", "properties": { "u": 15.616286492265301, "v": 3.4639489411210458, "speed": 15.995854027691092, "direction": 77.49335017397037, "timestamp": "20240716T12" }, "geometry": { "type": "LineString", "coordinates": [ [ -82.0, 41.25 ], [ -81.064380042819039, 41.406033736086535 ] ] } },
{ "type": "Feature", "properties": { "u": 16.239369686914486, "v": 4.6381888949048697, "speed": 16.888751405983093, "direction": 74.059924487272909, "timestamp": "20240716T12" }, "geometry": { "type": "LineString", "coordinates": [ [ -82.0, 41.5 ], [ -81.023302554816482, 41.70892742769842 ] ] } },
{ "type": "Feature", "properties": { "u": 17.020165935092876, "v": 6.0276471423077531, "speed": 18.055984562750012, "direction": 70.498533474392531, "timestamp": "20240716T12" }, "geometry": { "type": "LineString", "coordinates": [ [ -82.0, 41.75 ], [ -80.972365709598421, 42.021515637040892 ] ] } },
{ "type": "Feature", "properties": { "u": 15.894865346966979, "v": 7.5729364966713959, "speed": 17.606706437628514, "direction": 64.525040671771947, "timestamp": "20240716T12" }, "geometry": { "type": "LineString", "coordinates": [ [ -82.0, 42.0 ], [ -81.036547250289871, 42.341123265615828 ] ] } },
{ "type": "Feature", "properties": { "u": 12.30304846944909, "v": 7.3634745448271284, "speed": 14.338262063929877, "direction": 59.099136159543562, "timestamp": "20240716T12" }, "geometry": { "type": "LineString", "coordinates": [ [ -82.0, 42.25 ], [ -81.25131342786851, 42.581688042559783 ] ] } },
{ "type": "Feature", "properties": { "u": 9.8117852160829599, "v": 4.2914761786521849, "speed": 10.709243526901576, "direction": 66.376405385883061, "timestamp": "20240716T12" }, "geometry": { "type": "LineString", "coordinates": [ [ -82.0, 42.5 ], [ -81.400534527559216, 42.693309737777128 ] ] } },
{ "type": "Feature", "properties": { "u": 9.3750535149570151, "v": 0.086206669833323507, "speed": 9.3754498557792747, "direction": 89.473161498803876, "timestamp": "20240716T12" }, "geometry": { "type": "LineString", "coordinates": [ [ -82.0, 42.75 ], [ -81.424912484018122, 42.753883183325826 ] ] } },
{ "type": "Feature", "properties": { "u": 7.7179718305801197, "v": -4.1496332293405276, "speed": 8.7627932256601451, "direction": 118.26507536706259, "timestamp": "20240716T12" }, "geometry": { "type": "LineString", "coordinates": [ [ -82.0, 43.0 ], [ -81.524639872615424, 42.813079584263939 ] ] } },
{ "type": "Feature", "properties": { "u": 5.6547285712653999, "v": -8.4399751271883474, "speed": 10.159189700081557, "direction": 146.17817137215224, "timestamp": "20240716T12" }, "geometry": { "type": "LineString", "coordinates": [ [ -82.0, 43.25 ], [ -81.650291522119176, 42.869820940216741 ] ] } },
{ "type": "Feature", "properties": { "u": 5.3703533035793196, "v": -11.03926706072089, "speed": 12.276241763796547, "direction": 154.05812815612879, "timestamp": "20240716T12" }, "geometry": { "type": "LineString", "coordinates": [ [ -82.0, 43.5 ], [ -81.666506267474062, 43.002735717985544 ] ] } },
{ "type": "Feature", "properties": { "u": 5.7444843998240165, "v": -10.290160286729986, "speed": 11.785011656609273, "direction": 150.82755073485293, "timestamp": "20240716T12" }, "geometry": { "type": "LineString", "coordinates": [ [ -82.0, 43.75 ], [ -81.641786450956388, 43.286479266363514 ] ] } },
{ "type": "Feature", "properties": { "u": 5.5413349391671485, "v": -7.2693675497248567, "speed": 9.1405742424109953, "direction": 142.68224456240608, "timestamp": "20240716T12" }, "geometry": { "type": "LineString", "coordinates": [ [ -82.0, 44.0 ], [ -81.653001708195546, 43.672551011273654 ] ] } },
{ "type": "Feature", "properties": { "u": 5.2922113234188455, "v": -4.4125564143596909, "speed": 6.8904393765295913, "direction": 129.82077642230192, "timestamp": "20240716T12" }, "geometry": { "type": "LineString", "coordinates": [ [ -82.0, 44.25 ], [ -81.667196355336458, 44.051236197551368 ] ] } },
{ "type": "Feature", "properties": { "u": 6.5526285378373945, "v": -2.9800500283369273, "speed": 7.1984469801667608, "direction": 114.45542170239946, "timestamp": "20240716T12" }, "geometry": { "type": "LineString", "coordinates": [ [ -82.0, 44.5 ], [ -81.586171382015451, 44.365763512237073 ] ] } },
{ "type": "Feature", "properties": { "u": 9.0473794421391389, "v": -3.0082715094811592, "speed": 9.5343994171000599, "direction": 108.39206801017396, "timestamp": "20240716T12" }, "geometry": { "type": "LineString", "coordinates": [ [ -82.0, 44.75 ], [ -81.426150370735101, 44.614492274347697 ] ] } },
{ "type": "Feature", "properties": { "u": 10.893347596821615, "v": -4.1035696144767666, "speed": 11.640631660096297, "direction": 110.64160163457777, "timestamp": "20240716T12" }, "geometry": { "type": "LineString", "coordinates": [ [ -82.0, 45.0 ], [ -81.30605766166353, 44.815154521870419 ] ] } },
{ "type": "Feature", "properties": { "u": 11.642596161661245, "v": -5.4299274674592946, "speed": 12.84656209596163, "direction": 115.0036206119786, "timestamp": "20240716T12" }, "geometry": { "type": "LineString", "coordinates": [ [ -82.0, 45.25 ], [ -81.255070596785373, 45.005408672636968 ] ] } },
{ "type": "Feature", "properties": { "u": 11.230983664320773, "v": -5.8082011110266869, "speed": 12.643978575368264, "direction": 117.3461391541893, "timestamp": "20240716T12" }, "geometry": { "type": "LineString", "coordinates": [ [ -82.0, 45.5 ], [ -81.278223029959733, 45.23836931932312 ] ] } },
{ "type": "Feature", "properties": { "u": 9.5745598781932113, "v": -5.1771163387571351, "speed": 10.884609797605666, "direction": 118.4007923771379, "timestamp": "20240716T12" }, "geometry": { "type": "LineString", "coordinates": [ [ -82.0, 45.75 ], [ -81.381925512284099, 45.516796561317243 ] ] } },
{ "type": "Feature", "properties": { "u": 7.3480775748752993, "v": -4.5637591823900232, "speed": 8.6499793017807001, "direction": 121.84367418313229, "timestamp": "20240716T12" }, "geometry": { "type": "LineString", "coordinates": [ [ -82.0, 46.0 ], [ -81.523514724027521, 45.794425262054503 ] ] } },
{ "type": "Feature", "properties": { "u": 15.463675716053874, "v": 3.6198225088273999, "speed": 15.881699583063766, "direction": 76.825112846318845, "timestamp": "20240716T12" }, "geometry": { "type": "LineString", "coordinates": [ [ -81.75, 41.0 ], [ -80.82704634014847, 41.163055067965196 ] ] } },
{ "type": "Feature", "properties": { "u": 15.704217528087185, "v": 4.707287882899819, "speed": 16.394541999762488, "direction": 73.314069709082347, "timestamp": "20240716T12" }, "geometry": { "type": "LineString", "coordinates": [ [ -81.75, 41.25 ], [ -80.809111822873717, 41.462039994725217 ] ] } },
{ "type": "Feature", "properties": { "u": 16.132733419128328, "v": 6.0387309678885304, "speed": 17.225892118412794, "direction": 69.47835002628743, "timestamp": "20240716T12" }, "geometry": { "type": "LineString", "coordinates": [ [ -81.75, 41.5 ], [ -80.779716065458743, 41.772014908463447 ] ] } },
{ "type": "Feature", "properties": { "u": 16.321135024095835, "v": 7.4152328379060481, "speed": 17.926659658595852, "direction": 65.566126838184601, "timestamp": "20240716T12" }, "geometry": { "type": "LineString", "coordinates": [ [ -81.75, 41.75 ], [ -80.764571416459944, 42.084019497202974 ] ] } },
{ "type": "Feature", "properties": { "u": 14.769264214762675, "v": 8.364946629831298, "speed": 16.973611800833531, "direction": 60.473855186534706, "timestamp": "20240716T12" }, "geometry": { "type": "LineString", "coordinates": [ [ -81.75, 42.0 ], [ -80.854774535153652, 42.37679939774015 ] ] } },
{ "type": "Feature", "properties": { "u": 11.531151127046485, "v": 7.7833538856019713, "speed": 13.912154542819769, "direction": 55.981240977758112, "timestamp": "20240716T12" }, "geometry": { "type": "LineString", "coordinates": [ [ -81.75, 42.25 ], [ -81.048286271774302, 42.600601526378469 ] ] } },
{ "type": "Feature", "properties": { "u": 9.594025963450088, "v": 5.2794105971117489, "speed": 10.950685386780602, "direction": 61.176844976786931, "timestamp": "20240716T12" }, "geometry": { "type": "LineString", "coordinates": [ [ -81.75, 42.5 ], [ -81.163838849900472, 42.737811288158184 ] ] } },
{ "type": "Feature", "properties": { "u": 9.0087183750134976, "v": 2.3893046919925633, "speed": 9.3201815256723144, "direction": 75.145921911135162, "timestamp": "20240716T12" }, "geometry": { "type": "LineString", "coordinates": [ [ -81.75, 42.75 ], [ -81.19738433074528, 42.857626337477143 ] ] } },
{ "type": "Feature", "properties": { "u": 6.8375732410838062, "v": -0.62027207335873302, "speed": 6.8656496613338822, "direction": 95.183412714719452, "timestamp": "20240716T12" }, "geometry": { "type": "LineString", "coordinates": [ [ -81.75, 43.0 ], [ -81.328864790098791, 42.972059816515369 ] ] } },
{ "type": "Feature", "properties": { "u": 4.5327026352915061, "v": -5.0724356868864682, "speed": 6.8025728204538876, "direction": 138.21618886630534, "timestamp": "20240716T12" }, "geometry": { "type": "LineString", "coordinates": [ [ -81.75, 43.25 ], [ -81.469681586959098, 43.021511905996107 ] ] } },
{ "type": "Feature", "properties": { "u": 4.7683834115881831, "v": -9.6636330958626413, "speed": 10.776051455489675, "direction": 153.73661468129183, "timestamp": "20240716T12" }, "geometry": { "type": "LineString", "coordinates": [ [ -81.75, 43.5 ], [ -81.453888014037105, 43.064701211898083 ] ] } },
{ "type": "Feature", "properties": { "u": 6.0337247513279078, "v": -10.932333322489413, "speed": 12.486862946665164, "direction": 151.10501116288503, "timestamp": "20240716T12" }, "geometry": { "type": "LineString", "coordinates": [ [ -81.75, 43.75 ], [ -81.37375005192952, 43.257552553041016 ] ] } },
{ "type": "Feature", "properties": { "u": 6.1075234118837649, "v": -8.4108406831343991, "speed": 10.39442558411849, "direction": 144.0147609095863, "timestamp": "20240716T12" }, "geometry": { "type": "LineString", "coordinates": [ [ -81.75, 44.0 ], [ -81.367546996464739, 43.62113330256151 ] ] } },
{ "type": "Feature", "properties": { "u": 5.6278286813483822, "v": -5.0344264238848924, "speed": 7.5510201353272723, "direction": 131.814519430198, "timestamp": "20240716T12" }, "geometry": { "type": "LineString", "coordinates": [ [ -81.75, 44.25 ], [ -81.396090871616067, 44.023224034960137 ] ] } },
{ "type": "Feature", "properties": { "u": 6.3366494650812673, "v": -3.1502043403246733, "speed": 7.0765043509571246, "direction": 116.43382610460056, "timestamp": "20240716T12" }, "geometry": { "type": "LineString", "coordinates": [ [ -81.75, 44.5 ], [ -81.349811453427421, 44.358098903588981 ] ] } },
{ "type": "Feature", "properties": { "u": 8.3913161807510832, "v": -2.9710143181305093, "speed": 8.9017477679313881, "direction": 109.49692638093218, "timestamp": "20240716T12" }, "geometry": { "type": "LineString", "coordinates": [ [ -81.75, 44.75 ], [ -81.217762603506984, 44.61617052621034 ] ] } },
{ "type": "Feature", "properties": { "u": 10.408720962346685, "v": -3.9228032676778941, "speed": 11.123392357949964, "direction": 110.65025174938346, "timestamp": "20240716T12" }, "geometry": { "type": "LineString", "coordinates": [ [ -81.75, 45.0 ], [ -81.086929984148298, 44.823297150104601 ] ] } },
{ "type": "Feature", "properties": { "u": 11.521071829765699, "v": -5.0123361601282852, "speed": 12.564179634530474, "direction": 113.51184162759003, "timestamp": "20240716T12" }, "geometry": { "type": "LineString", "coordinates": [ [ -81.75, 45.25 ], [ -81.012846100356739, 45.02421909188611 ] ] } },
{ "type": "Feature", "properties": { "u": 11.371352995362532, "v": -5.2705743614180713, "speed": 12.533420245263379, "direction": 114.86752480303221, "timestamp": "20240716T12" }, "geometry": { "type": "LineString", "coordinates": [ [ -81.75, 45.5 ], [ -81.019201972368165, 45.262586740476664 ] ] } },
{ "type": "Feature", "properties": { "u": 9.8569078070804395, "v": -4.6939615994013346, "speed": 10.917504614788934, "direction": 115.46427365395319, "timestamp": "20240716T12" }, "geometry": { "type": "LineString", "coordinates": [ [ -81.75, 45.75 ], [ -81.113698872759684, 45.538560288315253 ] ] } },
{ "type": "Feature", "properties": { "u": 7.7556761573167892, "v": -3.9501195556764546, "speed": 8.7036749227731196, "direction": 116.99064564690846, "timestamp": "20240716T12" }, "geometry": { "type": "LineString", "coordinates": [ [ -81.75, 46.0 ], [ -81.247084039122313, 45.822066686681239 ] ] } },
{ "type": "Feature", "properties": { "u": 15.839059968724683, "v": 5.1376698256328721, "speed": 16.651470563589129, "direction": 72.02864308657027, "timestamp": "20240716T12" }, "geometry": { "type": "LineString", "coordinates": [ [ -81.5, 41.0 ], [ -80.554641429685077, 41.231426568722199 ] ] } },
{ "type": "Feature", "properties": { "u": 15.96326072451291, "v": 5.9850942756843732, "speed": 17.048373718557624, "direction": 69.447505924222597, "timestamp": "20240716T12" }, "geometry": { "type": "LineString", "coordinates": [ [ -81.5, 41.25 ], [ -80.543591744878995, 41.519598841247046 ] ] } },
{ "type": "Feature", "properties": { "u": 16.201851688885725, "v": 7.1906365659638531, "speed": 17.725835731282903, "direction": 66.067599044343368, "timestamp": "20240716T12" }, "geometry": { "type": "LineString", "coordinates": [ [ -81.5, 41.5 ], [ -80.525559029884761, 41.823902548016392 ] ] } },
{ "type": "Feature", "properties": { "u": 16.091167131511142, "v": 8.3917217827704604, "speed": 18.14791046191403, "direction": 62.457460410236266, "timestamp": "20240716T12" }, "geometry": { "type": "LineString", "coordinates": [ [ -81.5, 41.75 ], [ -80.528456292377882, 42.128005485710382 ] ] } },
{ "type": "Feature", "properties": { "u": 14.401653926200073, "v": 8.8253783693303465, "speed": 16.890676101680416, "direction": 58.499903129104794, "timestamp": "20240716T12" }, "geometry": { "type": "LineString", "coordinates": [ [ -81.5, 42.0 ], [ -80.627056897136981, 42.397539566186055 ] ] } },
{ "type": "Feature", "properties": { "u": 11.495618000525837, "v": 7.7878135567484206, "speed": 13.885217794787669, "direction": 55.883957507105883, "timestamp": "20240716T12" }, "geometry": { "type": "LineString", "coordinates": [ [ -81.5, 42.25 ], [ -80.800448595588435, 42.600802412466145 ] ] } },
{ "type": "Feature", "properties": { "u": 9.545426133555388, "v": 5.6541930481212255, "speed": 11.094370603895678, "direction": 59.359798479050362, "timestamp": "20240716T12" }, "geometry": { "type": "LineString", "coordinates": [ [ -81.5, 42.5 ], [ -80.916808128104876, 42.754693380546001 ] ] } },
{ "type": "Feature", "properties": { "u": 8.0507413709901847, "v": 3.3111957373269005, "speed": 8.7050820693124287, "direction": 67.643086015374223, "timestamp": "20240716T12" }, "geometry": { "type": "LineString", "coordinates": [ [ -81.5, 42.75 ], [ -81.006148860967173, 42.89915296114085 ] ] } },
{ "type": "Feature", "properties": { "u": 4.8334266419761134, "v": 0.77325102269309764, "speed": 4.8948881751742199, "direction": 80.91084700048566, "timestamp": "20240716T12" }, "geometry": { "type": "LineString", "coordinates": [ [ -81.5, 43.0 ], [ -81.202302838793713, 43.034831127148337 ] ] } },
{ "type": "Feature", "properties": { "u": 2.4808265665429712, "v": -2.9961553280074487, "speed": 3.8899160920015756, "direction": 140.37513045111572, "timestamp": "20240716T12" }, "geometry": { "type": "LineString", "coordinates": [ [ -81.5, 43.25 ], [ -81.346576883127412, 43.11503804828795 ] ] } },
{ "type": "Feature", "properties": { "u": 3.4583356443687965, "v": -7.8410477780059233, "speed": 8.5698375530743505, "direction": 156.19986840309812, "timestamp": "20240716T12" }, "geometry": { "type": "LineString", "coordinates": [ [ -81.5, 43.5 ], [ -81.285240710029385, 43.14679964963937 ] ] } },
{ "type": "Feature", "properties": { "u": 5.7908902634361148, "v": -10.347147938431618, "speed": 11.857397712101458, "direction": 150.76598274629347, "timestamp": "20240716T12" }, "geometry": { "type": "LineString", "coordinates": [ [ -81.5, 43.75 ], [ -81.138892682265606, 43.283912255025605 ] ] } },
{ "type": "Feature", "properties": { "u": 6.531037597388293, "v": -8.9502471609610463, "speed": 11.079773298257988, "direction": 143.881594205102, "timestamp": "20240716T12" }, "geometry": { "type": "LineString", "coordinates": [ [ -81.5, 44.0 ], [ -81.091026545970706, 43.59683571347022 ] ] } },
{ "type": "Feature", "properties": { "u": 6.0589636363865891, "v": -5.8369244755270655, "speed": 8.4131282933319103, "direction": 133.93068683911383, "timestamp": "20240716T12" }, "geometry": { "type": "LineString", "coordinates": [ [ -81.5, 44.25 ], [ -81.118978710817871, 43.987075474075354 ] ] } },
{ "type": "Feature", "properties": { "u": 6.3696320489033829, "v": -3.5185147338507319, "speed": 7.2768233708632639, "direction": 118.91577802174358, "timestamp": "20240716T12" }, "geometry": { "type": "LineString", "coordinates": [ [ -81.5, 44.5 ], [ -81.09772845162108, 44.34150834532204 ] ] } },
{ "type": "Feature", "properties": { "u": 7.9693709317183714, "v": -2.9113988128203259, "speed": 8.4845221488666844, "direction": 110.06843868083763, "timestamp": "20240716T12" }, "geometry": { "type": "LineString", "coordinates": [ [ -81.5, 44.75 ], [ -80.994525394464972, 44.618855909332417 ] ] } },
{ "type": "Feature", "properties": { "u": 10.108369100441005, "v": -3.5350453383480831, "speed": 10.708672719573, "direction": 109.27548271105044, "timestamp": "20240716T12" }, "geometry": { "type": "LineString", "coordinates": [ [ -81.5, 45.0 ], [ -80.856063393003751, 44.840763723497837 ] ] } },
{ "type": "Feature", "properties": { "u": 11.424933594306077, "v": -4.3696567662556882, "speed": 12.232048393020186, "direction": 110.93018860048821, "timestamp": "20240716T12" }, "geometry": { "type": "LineString", "coordinates": [ [ -81.5, 45.25 ], [ -80.768997322762175, 45.053168614132623 ] ] } },
{ "type": "Feature", "properties": { "u": 11.421647463317163, "v": -4.6162912243178473, "speed": 12.319260344842679, "direction": 112.00709842330681, "timestamp": "20240716T12" }, "geometry": { "type": "LineString", "coordinates": [ [ -81.5, 45.5 ], [ -80.765969718651561, 45.292058953859559 ] ] } },
{ "type": "Feature", "properties": { "u": 10.045657194113945, "v": -4.1625076735886681, "speed": 10.873899879727503, "direction": 112.50710838907217, "timestamp": "20240716T12" }, "geometry": { "type": "LineString", "coordinates": [ [ -81.5, 45.75 ], [ -80.851514377369654, 45.562499654342851 ] ] } },
{ "type": "Feature", "properties": { "u": 8.1362776781189403, "v": -3.5203800256373778, "speed": 8.865217988316088, "direction": 113.39702402252212, "timestamp": "20240716T12" }, "geometry": { "type": "LineString", "coordinates": [ [ -81.5, 46.0 ], [ -80.972403975687072, 45.841424323169484 ] ] } },
{ "type": "Feature", "properties": { "u": 16.091684510235819, "v": 6.5492920227005715, "speed": 17.373414643517052, "direction": 67.853748852666143, "timestamp": "20240716T12" }, "geometry": { "type": "LineString", "coordinates": [ [ -81.25, 41.0 ], [ -80.289563465723774, 41.295013154175699 ] ] } },
{ "type": "Feature", "properties": { "u": 16.296581850477384, "v": 7.059521709163171, "speed": 17.759938816658547, "direction": 66.578205599550856, "timestamp": "20240716T12" }, "geometry": { "type": "LineString", "coordinates": [ [ -81.25, 41.25 ], [ -80.273621446706201, 41.567996473385726 ] ] } },
{ "type": "Feature", "properties": { "u": 16.240180951098353, "v": 8.1905696388926206, "speed": 18.188702766661709, "direction": 63.23637247949501, "timestamp": "20240716T12" }, "geometry": { "type": "LineString", "coordinates": [ [ -81.25, 41.5 ], [ -80.273253762303526, 41.868944578328495 ] ] } },
{ "type": "Feature", "properties": { "u": 16.044297829149794, "v": 9.1415741186563366, "speed": 18.465856876878153, "direction": 60.326768027535238, "timestamp": "20240716T12" }, "geometry": { "type": "LineString", "coordinates": [ [ -81.25, 41.75 ], [ -80.281286141537834, 42.161782617957492 ] ] } },
{ "type": "Feature", "properties": { "u": 14.242533023821482, "v": 9.1585639285617937, "speed": 16.933075331084979, "direction": 57.257231582604959, "timestamp": "20240716T12" }, "geometry": { "type": "LineString", "coordinates": [ [ -81.25, 42.0 ], [ -80.386701865344421, 42.41254792470999 ] ] } },
{ "type": "Feature", "properties": { "u": 11.537171711763991, "v": 7.7245083155118746, "speed": 13.884320646799372, "direction": 56.196416395821352, "timestamp": "20240716T12" }, "geometry": { "type": "LineString", "coordinates": [ [ -81.25, 42.25 ], [ -80.54791989664821, 42.597950825023055 ] ] } },
{ "type": "Feature", "properties": { "u": 9.1577810977538192, "v": 5.7772013602055718, "speed": 10.827788795074378, "direction": 57.754153895015996, "timestamp": "20240716T12" }, "geometry": { "type": "LineString", "coordinates": [ [ -81.25, 42.5 ], [ -80.690491872643548, 42.760234295504759 ] ] } },
{ "type": "Feature", "properties": { "u": 6.4823313916553795, "v": 3.5535011652176682, "speed": 7.3924279369124788, "direction": 61.269214117597691, "timestamp": "20240716T12" }, "geometry": { "type": "LineString", "coordinates": [ [ -81.25, 42.75 ], [ -80.852358765008546, 42.910067620054853 ] ] } },
{ "type": "Feature", "properties": { "u": 2.7997901561905527, "v": 0.93345789005404334, "speed": 2.9512994682352498, "direction": 71.561468888137284, "timestamp": "20240716T12" }, "geometry": { "type": "LineString", "coordinates": [ [ -81.25, 43.0 ], [ -81.077557208744466, 43.042047652705136 ] ] } },
{ "type": "Feature", "properties": { "u": 0.66704184318214566, "v": -2.3497460799700312, "speed": 2.4425911366600759, "direction": 164.1519080326176, "timestamp": "20240716T12" }, "geometry": { "type": "LineString", "coordinates": [ [ -81.25, 43.25 ], [ -81.208747765746452, 43.144155581983334 ] ] } },
{ "type": "Feature", "properties": { "u": 2.2223843026884444, "v": -6.2605321051393421, "speed": 6.6432864027013352, "direction": 160.45598778323051, "timestamp": "20240716T12" }, "geometry": { "type": "LineString", "coordinates": [ [ -81.25, 43.5 ], [ -81.111992089846936, 43.217994049318051 ] ] } },
{ "type": "Feature", "properties": { "u": 5.1192454961116294, "v": -9.3757585038409896, "speed": 10.682299470236071, "direction": 151.36507675440541, "timestamp": "20240716T12" }, "geometry": { "type": "LineString", "coordinates": [ [ -81.25, 43.75 ], [ -80.930774988675424, 43.327668535863019 ] ] } },
{ "type": "Feature", "properties": { "u": 6.4959612425718012, "v": -9.2093679913921829, "speed": 11.269870064285296, "direction": 144.80221525520221, "timestamp": "20240716T12" }, "geometry": { "type": "LineString", "coordinates": [ [ -81.25, 44.0 ], [ -80.843223026663111, 43.58516360399134 ] ] } },
{ "type": "Feature", "properties": { "u": 6.4444831917203826, "v": -6.4994786959779338, "speed": 9.1528458376527659, "direction": 135.24343329756772, "timestamp": "20240716T12" }, "geometry": { "type": "LineString", "coordinates": [ [ -81.25, 44.25 ], [ -80.844735099732958, 43.957230689370363 ] ] } },
{ "type": "Feature", "properties": { "u": 6.5514725520774109, "v": -3.9958339323781091, "speed": 7.673883072849625, "direction": 121.37959403188219, "timestamp": "20240716T12" }, "geometry": { "type": "LineString", "coordinates": [ [ -81.25, 44.5 ], [ -80.83624438783086, 44.320007480523508 ] ] } },
{ "type": "Feature", "properties": { "u": 8.0212328543732436, "v": -2.950225299644134, "speed": 8.5465786033205742, "direction": 110.19362187438307, "timestamp": "20240716T12" }, "geometry": { "type": "LineString", "coordinates": [ [ -81.25, 44.75 ], [ -80.741235939736256, 44.617106968484499 ] ] } },
{ "type": "Feature", "properties": { "u": 10.050323844775535, "v": -3.083838756249508, "speed": 10.51280508995626, "direction": 107.05809449328248, "timestamp": "20240716T12" }, "geometry": { "type": "LineString", "coordinates": [ [ -81.25, 45.0 ], [ -80.609761068129586, 44.861088344313082 ] ] } },
{ "type": "Feature", "properties": { "u": 11.354994596993748, "v": -3.7141229508158351, "speed": 11.946991738154594, "direction": 108.11248410100413, "timestamp": "20240716T12" }, "geometry": { "type": "LineString", "coordinates": [ [ -81.25, 45.25 ], [ -80.523472236673626, 45.082697164377663 ] ] } },
{ "type": "Feature", "properties": { "u": 11.2269242356909, "v": -3.8810231904269701, "speed": 11.878811758697738, "direction": 109.06970004709669, "timestamp": "20240716T12" }, "geometry": { "type": "LineString", "coordinates": [ [ -81.25, 45.5 ], [ -80.528483915576189, 45.325179135566351 ] ] } },
{ "type": "Feature", "properties": { "u": 9.9286241586944364, "v": -3.5377740023870525, "speed": 10.540086459634784, "direction": 109.61203422063907, "timestamp": "20240716T12" }, "geometry": { "type": "LineString", "coordinates": [ [ -81.25, 45.75 ], [ -80.609069307761558, 45.590640810703285 ] ] } },
{ "type": "Feature", "properties": { "u": 8.2747247021986148, "v": -3.0886032402740016, "speed": 8.8323574923690114, "direction": 110.46846712430167, "timestamp": "20240716T12" }, "geometry": { "type": "LineString", "coordinates": [ [ -81.25, 46.0 ], [ -80.713426393754389, 45.860873727915589 ] ] } },
{ "type": "Feature", "properties": { "u": 15.990866043368642, "v": 7.7537474779274573, "speed": 17.771561461177988, "direction": 64.131901711508277, "timestamp": "20240716T12" }, "geometry": { "type": "LineString", "coordinates": [ [ -81.0, 41.0 ], [ -80.045580843136761, 41.34926790441115 ] ] } },
{ "type": "Feature", "properties": { "u": 16.11510671694478, "v": 8.1747562913711, "speed": 18.069955863859494, "direction": 63.102556143901523, "timestamp": "20240716T12" }, "geometry": { "type": "LineString", "coordinates": [ [ -81.0, 41.25 ], [ -80.034494182471462, 41.618232265377074 ] ] } },
{ "type": "Feature", "properties": { "u": 16.038212945821488, "v": 9.0827780533511469, "speed": 18.431525483853832, "direction": 60.47620790742625, "timestamp": "20240716T12" }, "geometry": { "type": "LineString", "coordinates": [ [ -81.0, 41.5 ], [ -80.035400886149205, 41.909134146547352 ] ] } },
{ "type": "Feature", "properties": { "u": 15.629499058514742, "v": 9.8230723436207708, "speed": 18.460064763919995, "direction": 57.850816676889821, "timestamp": "20240716T12" }, "geometry": { "type": "LineString", "coordinates": [ [ -81.0, 41.75 ], [ -80.056330635342803, 42.192480736199137 ] ] } },
{ "type": "Feature", "properties": { "u": 13.741763019120004, "v": 9.3505427618164276, "speed": 16.621332702711047, "direction": 55.76678454814072, "timestamp": "20240716T12" }, "geometry": { "type": "LineString", "coordinates": [ [ -81.0, 42.0 ], [ -80.167055581935927, 42.421195619901638 ] ] } },
{ "type": "Feature", "properties": { "u": 11.315390008946004, "v": 7.6093761478399067, "speed": 13.636005881997482, "direction": 56.079947952127611, "timestamp": "20240716T12" }, "geometry": { "type": "LineString", "coordinates": [ [ -81.0, 42.25 ], [ -80.311416143798382, 42.592764691344144 ] ] } },
{ "type": "Feature", "properties": { "u": 8.6682470850145315, "v": 5.7560136384876293, "speed": 10.405296753736462, "direction": 56.414474479678233, "timestamp": "20240716T12" }, "geometry": { "type": "LineString", "coordinates": [ [ -81.0, 42.5 ], [ -80.470400674330477, 42.759279893625568 ] ] } },
{ "type": "Feature", "properties": { "u": 5.1364103884823091, "v": 3.7211042255639191, "speed": 6.3426594056766632, "direction": 54.078317070830231, "timestamp": "20240716T12" }, "geometry": { "type": "LineString", "coordinates": [ [ -81.0, 42.75 ], [ -80.684920679475255, 42.917617307457832 ] ] } },
{ "type": "Feature", "properties": { "u": 1.3585457716741156, "v": 1.115108341828962, "speed": 1.7575873314717978, "direction": 50.620498353721345, "timestamp": "20240716T12" }, "geometry": { "type": "LineString", "coordinates": [ [ -81.0, 43.0 ], [ -80.916325363028406, 43.050230105487792 ] ] } },
{ "type": "Feature", "properties": { "u": -0.23771579661692821, "v": -1.8058030293104861, "speed": 1.8213822719649353, "direction": -172.50070742108645, "timestamp": "20240716T12" }, "geometry": { "type": "LineString", "coordinates": [ [ -81.0, 43.25 ], [ -81.014701188280824, 43.168657521202228 ] ] } },
{ "type": "Feature", "properties": { "u": 1.2935263905652934, "v": -5.2074519037172626, "speed": 5.3657027361397329, "direction": 166.05011798104175, "timestamp": "20240716T12" }, "geometry": { "type": "LineString", "coordinates": [ [ -81.0, 43.5 ], [ -80.919673265477172, 43.265430094427153 ] ] } },
{ "type": "Feature", "properties": { "u": 4.0298078330823923, "v": -8.592710867009254, "speed": 9.4907339661161689, "direction": 154.87437132685045, "timestamp": "20240716T12" }, "geometry": { "type": "LineString", "coordinates": [ [ -81.0, 43.75 ], [ -80.74870995107996, 43.362940951936523 ] ] } },
{ "type": "Feature", "properties": { "u": 5.811466927940991, "v": -9.2239841470246748, "speed": 10.902065464815115, "direction": 147.78748520526625, "timestamp": "20240716T12" }, "geometry": { "type": "LineString", "coordinates": [ [ -81.0, 44.0 ], [ -80.636086048035082, 43.584505218602494 ] ] } },
{ "type": "Feature", "properties": { "u": 6.4806564941697991, "v": -6.886389937352881, "speed": 9.4562823014491393, "direction": 136.73857992562927, "timestamp": "20240716T12" }, "geometry": { "type": "LineString", "coordinates": [ [ -81.0, 44.25 ], [ -80.592460321543086, 43.939802255074191 ] ] } },
{ "type": "Feature", "properties": { "u": 6.9791232627410285, "v": -4.2697542601254366, "speed": 8.1816234916055812, "direction": 121.45785664236053, "timestamp": "20240716T12" }, "geometry": { "type": "LineString", "coordinates": [ [ -81.0, 44.5 ], [ -80.559236279321098, 44.30766872702138 ] ] } },
{ "type": "Feature", "properties": { "u": 8.287498124281262, "v": -2.9941125407669684, "speed": 8.8117725269518541, "direction": 109.86380616125952, "timestamp": "20240716T12" }, "geometry": { "type": "LineString", "coordinates": [ [ -81.0, 44.75 ], [ -80.474347488511228, 44.615130065731215 ] ] } },
{ "type": "Feature", "properties": { "u": 10.099972361581226, "v": -2.7387879734541203, "speed": 10.464721748247374, "direction": 105.17192410944421, "timestamp": "20240716T12" }, "geometry": { "type": "LineString", "coordinates": [ [ -81.0, 45.0 ], [ -80.356598293092716, 44.876631172366935 ] ] } },
{ "type": "Feature", "properties": { "u": 11.13056846254144, "v": -3.0085202952225027, "speed": 11.529993437382686, "direction": 105.12524760781922, "timestamp": "20240716T12" }, "geometry": { "type": "LineString", "coordinates": [ [ -81.0, 45.25 ], [ -80.287831716645442, 45.114481067782769 ] ] } },
{ "type": "Feature", "properties": { "u": 10.864480272308965, "v": -3.0472186692954457, "speed": 11.283726033801662, "direction": 105.66749769331038, "timestamp": "20240716T12" }, "geometry": { "type": "LineString", "coordinates": [ [ -81.0, 45.5 ], [ -80.301776951477422, 45.362737897779482 ] ] } },
{ "type": "Feature", "properties": { "u": 9.5513718134755781, "v": -2.7019499431722358, "speed": 9.9261894508751034, "direction": 105.79546869792543, "timestamp": "20240716T12" }, "geometry": { "type": "LineString", "coordinates": [ [ -81.0, 45.75 ], [ -80.383422390616232, 45.628290543100348 ] ] } },
{ "type": "Feature", "properties": { "u": 8.0689991910789605, "v": -2.4418077407980672, "speed": 8.4303720551737378, "direction": 106.83665153323784, "timestamp": "20240716T12" }, "geometry": { "type": "LineString", "coordinates": [ [ -81.0, 46.0 ], [ -80.476766641722861, 45.890008660324412 ] ] } },
{ "type": "Feature", "properties": { "u": 15.211331890216563, "v": 8.5279984401389903, "speed": 17.43878938657533, "direction": 60.723503085564118, "timestamp": "20240716T12" }, "geometry": { "type": "LineString", "coordinates": [ [ -80.75, 41.0 ], [ -79.842107549519, 41.384144073880137 ] ] } },
{ "type": "Feature", "properties": { "u": 15.374038555936458, "v": 9.0561999972777869, "speed": 17.843088855635813, "direction": 59.499448849423821, "timestamp": "20240716T12" }, "geometry": { "type": "LineString", "coordinates": [ [ -80.75, 41.25 ], [ -79.828893864906476, 41.657936936814316 ] ] } },
{ "type": "Feature", "properties": { "u": 15.154954868677189, "v": 9.9547723780368198, "speed": 18.132020024535802, "direction": 56.700455010925296, "timestamp": "20240716T12" }, "geometry": { "type": "LineString", "coordinates": [ [ -80.75, 41.5 ], [ -79.838523385606791, 41.948413170181837 ] ] } },
{ "type": "Feature", "properties": { "u": 14.370630298382506, "v": 10.431252230131443, "speed": 17.757422061251219, "direction": 54.025116453661546, "timestamp": "20240716T12" }, "geometry": { "type": "LineString", "coordinates": [ [ -80.75, 41.75 ], [ -79.882337926338721, 42.2198762265825 ] ] } },
{ "type": "Feature", "properties": { "u": 12.544142786953891, "v": 9.5319003882041322, "speed": 15.754765731997839, "direction": 52.769938053945516, "timestamp": "20240716T12" }, "geometry": { "type": "LineString", "coordinates": [ [ -80.75, 42.0 ], [ -79.989648238784639, 42.429364882351535 ] ] } },
{ "type": "Feature", "properties": { "u": 10.548941350345581, "v": 7.6139467045242322, "speed": 13.009702073159334, "direction": 54.179245830826176, "timestamp": "20240716T12" }, "geometry": { "type": "LineString", "coordinates": [ [ -80.75, 42.25 ], [ -80.108057414890439, 42.592970572275867 ] ] } },
{ "type": "Feature", "properties": { "u": 8.0915981883827026, "v": 5.8332378591791736, "speed": 9.9750000082205244, "direction": 54.21214433922664, "timestamp": "20240716T12" }, "geometry": { "type": "LineString", "coordinates": [ [ -80.75, 42.5 ], [ -80.25563188818596, 42.762758462125191 ] ] } },
{ "type": "Feature", "properties": { "u": 4.43290486995161, "v": 3.8911707133826821, "speed": 5.8984620967441836, "direction": 48.723581066611793, "timestamp": "20240716T12" }, "geometry": { "type": "LineString", "coordinates": [ [ -80.75, 42.75 ], [ -80.47807533885782, 42.925277960062282 ] ] } },
{ "type": "Feature", "properties": { "u": 0.90660280983937414, "v": 1.5732578130668555, "speed": 1.815783247302539, "direction": 29.953052171359637, "timestamp": "20240716T12" }, "geometry": { "type": "LineString", "coordinates": [ [ -80.75, 43.0 ], [ -80.694161129810695, 43.070867469057063 ] ] } },
{ "type": "Feature", "properties": { "u": -0.51438301708084389, "v": -0.87736502877988154, "speed": 1.0170345529956759, "direction": -149.61768641955305, "timestamp": "20240716T12" }, "geometry": { "type": "LineString", "coordinates": [ [ -80.75, 43.25 ], [ -80.781811270812398, 43.210479052757663 ] ] } },
{ "type": "Feature", "properties": { "u": 0.5347924146596994, "v": -4.1787086805164533, "speed": 4.212791136930611, "direction": 172.70691390080029, "timestamp": "20240716T12" }, "geometry": { "type": "LineString", "coordinates": [ [ -80.75, 43.5 ], [ -80.716789909637313, 43.311769879256019 ] ] } },
{ "type": "Feature", "properties": { "u": 3.0202315067493912, "v": -7.914077108737704, "speed": 8.4707977686524796, "direction": 159.11175736080466, "timestamp": "20240716T12" }, "geometry": { "type": "LineString", "coordinates": [ [ -80.75, 43.75 ], [ -80.561664934280401, 43.39351004014695 ] ] } },
{ "type": "Feature", "properties": { "u": 5.2776937144694633, "v": -9.4439446222335324, "speed": 10.818601618118866, "direction": 150.80161128877805, "timestamp": "20240716T12" }, "geometry": { "type": "LineString", "coordinates": [ [ -80.75, 44.0 ], [ -80.41951091682914, 43.574597089088577 ] ] } },
{ "type": "Feature", "properties": { "u": 6.5332220599876436, "v": -7.2904022870446132, "speed": 9.789430830852961, "direction": 138.13520691949878, "timestamp": "20240716T12" }, "geometry": { "type": "LineString", "coordinates": [ [ -80.75, 44.25 ], [ -80.339154706778515, 43.921603500583579 ] ] } },
{ "type": "Feature", "properties": { "u": 7.4036820505561423, "v": -4.4192886940193681, "speed": 8.6223326580928568, "direction": 120.83315341105788, "timestamp": "20240716T12" }, "geometry": { "type": "LineString", "coordinates": [ [ -80.75, 44.5 ], [ -80.2824234399544, 44.30093294171084 ] ] } },
{ "type": "Feature", "properties": { "u": 8.4714717150887822, "v": -3.0372806896095632, "speed": 8.9994948195453954, "direction": 109.72430342436044, "timestamp": "20240716T12" }, "geometry": { "type": "LineString", "coordinates": [ [ -80.75, 44.75 ], [ -80.212678565199838, 44.61318555452209 ] ] } },
{ "type": "Feature", "properties": { "u": 9.8427111002670831, "v": -2.4752566885604965, "speed": 10.149180138197584, "direction": 104.11608934609329, "timestamp": "20240716T12" }, "geometry": { "type": "LineString", "coordinates": [ [ -80.75, 45.0 ], [ -80.1229866879046, 44.888501950965747 ] ] } },
{ "type": "Feature", "properties": { "u": 10.682194457086249, "v": -2.2377229739936531, "speed": 10.914058939154726, "direction": 101.8313274723357, "timestamp": "20240716T12" }, "geometry": { "type": "LineString", "coordinates": [ [ -80.75, 45.25 ], [ -80.066520075810615, 45.14920166783812 ] ] } },
{ "type": "Feature", "properties": { "u": 10.429488992389304, "v": -1.8786636497879015, "speed": 10.597340126248854, "direction": 100.21118717635689, "timestamp": "20240716T12" }, "geometry": { "type": "LineString", "coordinates": [ [ -80.75, 45.5 ], [ -80.079732355687625, 45.415375511270817 ] ] } },
{ "type": "Feature", "properties": { "u": 9.2020603096702658, "v": -1.4509547301452712, "speed": 9.3157492222440048, "direction": 98.960463171126023, "timestamp": "20240716T12" }, "geometry": { "type": "LineString", "coordinates": [ [ -80.75, 45.75 ], [ -80.155971785211335, 45.684641678822288 ] ] } },
{ "type": "Feature", "properties": { "u": 7.8821964280501646, "v": -1.4088759332773126, "speed": 8.0071188280014169, "direction": 100.13411688550967, "timestamp": "20240716T12" }, "geometry": { "type": "LineString", "coordinates": [ [ -80.75, 46.0 ], [ -80.238879846188553, 45.936537120122644 ] ] } },
{ "type": "Feature", "properties": { "u": 13.616555573778854, "v": 8.9238218300720309, "speed": 16.28020828333219, "direction": 56.760546007665354, "timestamp": "20240716T12" }, "geometry": { "type": "LineString", "coordinates": [ [ -80.5, 41.0 ], [ -79.68729220450841, 41.401973956309554 ] ] } },
{ "type": "Feature", "properties": { "u": 13.97308418618403, "v": 9.5194990115634432, "speed": 16.907629730548972, "direction": 55.73441287264567, "timestamp": "20240716T12" }, "geometry": { "type": "LineString", "coordinates": [ [ -80.5, 41.25 ], [ -79.662829368272753, 41.678806261782135 ] ] } },
{ "type": "Feature", "properties": { "u": 13.648805496465501, "v": 10.464795971387771, "speed": 17.198890842235166, "direction": 52.521938699826379, "timestamp": "20240716T12" }, "geometry": { "type": "LineString", "coordinates": [ [ -80.5, 41.5 ], [ -79.679108936170934, 41.971387205918369 ] ] } },
{ "type": "Feature", "properties": { "u": 12.774616982367824, "v": 10.559779753188886, "speed": 16.574069732025936, "direction": 50.422114764005016, "timestamp": "20240716T12" }, "geometry": { "type": "LineString", "coordinates": [ [ -80.5, 41.75 ], [ -79.728701147339549, 42.225665754648148 ] ] } },
{ "type": "Feature", "properties": { "u": 11.266088095044799, "v": 9.4773189779563651, "speed": 14.72223882346846, "direction": 49.92860246607912, "timestamp": "20240716T12" }, "geometry": { "type": "LineString", "coordinates": [ [ -80.5, 42.0 ], [ -79.817116356967517, 42.426906260268304 ] ] } },
{ "type": "Feature", "properties": { "u": 9.4906770417692297, "v": 7.650626448048329, "speed": 12.190366514536883, "direction": 51.127011207432318, "timestamp": "20240716T12" }, "geometry": { "type": "LineString", "coordinates": [ [ -80.5, 42.25 ], [ -79.922456761082131, 42.594622812975153 ] ] } },
{ "type": "Feature", "properties": { "u": 7.4149126672281866, "v": 6.0275938588752043, "speed": 9.5557740445330275, "direction": 50.892286088461908, "timestamp": "20240716T12" }, "geometry": { "type": "LineString", "coordinates": [ [ -80.5, 42.5 ], [ -80.046974986990023, 42.771513236886271 ] ] } },
{ "type": "Feature", "properties": { "u": 4.0266768726361395, "v": 4.0749791284406021, "speed": 5.7288377122981311, "direction": 44.658405317655323, "timestamp": "20240716T12" }, "geometry": { "type": "LineString", "coordinates": [ [ -80.5, 42.75 ], [ -80.252994305936326, 42.933557618398225 ] ] } },
{ "type": "Feature", "properties": { "u": 0.78272280091420476, "v": 1.8652182682063181, "speed": 2.0227936551021592, "direction": 22.764938003678651, "timestamp": "20240716T12" }, "geometry": { "type": "LineString", "coordinates": [ [ -80.5, 43.0 ], [ -80.451791063958652, 43.084018840910197 ] ] } },
{ "type": "Feature", "properties": { "u": -0.49125530971408743, "v": -0.179302291633536, "speed": 0.52295419599360859, "direction": -110.05147528578635, "timestamp": "20240716T12" }, "geometry": { "type": "LineString", "coordinates": [ [ -80.5, 43.25 ], [ -80.530380971331496, 43.24192332019669 ] ] } },
{ "type": "Feature", "properties": { "u": 0.24344447813595727, "v": -3.0102553828515299, "speed": 3.0200832246680718, "direction": 175.37645492439722, "timestamp": "20240716T12" }, "geometry": { "type": "LineString", "coordinates": [ [ -80.5, 43.5 ], [ -80.484882333975634, 43.364402910682365 ] ] } },
{ "type": "Feature", "properties": { "u": 2.7285118521210592, "v": -7.122610685254319, "speed": 7.6273429122377925, "direction": 159.03928816261765, "timestamp": "20240716T12" }, "geometry": { "type": "LineString", "coordinates": [ [ -80.5, 43.75 ], [ -80.329855937255957, 43.429161680844402 ] ] } },
{ "type": "Feature", "properties": { "u": 5.4675271650919468, "v": -8.998402426887683, "speed": 10.529249713879738, "direction": 148.71667938583613, "timestamp": "20240716T12" }, "geometry": { "type": "LineString", "coordinates": [ [ -80.5, 44.0 ], [ -80.157623549648406, 43.594666557347402 ] ] } },
{ "type": "Feature", "properties": { "u": 7.0412203396772215, "v": -7.5560083077107656, "speed": 10.328215984286846, "direction": 137.01976416308358, "timestamp": "20240716T12" }, "geometry": { "type": "LineString", "coordinates": [ [ -80.5, 44.25 ], [ -80.057208953173514, 43.909639265418434 ] ] } },
{ "type": "Feature", "properties": { "u": 7.9173024351901384, "v": -4.5430888763067552, "speed": 9.1281616105484176, "direction": 119.84797010151372, "timestamp": "20240716T12" }, "geometry": { "type": "LineString", "coordinates": [ [ -80.5, 44.5 ], [ -79.999985951286391, 44.295356356923122 ] ] } },
{ "type": "Feature", "properties": { "u": 8.7927332482824863, "v": -3.2614751745792541, "speed": 9.3781329852934512, "direction": 110.3512516815094, "timestamp": "20240716T12" }, "geometry": { "type": "LineString", "coordinates": [ [ -80.5, 44.75 ], [ -79.942301856905544, 44.603086703847779 ] ] } },
{ "type": "Feature", "properties": { "u": 9.6845468542600361, "v": -2.3217248388903431, "speed": 9.9589584796743864, "direction": 103.4813759608531, "timestamp": "20240716T12" }, "geometry": { "type": "LineString", "coordinates": [ [ -80.5, 45.0 ], [ -79.883062274471527, 44.895417800049984 ] ] } },
{ "type": "Feature", "properties": { "u": 10.300822958031613, "v": -1.3455838535469835, "speed": 10.388337187425016, "direction": 97.442336537387945, "timestamp": "20240716T12" }, "geometry": { "type": "LineString", "coordinates": [ [ -80.5, 45.25 ], [ -79.840921406858172, 45.189388114705089 ] ] } },
{ "type": "Feature", "properties": { "u": 10.146694685842027, "v": -0.47431458780756763, "speed": 10.157774725593294, "direction": 92.676384376635582, "timestamp": "20240716T12" }, "geometry": { "type": "LineString", "coordinates": [ [ -80.5, 45.5 ], [ -79.847906580121133, 45.478634478026684 ] ] } },
{ "type": "Feature", "properties": { "u": 9.0976992866786226, "v": 0.22365682141321175, "speed": 9.1004480485631785, "direction": 88.591730625099288, "timestamp": "20240716T12" }, "geometry": { "type": "LineString", "coordinates": [ [ -80.5, 45.75 ], [ -79.91270868869762, 45.760074631595188 ] ] } },
{ "type": "Feature", "properties": { "u": 7.8344073559634708, "v": 0.14275650882107394, "speed": 7.8357078837833996, "direction": 88.956086913167141, "timestamp": "20240716T12" }, "geometry": { "type": "LineString", "coordinates": [ [ -80.5, 46.0 ], [ -79.991978723271657, 46.006430473370315 ] ] } },
{ "type": "Feature", "properties": { "u": 12.327200895720063, "v": 8.9272653414382077, "speed": 15.220247974323064, "direction": 54.088229256799423, "timestamp": "20240716T12" }, "geometry": { "type": "LineString", "coordinates": [ [ -80.25, 41.0 ], [ -79.514247686556303, 41.402129069434153 ] ] } },
{ "type": "Feature", "properties": { "u": 12.660210140771786, "v": 9.5072712473744101, "speed": 15.832533826891163, "direction": 53.095032258599744, "timestamp": "20240716T12" }, "geometry": { "type": "LineString", "coordinates": [ [ -80.25, 41.25 ], [ -79.491487707357464, 41.678255461593444 ] ] } },
{ "type": "Feature", "properties": { "u": 12.383223417293765, "v": 10.195904559734199, "speed": 16.040595125924142, "direction": 50.533176400740267, "timestamp": "20240716T12" }, "geometry": { "type": "LineString", "coordinates": [ [ -80.25, 41.5 ], [ -79.505225854944769, 41.95927498016821 ] ] } },
{ "type": "Feature", "properties": { "u": 11.569888361124395, "v": 10.087121056852617, "speed": 15.349668657807607, "direction": 48.916696548792963, "timestamp": "20240716T12" }, "geometry": { "type": "LineString", "coordinates": [ [ -80.25, 41.75 ], [ -79.551439594575569, 42.20437482238075 ] ] } },
{ "type": "Feature", "properties": { "u": 10.004712407570144, "v": 9.0237752332069903, "speed": 13.473039368220812, "direction": 47.95104126516334, "timestamp": "20240716T12" }, "geometry": { "type": "LineString", "coordinates": [ [ -80.25, 42.0 ], [ -79.643573492525888, 42.406476361856171 ] ] } },
{ "type": "Feature", "properties": { "u": 8.7305232451068608, "v": 7.5532415952368952, "speed": 11.544414005455975, "direction": 49.135168494829045, "timestamp": "20240716T12" }, "geometry": { "type": "LineString", "coordinates": [ [ -80.25, 42.25 ], [ -79.718714966252094, 42.590236107893553 ] ] } },
{ "type": "Feature", "properties": { "u": 6.8620082850025552, "v": 6.1583360984855267, "speed": 9.2202093905373772, "direction": 48.093486729896135, "timestamp": "20240716T12" }, "geometry": { "type": "LineString", "coordinates": [ [ -80.25, 42.5 ], [ -79.830755494757582, 42.777402526958809 ] ] } },
{ "type": "Feature", "properties": { "u": 3.8216901083540535, "v": 4.3800981900935989, "speed": 5.8129661481168498, "direction": 41.105102124378902, "timestamp": "20240716T12" }, "geometry": { "type": "LineString", "coordinates": [ [ -80.25, 42.75 ], [ -80.015568669260446, 42.947301720274488 ] ] } },
{ "type": "Feature", "properties": { "u": 1.0659274937287928, "v": 2.078014516008369, "speed": 2.3354540780388815, "direction": 27.155772770107301, "timestamp": "20240716T12" }, "geometry": { "type": "LineString", "coordinates": [ [ -80.25, 43.0 ], [ -80.184348111093897, 43.093604257477857 ] ] } },
{ "type": "Feature", "properties": { "u": -0.052620870575751058, "v": 0.41199376871895743, "speed": 0.41534060899868647, "direction": -7.2785519971938566, "timestamp": "20240716T12" }, "geometry": { "type": "LineString", "coordinates": [ [ -80.25, 43.25 ], [ -80.253254261335783, 43.26855827787022 ] ] } },
{ "type": "Feature", "properties": { "u": 0.49905108372271351, "v": -1.7535609765628606, "speed": 1.8231917295470896, "direction": 164.11402081983385, "timestamp": "20240716T12" }, "geometry": { "type": "LineString", "coordinates": [ [ -80.25, 43.5 ], [ -80.219009411630168, 43.421010766821496 ] ] } },
{ "type": "Feature", "properties": { "u": 2.8020104314484966, "v": -5.5038728433745501, "speed": 6.1760730836011035, "direction": 153.01944849048232, "timestamp": "20240716T12" }, "geometry": { "type": "LineString", "coordinates": [ [ -80.25, 43.75 ], [ -80.075272725758097, 43.502077799847996 ] ] } },
{ "type": "Feature", "properties": { "u": 5.7082854582073423, "v": -7.7868893360211455, "speed": 9.6550592128594044, "direction": 143.75621192664727, "timestamp": "20240716T12" }, "geometry": { "type": "LineString", "coordinates": [ [ -80.25, 44.0 ], [ -79.892547269768926, 43.649239219098149 ] ] } },
{ "type": "Feature", "properties": { "u": 7.5491799970873679, "v": -7.1261682449688397, "speed": 10.381348297982603, "direction": 133.34892647429041, "timestamp": "20240716T12" }, "geometry": { "type": "LineString", "coordinates": [ [ -80.25, 44.25 ], [ -79.775265628351988, 43.929001430406807 ] ] } },
{ "type": "Feature", "properties": { "u": 8.7218950771774271, "v": -4.6573707261978861, "speed": 9.8874949212900667, "direction": 118.10159723901081, "timestamp": "20240716T12" }, "geometry": { "type": "LineString", "coordinates": [ [ -80.25, 44.5 ], [ -79.699172226816657, 44.290208525846943 ] ] } },
{ "type": "Feature", "properties": { "u": 9.4577995840468034, "v": -3.1806279619885593, "speed": 9.9782948044532844, "direction": 108.58762867781003, "timestamp": "20240716T12" }, "geometry": { "type": "LineString", "coordinates": [ [ -80.25, 44.75 ], [ -79.650118584649121, 44.606728470180698 ] ] } },
{ "type": "Feature", "properties": { "u": 9.9860344776775065, "v": -1.7678197682774215, "speed": 10.141305208032954, "direction": 100.03901670972213, "timestamp": "20240716T12" }, "geometry": { "type": "LineString", "coordinates": [ [ -80.25, 45.0 ], [ -79.613856513844283, 44.920368478906425 ] ] } },
{ "type": "Feature", "properties": { "u": 10.355169888277064, "v": -0.1911573177828767, "speed": 10.356934128168527, "direction": 91.057564848459435, "timestamp": "20240716T12" }, "geometry": { "type": "LineString", "coordinates": [ [ -80.25, 45.25 ], [ -79.587444121744781, 45.241389310009779 ] ] } },
{ "type": "Feature", "properties": { "u": 10.115534756862093, "v": 1.2870103040680756, "speed": 10.197079922216087, "direction": 82.749154176907936, "timestamp": "20240716T12" }, "geometry": { "type": "LineString", "coordinates": [ [ -80.25, 45.5 ], [ -79.599909122355896, 45.557973437120182 ] ] } },
{ "type": "Feature", "properties": { "u": 9.2110542759457168, "v": 2.1789407664447817, "speed": 9.4652682866410522, "direction": 76.690929160630347, "timestamp": "20240716T12" }, "geometry": { "type": "LineString", "coordinates": [ [ -80.25, 45.75 ], [ -79.655391190262947, 45.848150484974987 ] ] } },
{ "type": "Feature", "properties": { "u": 8.0703757911620055, "v": 1.8034897603724915, "speed": 8.269434123707752, "direction": 77.403062778035647, "timestamp": "20240716T12" }, "geometry": { "type": "LineString", "coordinates": [ [ -80.25, 46.0 ], [ -79.726677376243046, 46.081238277494258 ] ] } },
{ "type": "Feature", "properties": { "u": 11.597013551671674, "v": 8.9487723281714793, "speed": 14.6482507317121, "direction": 52.344622181961185, "timestamp": "20240716T12" }, "geometry": { "type": "LineString", "coordinates": [ [ -80.0, 41.0 ], [ -79.307829115314988, 41.403097852620334 ] ] } },
{ "type": "Feature", "properties": { "u": 11.751962623549026, "v": 9.2626043006473697, "speed": 14.96343757081455, "direction": 51.755701348850721, "timestamp": "20240716T12" }, "geometry": { "type": "LineString", "coordinates": [ [ -80.0, 41.25 ], [ -79.2959036213838, 41.667234427957091 ] ] } },
{ "type": "Feature", "properties": { "u": 11.443258758335464, "v": 9.5278460283127036, "speed": 14.890534609256159, "direction": 50.218676468829258, "timestamp": "20240716T12" }, "geometry": { "type": "LineString", "coordinates": [ [ -80.0, 41.5 ], [ -79.311758903866433, 41.9291822535276 ] ] } },
{ "type": "Feature", "properties": { "u": 11.024348276434953, "v": 9.286603818633548, "speed": 14.414481100767849, "direction": 49.890147175308172, "timestamp": "20240716T12" }, "geometry": { "type": "LineString", "coordinates": [ [ -80.0, 41.75 ], [ -79.334377916090958, 42.168315487325835 ] ] } },
{ "type": "Feature", "properties": { "u": 9.6082003251405208, "v": 8.3132907624808823, "speed": 12.70544437591934, "direction": 49.13269978144735, "timestamp": "20240716T12" }, "geometry": { "type": "LineString", "coordinates": [ [ -80.0, 42.0 ], [ -79.417607710354787, 42.374472556868511 ] ] } },
{ "type": "Feature", "properties": { "u": 8.0555626053294329, "v": 7.3613241374140275, "speed": 10.912432448563257, "direction": 47.578346784913094, "timestamp": "20240716T12" }, "geometry": { "type": "LineString", "coordinates": [ [ -80.0, 42.25 ], [ -79.509788848792141, 42.581591177360991 ] ] } },
{ "type": "Feature", "properties": { "u": 6.2944166045939483, "v": 6.2216502223677868, "speed": 8.8503452973133854, "direction": 45.33310461477555, "timestamp": "20240716T12" }, "geometry": { "type": "LineString", "coordinates": [ [ -80.0, 42.5 ], [ -79.615433344644856, 42.780254514521069 ] ] } },
{ "type": "Feature", "properties": { "u": 3.8161002280649403, "v": 4.6496291285961497, "speed": 6.0151202801047194, "direction": 39.376827659203755, "timestamp": "20240716T12" }, "geometry": { "type": "LineString", "coordinates": [ [ -80.0, 42.75 ], [ -79.765911565475918, 42.959442753540365 ] ] } },
{ "type": "Feature", "properties": { "u": 1.6639259303589953, "v": 2.5350115081978153, "speed": 3.032314767371028, "direction": 33.280016192854681, "timestamp": "20240716T12" }, "geometry": { "type": "LineString", "coordinates": [ [ -80.0, 43.0 ], [ -79.897516593792162, 43.114189707576479 ] ] } },
{ "type": "Feature", "properties": { "u": 0.6806110431389506, "v": 1.0070907108814686, "speed": 1.2155093960913803, "direction": 34.05157516108752, "timestamp": "20240716T12" }, "geometry": { "type": "LineString", "coordinates": [ [ -80.0, 43.25 ], [ -79.95790859827747, 43.295364446436103 ] ] } },
{ "type": "Feature", "properties": { "u": 1.0019267763710966, "v": -0.35764216566803642, "speed": 1.0638445299352253, "direction": 109.64424687218995, "timestamp": "20240716T12" }, "geometry": { "type": "LineString", "coordinates": [ [ -80.0, 43.5 ], [ -79.937781318754773, 43.483889992537478 ] ] } },
{ "type": "Feature", "properties": { "u": 2.7393821951112862, "v": -3.1905851533310265, "speed": 4.2052405913989155, "direction": 139.35117200267567, "timestamp": "20240716T12" }, "geometry": { "type": "LineString", "coordinates": [ [ -80.0, 43.75 ], [ -79.829178086317413, 43.606279948048154 ] ] } },
{ "type": "Feature", "properties": { "u": 5.495738868367412, "v": -5.747730199042012, "speed": 7.9523297309822265, "direction": 136.28391183479167, "timestamp": "20240716T12" }, "geometry": { "type": "LineString", "coordinates": [ [ -80.0, 44.0 ], [ -79.655856933309025, 43.741093234277386 ] ] } },
{ "type": "Feature", "properties": { "u": 7.8681754841157003, "v": -5.8119655996481914, "speed": 9.7819798394973851, "direction": 126.45207780897265, "timestamp": "20240716T12" }, "geometry": { "type": "LineString", "coordinates": [ [ -80.0, 44.25 ], [ -79.505205420203367, 43.988199747763595 ] ] } },
{ "type": "Feature", "properties": { "u": 9.6942693808939939, "v": -4.4032591198355862, "speed": 10.647419861438454, "direction": 114.42814636212681, "timestamp": "20240716T12" }, "geometry": { "type": "LineString", "coordinates": [ [ -80.0, 44.5 ], [ -79.387762319029719, 44.301654994602004 ] ] } },
{ "type": "Feature", "properties": { "u": 10.34044104141595, "v": -2.6599617288754209, "speed": 10.677083746514368, "direction": 104.4259244286698, "timestamp": "20240716T12" }, "geometry": { "type": "LineString", "coordinates": [ [ -80.0, 44.75 ], [ -79.344135139241047, 44.63018190410471 ] ] } },
{ "type": "Feature", "properties": { "u": 10.625219352546777, "v": -0.74468396537638482, "speed": 10.65128351411337, "direction": 94.009102303289154, "timestamp": "20240716T12" }, "geometry": { "type": "LineString", "coordinates": [ [ -80.0, 45.0 ], [ -79.323138319299062, 44.966455677235295 ] ] } },
{ "type": "Feature", "properties": { "u": 10.830527982428862, "v": 1.2177444597487521, "speed": 10.898772313771095, "direction": 83.584817597443291, "timestamp": "20240716T12" }, "geometry": { "type": "LineString", "coordinates": [ [ -80.0, 45.25 ], [ -79.307029236913863, 45.304853354042734 ] ] } },
{ "type": "Feature", "properties": { "u": 10.383794013551663, "v": 2.9533005750697217, "speed": 10.795608477643977, "direction": 74.123484545773451, "timestamp": "20240716T12" }, "geometry": { "type": "LineString", "coordinates": [ [ -80.0, 45.5 ], [ -79.332669015944404, 45.633031557435572 ] ] } },
{ "type": "Feature", "properties": { "u": 9.5098442131697691, "v": 3.7160570429224049, "speed": 10.210103667691712, "direction": 68.656480695704715, "timestamp": "20240716T12" }, "geometry": { "type": "LineString", "coordinates": [ [ -80.0, 45.75 ], [ -79.386103156166982, 45.9173899568884 ] ] } },
{ "type": "Feature", "properties": { "u": 8.4181325713117072, "v": 3.1881593466566223, "speed": 9.0016285197653563, "direction": 69.257057992933781, "timestamp": "20240716T12" }, "geometry": { "type": "LineString", "coordinates": [ [ -80.0, 46.0 ], [ -79.454127126375312, 46.143610781380929 ] ] } },
{ "type": "Feature", "properties": { "u": 11.242476762447941, "v": 8.9015936017452866, "speed": 14.339862356550517, "direction": 51.628443674601812, "timestamp": "20240716T12" }, "geometry": { "type": "LineString", "coordinates": [ [ -79.75, 41.0 ], [ -79.078989739294343, 41.400972684763303 ] ] } },
{ "type": "Feature", "properties": { "u": 11.37733622489583, "v": 8.8310612204909784, "speed": 14.402479711993573, "direction": 52.181470934411209, "timestamp": "20240716T12" }, "geometry": { "type": "LineString", "coordinates": [ [ -79.75, 41.25 ], [ -79.068348646021406, 41.647795550472566 ] ] } },
{ "type": "Feature", "properties": { "u": 10.93902580608259, "v": 8.7103944817453147, "speed": 13.983320693374663, "direction": 51.470817657183417, "timestamp": "20240716T12" }, "geometry": { "type": "LineString", "coordinates": [ [ -79.75, 41.5 ], [ -79.092085391023105, 41.892360111790332 ] ] } },
{ "type": "Feature", "properties": { "u": 10.725192747989743, "v": 8.2905470444577887, "speed": 13.555918625379084, "direction": 52.296066930729019, "timestamp": "20240716T12" }, "geometry": { "type": "LineString", "coordinates": [ [ -79.75, 41.75 ], [ -79.102440165329057, 42.123448065065666 ] ] } },
{ "type": "Feature", "properties": { "u": 9.6003377741180316, "v": 7.3879043393177657, "speed": 12.113943037015975, "direction": 52.420052059354113, "timestamp": "20240716T12" }, "geometry": { "type": "LineString", "coordinates": [ [ -79.75, 42.0 ], [ -79.168084291705867, 42.332788483753049 ] ] } },
{ "type": "Feature", "properties": { "u": 7.4562359712709156, "v": 6.8652299762396751, "speed": 10.1354248793987, "direction": 47.363092351564447, "timestamp": "20240716T12" }, "geometry": { "type": "LineString", "coordinates": [ [ -79.75, 42.25 ], [ -79.296260118848068, 42.559244593524312 ] ] } },
{ "type": "Feature", "properties": { "u": 5.9007797549080188, "v": 6.065567241749581, "speed": 8.4622873787243815, "direction": 44.211034850251551, "timestamp": "20240716T12" }, "geometry": { "type": "LineString", "coordinates": [ [ -79.75, 42.5 ], [ -79.389483167879916, 42.773223749628357 ] ] } },
{ "type": "Feature", "properties": { "u": 4.0513648930875616, "v": 4.6194301971468503, "speed": 6.1443220002905594, "direction": 41.251635908431318, "timestamp": "20240716T12" }, "geometry": { "type": "LineString", "coordinates": [ [ -79.75, 42.75 ], [ -79.501479885529747, 42.958082441312918 ] ] } },
{ "type": "Feature", "properties": { "u": 2.3193484728702409, "v": 3.0899557711655845, "speed": 3.8635739939031866, "direction": 36.892221078202887, "timestamp": "20240716T12" }, "geometry": { "type": "LineString", "coordinates": [ [ -79.75, 43.0 ], [ -79.607148249603043, 43.13918719689935 ] ] } },
{ "type": "Feature", "properties": { "u": 1.3768447431577528, "v": 1.8920297056305486, "speed": 2.3399739002282822, "direction": 36.043673537239464, "timestamp": "20240716T12" }, "geometry": { "type": "LineString", "coordinates": [ [ -79.75, 43.25 ], [ -79.664851036024146, 43.335226563316688 ] ] } },
{ "type": "Feature", "properties": { "u": 1.50292610380848, "v": 0.65194484044954382, "speed": 1.6382365361869207, "direction": 66.549586249279599, "timestamp": "20240716T12" }, "geometry": { "type": "LineString", "coordinates": [ [ -79.75, 43.5 ], [ -79.65666974633946, 43.529366884704935 ] ] } },
{ "type": "Feature", "properties": { "u": 3.0921439319600235, "v": -1.5203518288311508, "speed": 3.4456964142807793, "direction": 116.18251974929257, "timestamp": "20240716T12" }, "geometry": { "type": "LineString", "coordinates": [ [ -79.75, 43.75 ], [ -79.557180631902312, 43.681515683385982 ] ] } },
{ "type": "Feature", "properties": { "u": 5.6278340728084837, "v": -4.1548155679898624, "speed": 6.9953562278896877, "direction": 126.43703969732668, "timestamp": "20240716T12" }, "geometry": { "type": "LineString", "coordinates": [ [ -79.75, 44.0 ], [ -79.397585134040469, 43.812846145586043 ] ] } },
{ "type": "Feature", "properties": { "u": 8.3966183378482064, "v": -4.8607916860027718, "speed": 9.7020871633995558, "direction": 120.06649555546903, "timestamp": "20240716T12" }, "geometry": { "type": "LineString", "coordinates": [ [ -79.75, 44.25 ], [ -79.221973998219084, 44.031045419549422 ] ] } },
{ "type": "Feature", "properties": { "u": 10.220177925345146, "v": -3.5508363466541226, "speed": 10.819448950220718, "direction": 109.15896045025004, "timestamp": "20240716T12" }, "geometry": { "type": "LineString", "coordinates": [ [ -79.75, 44.5 ], [ -79.104548776574234, 44.340052416817379 ] ] } },
{ "type": "Feature", "properties": { "u": 10.693302502781769, "v": -1.4712869023630764, "speed": 10.794044819485602, "direction": 97.834113253940728, "timestamp": "20240716T12" }, "geometry": { "type": "LineString", "coordinates": [ [ -79.75, 44.75 ], [ -79.071754137086586, 44.683725815208874 ] ] } },
{ "type": "Feature", "properties": { "u": 11.015944588427827, "v": 0.49335181585927662, "speed": 11.026986496297344, "direction": 87.435707776578496, "timestamp": "20240716T12" }, "geometry": { "type": "LineString", "coordinates": [ [ -79.75, 45.0 ], [ -79.048247827058333, 45.022223054768439 ] ] } },
{ "type": "Feature", "properties": { "u": 10.978509679981597, "v": 2.5152441834799451, "speed": 11.26295379090136, "direction": 77.095885225952941, "timestamp": "20240716T12" }, "geometry": { "type": "LineString", "coordinates": [ [ -79.75, 45.25 ], [ -79.047560909050048, 45.363299287544145 ] ] } },
{ "type": "Feature", "properties": { "u": 10.660078451333359, "v": 3.8262409020199226, "speed": 11.325960975955729, "direction": 70.255324682987037, "timestamp": "20240716T12" }, "geometry": { "type": "LineString", "coordinates": [ [ -79.75, 45.5 ], [ -79.064913158547441, 45.67235319378468 ] ] } },
{ "type": "Feature", "properties": { "u": 9.9356443337999938, "v": 4.4462562535508638, "speed": 10.88513771157775, "direction": 65.891217860461978, "timestamp": "20240716T12" }, "geometry": { "type": "LineString", "coordinates": [ [ -79.75, 45.75 ], [ -79.108616128588068, 45.950281813223015 ] ] } },
{ "type": "Feature", "properties": { "u": 8.8094994295124316, "v": 4.1654579954055935, "speed": 9.744655997523374, "direction": 64.693479214445659, "timestamp": "20240716T12" }, "geometry": { "type": "LineString", "coordinates": [ [ -79.75, 46.0 ], [ -79.178748985829557, 46.187633243036288 ] ] } },
{ "type": "Feature", "properties": { "u": 11.340613617901965, "v": 8.6344919096451633, "speed": 14.253559827926191, "direction": 52.715158363656514, "timestamp": "20240716T12" }, "geometry": { "type": "LineString", "coordinates": [ [ -79.5, 41.0 ], [ -78.823132414582503, 41.38894107701104 ] ] } },
{ "type": "Feature", "properties": { "u": 11.039579706425354, "v": 8.3357857795278445, "speed": 13.833208039232877, "direction": 52.944210194368381, "timestamp": "20240716T12" }, "geometry": { "type": "LineString", "coordinates": [ [ -79.5, 41.25 ], [ -78.838584682258656, 41.625485845924679 ] ] } },
{ "type": "Feature", "properties": { "u": 10.685756380831911, "v": 7.8249085919361825, "speed": 13.24441708429052, "direction": 53.785627195680554, "timestamp": "20240716T12" }, "geometry": { "type": "LineString", "coordinates": [ [ -79.5, 41.5 ], [ -78.857317977346014, 41.852473359997127 ] ] } },
{ "type": "Feature", "properties": { "u": 10.397000007775972, "v": 7.1802847898393276, "speed": 12.635430298367032, "direction": 55.370606586017772, "timestamp": "20240716T12" }, "geometry": { "type": "LineString", "coordinates": [ [ -79.5, 41.75 ], [ -78.872255607492832, 42.073436251794561 ] ] } },
{ "type": "Feature", "properties": { "u": 9.7403552105700015, "v": 6.5436442981514968, "speed": 11.734300163572124, "direction": 56.106495642315998, "timestamp": "20240716T12" }, "geometry": { "type": "LineString", "coordinates": [ [ -79.5, 42.0 ], [ -78.909597262642563, 42.294758752168988 ] ] } },
{ "type": "Feature", "properties": { "u": 7.5340509793344514, "v": 6.2288433094812881, "speed": 9.7755006589575864, "direction": 50.417457918997286, "timestamp": "20240716T12" }, "geometry": { "type": "LineString", "coordinates": [ [ -79.5, 42.25 ], [ -79.041524784203801, 42.530578527454111 ] ] } },
{ "type": "Feature", "properties": { "u": 6.0012854228934884, "v": 5.6148738628001738, "speed": 8.2184083143994737, "direction": 46.905241663617751, "timestamp": "20240716T12" }, "geometry": { "type": "LineString", "coordinates": [ [ -79.5, 42.5 ], [ -79.133342626029986, 42.752922246072082 ] ] } },
{ "type": "Feature", "properties": { "u": 4.4381110046564558, "v": 4.6056678332743974, "speed": 6.3960148123742817, "direction": 43.938585182438359, "timestamp": "20240716T12" }, "geometry": { "type": "LineString", "coordinates": [ [ -79.5, 42.75 ], [ -79.227755982486102, 42.957462515012359 ] ] } },
{ "type": "Feature", "properties": { "u": 2.9304463146354824, "v": 3.7066021776826101, "speed": 4.7250836295839411, "direction": 38.329959572538698, "timestamp": "20240716T12" }, "geometry": { "type": "LineString", "coordinates": [ [ -79.5, 43.0 ], [ -79.319509922555127, 43.166964062057772 ] ] } },
{ "type": "Feature", "properties": { "u": 2.1313256110004715, "v": 2.8259206332912394, "speed": 3.5395446438444158, "direction": 37.023808732397768, "timestamp": "20240716T12" }, "geometry": { "type": "LineString", "coordinates": [ [ -79.5, 43.25 ], [ -79.368191262251059, 43.37729372222033 ] ] } },
{ "type": "Feature", "properties": { "u": 1.9436569865167366, "v": 1.6158668230485898, "speed": 2.5276131173627947, "direction": 50.261426342051053, "timestamp": "20240716T12" }, "geometry": { "type": "LineString", "coordinates": [ [ -79.5, 43.5 ], [ -79.379300785899588, 43.572786793831014 ] ] } },
{ "type": "Feature", "properties": { "u": 3.231724704554257, "v": 0.10037444352038216, "speed": 3.233283098483386, "direction": 88.221016855612874, "timestamp": "20240716T12" }, "geometry": { "type": "LineString", "coordinates": [ [ -79.5, 43.75 ], [ -79.298476678605695, 43.754521371329744 ] ] } },
{ "type": "Feature", "properties": { "u": 6.0112985210934085, "v": -2.4400525144000325, "speed": 6.4876471993111435, "direction": 112.09277722000084, "timestamp": "20240716T12" }, "geometry": { "type": "LineString", "coordinates": [ [ -79.5, 44.0 ], [ -79.123572597353316, 43.890087724576574 ] ] } },
{ "type": "Feature", "properties": { "u": 8.6808993056287882, "v": -3.3183365216789942, "speed": 9.2935122545555959, "direction": 110.91971719019965, "timestamp": "20240716T12" }, "geometry": { "type": "LineString", "coordinates": [ [ -79.5, 44.25 ], [ -78.954096831869506, 44.100525381906351 ] ] } },
{ "type": "Feature", "properties": { "u": 10.254265263327142, "v": -2.2531653373775677, "speed": 10.498890899911162, "direction": 102.39263871923927, "timestamp": "20240716T12" }, "geometry": { "type": "LineString", "coordinates": [ [ -79.5, 44.5 ], [ -78.852396004463557, 44.398506065883893 ] ] } },
{ "type": "Feature", "properties": { "u": 10.675316533322391, "v": -0.45097778208154038, "speed": 10.684838044938143, "direction": 92.419016692637115, "timestamp": "20240716T12" }, "geometry": { "type": "LineString", "coordinates": [ [ -79.5, 44.75 ], [ -78.822894936140315, 44.729685685491823 ] ] } },
{ "type": "Feature", "properties": { "u": 10.878041559002501, "v": 1.3658009870268355, "speed": 10.96344838522757, "direction": 82.843631885830561, "timestamp": "20240716T12" }, "geometry": { "type": "LineString", "coordinates": [ [ -79.5, 45.0 ], [ -78.807032706991009, 45.061522566983193 ] ] } },
{ "type": "Feature", "properties": { "u": 11.049739225347627, "v": 3.025491592298263, "speed": 11.456453915730359, "direction": 74.687337168499511, "timestamp": "20240716T12" }, "geometry": { "type": "LineString", "coordinates": [ [ -79.5, 45.25 ], [ -78.793003421872442, 45.386283405058478 ] ] } },
{ "type": "Feature", "properties": { "u": 10.866594509026969, "v": 4.0536173036939083, "speed": 11.598046795405757, "direction": 69.542737068592217, "timestamp": "20240716T12" }, "geometry": { "type": "LineString", "coordinates": [ [ -79.5, 45.5 ], [ -78.801641076702964, 45.682595374040268 ] ] } },
{ "type": "Feature", "properties": { "u": 10.282155854754889, "v": 4.6884789851534885, "speed": 11.300644415947973, "direction": 65.487863403044614, "timestamp": "20240716T12" }, "geometry": { "type": "LineString", "coordinates": [ [ -79.5, 45.75 ], [ -78.836247483603188, 45.961192747078989 ] ] } },
{ "type": "Feature", "properties": { "u": 9.2952184093797428, "v": 4.6512819290199374, "speed": 10.394013125896056, "direction": 63.416840730426351, "timestamp": "20240716T12" }, "geometry": { "type": "LineString", "coordinates": [ [ -79.5, 46.0 ], [ -78.897252592411164, 46.209517204009906 ] ] } },
{ "type": "Feature", "properties": { "u": 11.755101289296137, "v": 8.2573391983930726, "speed": 14.365446632768869, "direction": 54.913980484708027, "timestamp": "20240716T12" }, "geometry": { "type": "LineString", "coordinates": [ [ -79.25, 41.0 ], [ -78.548393606015821, 41.371952216143832 ] ] } },
{ "type": "Feature", "properties": { "u": 10.960813352005733, "v": 7.7574497424851723, "speed": 13.428233534039032, "direction": 54.711278158540367, "timestamp": "20240716T12" }, "geometry": { "type": "LineString", "coordinates": [ [ -79.25, 41.25 ], [ -78.593303817834581, 41.599434673084914 ] ] } },
{ "type": "Feature", "properties": { "u": 10.585085559754251, "v": 7.0504431532524983, "speed": 12.718206829760357, "direction": 56.333474522079882, "timestamp": "20240716T12" }, "geometry": { "type": "LineString", "coordinates": [ [ -79.25, 41.5 ], [ -78.613372703338882, 41.817587529425786 ] ] } },
{ "type": "Feature", "properties": { "u": 10.212632417902091, "v": 6.3824452998255419, "speed": 12.042984219388892, "direction": 57.996432135033061, "timestamp": "20240716T12" }, "geometry": { "type": "LineString", "coordinates": [ [ -79.25, 41.75 ], [ -78.633387253219169, 42.037497536028177 ] ] } },
{ "type": "Feature", "properties": { "u": 9.8154177356245143, "v": 6.022165028778419, "speed": 11.515593643345273, "direction": 58.46916137771138, "timestamp": "20240716T12" }, "geometry": { "type": "LineString", "coordinates": [ [ -79.25, 42.0 ], [ -78.655047416224534, 42.27126869499002 ] ] } },
{ "type": "Feature", "properties": { "u": 8.1751885396005122, "v": 5.6278513116229636, "speed": 9.9250399517458803, "direction": 55.456230960659042, "timestamp": "20240716T12" }, "geometry": { "type": "LineString", "coordinates": [ [ -79.25, 42.25 ], [ -78.752509162713537, 42.503506815838875 ] ] } },
{ "type": "Feature", "properties": { "u": 5.8991902069419382, "v": 5.560174695354843, "speed": 8.1065398130487214, "direction": 46.69455238824689, "timestamp": "20240716T12" }, "geometry": { "type": "LineString", "coordinates": [ [ -79.25, 42.5 ], [ -78.88958028365461, 42.75045831961058 ] ] } },
{ "type": "Feature", "properties": { "u": 4.8693214415896211, "v": 4.6711386362029259, "speed": 6.7475793778326283, "direction": 46.190027039664571, "timestamp": "20240716T12" }, "geometry": { "type": "LineString", "coordinates": [ [ -79.25, 42.75 ], [ -78.951304534646823, 42.960411650279411 ] ] } },
{ "type": "Feature", "properties": { "u": 3.5437879254253555, "v": 4.0681169290296912, "speed": 5.3951837974853563, "direction": 41.059533079889228, "timestamp": "20240716T12" }, "geometry": { "type": "LineString", "coordinates": [ [ -79.25, 43.0 ], [ -79.031733398795325, 43.183248510316652 ] ] } },
{ "type": "Feature", "properties": { "u": 2.827312420933243, "v": 3.4555785312432699, "speed": 4.464831297053987, "direction": 39.28961439430212, "timestamp": "20240716T12" }, "geometry": { "type": "LineString", "coordinates": [ [ -79.25, 43.25 ], [ -79.075148968556618, 43.405656690596544 ] ] } },
{ "type": "Feature", "properties": { "u": 2.5725393420454736, "v": 2.3545218042880105, "speed": 3.4873674302028208, "direction": 47.533628322986523, "timestamp": "20240716T12" }, "geometry": { "type": "LineString", "coordinates": [ [ -79.25, 43.5 ], [ -79.090247801447859, 43.606059540733696 ] ] } },
{ "type": "Feature", "properties": { "u": 3.3035663557998545, "v": 1.255468238134765, "speed": 3.5340842044492855, "direction": 69.191496121324164, "timestamp": "20240716T12" }, "geometry": { "type": "LineString", "coordinates": [ [ -79.25, 43.75 ], [ -79.043996789538085, 43.806552623339407 ] ] } },
{ "type": "Feature", "properties": { "u": 6.0867942512377482, "v": -0.7816337966848379, "speed": 6.1367756720464257, "direction": 97.317572063162885, "timestamp": "20240716T12" }, "geometry": { "type": "LineString", "coordinates": [ [ -79.25, 44.0 ], [ -78.86884505612251, 43.964791270419603 ] ] } },
{ "type": "Feature", "properties": { "u": 8.5146918324805458, "v": -1.7861604804551401, "speed": 8.7000199002100356, "direction": 101.84737351628972, "timestamp": "20240716T12" }, "geometry": { "type": "LineString", "coordinates": [ [ -79.25, 44.25 ], [ -78.714548881013741, 44.169542320700216 ] ] } },
{ "type": "Feature", "properties": { "u": 9.8154495272877949, "v": -1.1021479040787807, "speed": 9.877134170658989, "direction": 96.406737985619458, "timestamp": "20240716T12" }, "geometry": { "type": "LineString", "coordinates": [ [ -79.25, 44.5 ], [ -78.630109235657187, 44.450353698014467 ] ] } },
{ "type": "Feature", "properties": { "u": 10.149733470473096, "v": 0.27810488284593149, "speed": 10.1535428224588, "direction": 88.430476008817521, "timestamp": "20240716T12" }, "geometry": { "type": "LineString", "coordinates": [ [ -79.25, 44.75 ], [ -78.606231179822018, 44.76252724697504 ] ] } },
{ "type": "Feature", "properties": { "u": 10.573329961156848, "v": 1.8134581114634238, "speed": 10.72771815390065, "direction": 80.267750800350655, "timestamp": "20240716T12" }, "geometry": { "type": "LineString", "coordinates": [ [ -79.25, 45.0 ], [ -78.576443845472355, 45.081687302318173 ] ] } },
{ "type": "Feature", "properties": { "u": 11.188292416460909, "v": 3.100869696626563, "speed": 11.610050821236468, "direction": 74.509122994658114, "timestamp": "20240716T12" }, "geometry": { "type": "LineString", "coordinates": [ [ -79.25, 45.25 ], [ -78.534138359086072, 45.389678815163357 ] ] } },
{ "type": "Feature", "properties": { "u": 11.115223700737449, "v": 4.0099824483911073, "speed": 11.816435890480694, "direction": 70.162336248339201, "timestamp": "20240716T12" }, "geometry": { "type": "LineString", "coordinates": [ [ -79.25, 45.5 ], [ -78.535662527537554, 45.680629840017616 ] ] } },
{ "type": "Feature", "properties": { "u": 10.742235131762289, "v": 4.7100136033563906, "speed": 11.729443455248429, "direction": 66.324591250075358, "timestamp": "20240716T12" }, "geometry": { "type": "LineString", "coordinates": [ [ -79.25, 45.75 ], [ -78.556547605273238, 45.962162774925964 ] ] } },
{ "type": "Feature", "properties": { "u": 9.7482626428385615, "v": 4.8935148625185949, "speed": 10.907571327451967, "direction": 63.343879340871531, "timestamp": "20240716T12" }, "geometry": { "type": "LineString", "coordinates": [ [ -79.25, 46.0 ], [ -78.617874989302365, 46.220428597410745 ] ] } },
{ "type": "Feature", "properties": { "u": 12.44932737062323, "v": 7.7240233494855044, "speed": 14.650811877993178, "direction": 58.183004638648157, "timestamp": "20240716T12" }, "geometry": { "type": "LineString", "coordinates": [ [ -79.0, 41.0 ], [ -78.25695853493113, 41.347928979706552 ] ] } },
{ "type": "Feature", "properties": { "u": 11.12280937603888, "v": 7.203360622224495, "speed": 13.25161471932809, "direction": 57.072074173995944, "timestamp": "20240716T12" }, "geometry": { "type": "LineString", "coordinates": [ [ -79.0, 41.25 ], [ -78.3335981356838, 41.574475703703804 ] ] } },
{ "type": "Feature", "properties": { "u": 10.679766649333541, "v": 6.5494123653323832, "speed": 12.528057232284089, "direction": 58.481115117925583, "timestamp": "20240716T12" }, "geometry": { "type": "LineString", "coordinates": [ [ -79.0, 41.5 ], [ -78.357678222575018, 41.795018575014971 ] ] } },
{ "type": "Feature", "properties": { "u": 10.595070859159421, "v": 5.9557430515079712, "speed": 12.154275042395355, "direction": 60.65861655900008, "timestamp": "20240716T12" }, "geometry": { "type": "LineString", "coordinates": [ [ -79.0, 41.75 ], [ -78.360296593721344, 42.018276714031892 ] ] } },
{ "type": "Feature", "properties": { "u": 10.015355578414301, "v": 5.7271278481351189, "speed": 11.537215467822348, "direction": 60.237580203365155, "timestamp": "20240716T12" }, "geometry": { "type": "LineString", "coordinates": [ [ -79.0, 42.0 ], [ -78.392928366443243, 42.257978731897978 ] ] } },
{ "type": "Feature", "properties": { "u": 8.6016366876013741, "v": 5.2805610252144586, "speed": 10.093189706257576, "direction": 58.454157438372256, "timestamp": "20240716T12" }, "geometry": { "type": "LineString", "coordinates": [ [ -79.0, 42.25 ], [ -78.476558195933933, 42.487863109243897 ] ] } },
{ "type": "Feature", "properties": { "u": 5.9384385410529372, "v": 4.9958236179495064, "speed": 7.7603676412606273, "direction": 49.927141760736582, "timestamp": "20240716T12" }, "geometry": { "type": "LineString", "coordinates": [ [ -79.0, 42.5 ], [ -78.637182348861685, 42.725037099907638 ] ] } },
{ "type": "Feature", "properties": { "u": 5.4262492345571056, "v": 4.2969146548933628, "speed": 6.9215356899295788, "direction": 51.625154597852273, "timestamp": "20240716T12" }, "geometry": { "type": "LineString", "coordinates": [ [ -79.0, 42.75 ], [ -78.667141292748738, 42.943554714184387 ] ] } },
{ "type": "Feature", "properties": { "u": 4.2441826090352306, "v": 3.9887836898168474, "speed": 5.8243867782785514, "direction": 46.776830890690363, "timestamp": "20240716T12" }, "geometry": { "type": "LineString", "coordinates": [ [ -79.0, 43.0 ], [ -78.738595160754457, 43.179674940982743 ] ] } },
{ "type": "Feature", "properties": { "u": 3.4805714298618593, "v": 3.722229517968497, "speed": 5.0960151160300358, "direction": 43.078414642237114, "timestamp": "20240716T12" }, "geometry": { "type": "LineString", "coordinates": [ [ -79.0, 43.25 ], [ -78.784749113674948, 43.417667996304885 ] ] } },
{ "type": "Feature", "properties": { "u": 3.1285215765724836, "v": 2.9047398655265724, "speed": 4.2690936908738495, "direction": 47.124203075663893, "timestamp": "20240716T12" }, "geometry": { "type": "LineString", "coordinates": [ [ -79.0, 43.5 ], [ -78.805721843819157, 43.630844138086779 ] ] } },
{ "type": "Feature", "properties": { "u": 3.4737696541901393, "v": 2.0769320513349903, "speed": 4.0473105089966657, "direction": 59.125219998531833, "timestamp": "20240716T12" }, "geometry": { "type": "LineString", "coordinates": [ [ -79.0, 43.75 ], [ -78.783383282157473, 43.843555497807884 ] ] } },
{ "type": "Feature", "properties": { "u": 5.8784795495038082, "v": 0.58400597967322609, "speed": 5.9074177775258603, "direction": 84.326485080718953, "timestamp": "20240716T12" }, "geometry": { "type": "LineString", "coordinates": [ [ -79.0, 44.0 ], [ -78.631889718907374, 44.026306575660954 ] ] } },
{ "type": "Feature", "properties": { "u": 8.0081331171771826, "v": -0.51334263140753289, "speed": 8.024569563512447, "direction": 93.667793505920116, "timestamp": "20240716T12" }, "geometry": { "type": "LineString", "coordinates": [ [ -79.0, 44.25 ], [ -78.496404106813785, 44.226876458044707 ] ] } },
{ "type": "Feature", "properties": { "u": 9.0348728080289398, "v": -0.31571064254914483, "speed": 9.0403871524995836, "direction": 92.001304350912903, "timestamp": "20240716T12" }, "geometry": { "type": "LineString", "coordinates": [ [ -79.0, 44.5 ], [ -78.429406244193004, 44.485778799885175 ] ] } },
{ "type": "Feature", "properties": { "u": 9.3046749577284533, "v": 0.66022062395776637, "speed": 9.3280687894803922, "direction": 85.941334621946169, "timestamp": "20240716T12" }, "geometry": { "type": "LineString", "coordinates": [ [ -79.0, 44.75 ], [ -78.409830845597838, 44.779739667745844 ] ] } },
{ "type": "Feature", "properties": { "u": 10.356503130855467, "v": 1.9020699663810565, "speed": 10.529721138588046, "direction": 79.593064135223656, "timestamp": "20240716T12" }, "geometry": { "type": "LineString", "coordinates": [ [ -79.0, 45.0 ], [ -78.34025643304436, 45.08567882731446 ] ] } },
{ "type": "Feature", "properties": { "u": 11.04773826351061, "v": 3.1018882191388899, "speed": 11.474939270561263, "direction": 74.316780458669911, "timestamp": "20240716T12" }, "geometry": { "type": "LineString", "coordinates": [ [ -79.0, 45.25 ], [ -78.293131449615259, 45.389724694555802 ] ] } },
{ "type": "Feature", "properties": { "u": 11.066024555461212, "v": 4.005705112000534, "speed": 11.768711607749497, "direction": 70.10064022368249, "timestamp": "20240716T12" }, "geometry": { "type": "LineString", "coordinates": [ [ -79.0, 45.5 ], [ -78.288824388605775, 45.680437167207231 ] ] } },
{ "type": "Feature", "properties": { "u": 10.966318765168467, "v": 4.7265158706098749, "speed": 11.941528358397557, "direction": 66.683814667885102, "timestamp": "20240716T12" }, "geometry": { "type": "LineString", "coordinates": [ [ -79.0, 45.75 ], [ -78.292082149034513, 45.962906120297745 ] ] } },
{ "type": "Feature", "properties": { "u": 9.9599168513518457, "v": 5.1082326077289304, "speed": 11.1934795332152, "direction": 62.84766319184525, "timestamp": "20240716T12" }, "geometry": { "type": "LineString", "coordinates": [ [ -79.0, 46.0 ], [ -78.354150295608463, 46.23010056791572 ] ] } },
{ "type": "Feature", "properties": { "u": 12.445760652053545, "v": 7.1369204610287973, "speed": 14.346866970710218, "direction": 60.168234630262987, "timestamp": "20240716T12" }, "geometry": { "type": "LineString", "coordinates": [ [ -78.75, 41.0 ], [ -78.007171415491882, 41.321482903649944 ] ] } },
{ "type": "Feature", "properties": { "u": 11.29188832260531, "v": 6.6724665443794207, "speed": 13.115965525879245, "direction": 59.420821714123804, "timestamp": "20240716T12" }, "geometry": { "type": "LineString", "coordinates": [ [ -78.75, 41.25 ], [ -78.073468093767303, 41.550561556053125 ] ] } },
{ "type": "Feature", "properties": { "u": 10.875354878908789, "v": 6.0791734079125535, "speed": 12.459120878524146, "direction": 60.7954116220751, "timestamp": "20240716T12" }, "geometry": { "type": "LineString", "coordinates": [ [ -78.75, 41.5 ], [ -78.095914802699923, 41.773836639996063 ] ] } },
{ "type": "Feature", "properties": { "u": 10.870387560157413, "v": 5.5691083119425553, "speed": 12.21393847610887, "direction": 62.87306495097787, "timestamp": "20240716T12" }, "geometry": { "type": "LineString", "coordinates": [ [ -78.75, 41.75 ], [ -78.093673672197269, 42.000860734772189 ] ] } },
{ "type": "Feature", "properties": { "u": 10.095817746266302, "v": 5.4821478680588509, "speed": 11.488232292789339, "direction": 61.497518890660245, "timestamp": "20240716T12" }, "geometry": { "type": "LineString", "coordinates": [ [ -78.75, 42.0 ], [ -78.138051225607356, 42.246943597660305 ] ] } },
{ "type": "Feature", "properties": { "u": 8.7954048494399633, "v": 5.036802632503468, "speed": 10.135508237101181, "direction": 60.201830811886751, "timestamp": "20240716T12" }, "geometry": { "type": "LineString", "coordinates": [ [ -78.75, 42.25 ], [ -78.214766677658162, 42.476883001464117 ] ] } },
{ "type": "Feature", "properties": { "u": 6.2547334173913685, "v": 4.591643400238917, "speed": 7.759180319955834, "direction": 53.717348090981865, "timestamp": "20240716T12" }, "geometry": { "type": "LineString", "coordinates": [ [ -78.75, 42.5 ], [ -78.367857847428041, 42.706830783794544 ] ] } },
{ "type": "Feature", "properties": { "u": 5.4873857318452615, "v": 4.2985420809019539, "speed": 6.9705714393687881, "direction": 51.926636248154772, "timestamp": "20240716T12" }, "geometry": { "type": "LineString", "coordinates": [ [ -78.75, 42.75 ], [ -78.413391038277638, 42.943628021662249 ] ] } },
{ "type": "Feature", "properties": { "u": 4.8624257192786198, "v": 3.9208689156924779, "speed": 6.2463106654685134, "direction": 51.118660584277805, "timestamp": "20240716T12" }, "geometry": { "type": "LineString", "coordinates": [ [ -78.75, 43.0 ], [ -78.450516747138664, 43.176615716923088 ] ] } },
{ "type": "Feature", "properties": { "u": 4.0256099859363283, "v": 3.7303091868403593, "speed": 5.4882367285218185, "direction": 47.180440568240797, "timestamp": "20240716T12" }, "geometry": { "type": "LineString", "coordinates": [ [ -78.75, 43.25 ], [ -78.501041995565032, 43.418031945353171 ] ] } },
{ "type": "Feature", "properties": { "u": 3.3823312728992185, "v": 3.2041951998353904, "speed": 4.6590805657640439, "direction": 46.549216838698911, "timestamp": "20240716T12" }, "geometry": { "type": "LineString", "coordinates": [ [ -78.75, 43.5 ], [ -78.53996050779628, 43.644333117109703 ] ] } },
{ "type": "Feature", "properties": { "u": 3.5366451152604941, "v": 2.7452904829581901, "speed": 4.4771060415313739, "direction": 52.179904104075661, "timestamp": "20240716T12" }, "geometry": { "type": "LineString", "coordinates": [ [ -78.75, 43.75 ], [ -78.529462505201678, 43.873661733466584 ] ] } },
{ "type": "Feature", "properties": { "u": 5.4706575222496454, "v": 1.746627951534504, "speed": 5.7427173817652086, "direction": 72.293171462186905, "timestamp": "20240716T12" }, "geometry": { "type": "LineString", "coordinates": [ [ -78.75, 44.0 ], [ -78.407427526740861, 44.078676934753808 ] ] } },
{ "type": "Feature", "properties": { "u": 7.4012730872539034, "v": 0.64227045291919493, "speed": 7.4290884129078689, "direction": 85.040389871687111, "timestamp": "20240716T12" }, "geometry": { "type": "LineString", "coordinates": [ [ -78.75, 44.25 ], [ -78.284566836420851, 44.278931101482847 ] ] } },
{ "type": "Feature", "properties": { "u": 8.1935351529701546, "v": 0.35814245711771892, "speed": 8.2013586875924389, "direction": 87.497173402861037, "timestamp": "20240716T12" }, "geometry": { "type": "LineString", "coordinates": [ [ -78.75, 44.5 ], [ -78.232540585174007, 44.516132543113407 ] ] } },
{ "type": "Feature", "properties": { "u": 8.7521979049245235, "v": 0.78699761227190534, "speed": 8.7875100801471007, "direction": 84.861782459155648, "timestamp": "20240716T12" }, "geometry": { "type": "LineString", "coordinates": [ [ -78.75, 44.75 ], [ -78.194872898819597, 44.785450342895132 ] ] } },
{ "type": "Feature", "properties": { "u": 10.011893798801179, "v": 1.9012951431097576, "speed": 10.190826299161724, "direction": 79.247361290138301, "timestamp": "20240716T12" }, "geometry": { "type": "LineString", "coordinates": [ [ -78.75, 45.0 ], [ -78.11220918940073, 45.085643925365304 ] ] } },
{ "type": "Feature", "properties": { "u": 10.803548814725239, "v": 3.1145075478913791, "speed": 11.243523658445492, "direction": 73.918490272895767, "timestamp": "20240716T12" }, "geometry": { "type": "LineString", "coordinates": [ [ -78.75, 45.25 ], [ -78.058755447719221, 45.390293132787903 ] ] } },
{ "type": "Feature", "properties": { "u": 10.961627340862387, "v": 4.0655172532118948, "speed": 11.691266163085391, "direction": 69.650873466204004, "timestamp": "20240716T12" }, "geometry": { "type": "LineString", "coordinates": [ [ -78.75, 45.5 ], [ -78.045533641106346, 45.683131407802335 ] ] } },
{ "type": "Feature", "properties": { "u": 11.097617303209503, "v": 4.761191876946814, "speed": 12.075846053076335, "direction": 66.77929829632339, "timestamp": "20240716T12" }, "geometry": { "type": "LineString", "coordinates": [ [ -78.75, 45.75 ], [ -78.033606325845781, 45.964468102565171 ] ] } },
{ "type": "Feature", "properties": { "u": 10.554739550110348, "v": 5.2478752925818393, "speed": 11.787396746404802, "direction": 63.563179184586417, "timestamp": "20240716T12" }, "geometry": { "type": "LineString", "coordinates": [ [ -78.75, 46.0 ], [ -78.065579083630283, 46.236390778945129 ] ] } },
{ "type": "Feature", "properties": { "u": 12.093472013551077, "v": 6.3733991435517456, "speed": 13.6701237004487, "direction": 62.210252593482132, "timestamp": "20240716T12" }, "geometry": { "type": "LineString", "coordinates": [ [ -78.5, 41.0 ], [ -77.778197857988502, 41.287090051511342 ] ] } },
{ "type": "Feature", "properties": { "u": 11.363022932618259, "v": 6.1173412292293712, "speed": 12.905043738090855, "direction": 61.70397262176423, "timestamp": "20240716T12" }, "geometry": { "type": "LineString", "coordinates": [ [ -78.5, 41.25 ], [ -77.819206199570672, 41.525555911226547 ] ] } },
{ "type": "Feature", "properties": { "u": 10.928800978584347, "v": 5.7585771330790019, "speed": 12.353133263554092, "direction": 62.214466391197718, "timestamp": "20240716T12" }, "geometry": { "type": "LineString", "coordinates": [ [ -78.5, 41.5 ], [ -77.842700351030032, 41.759395366354909 ] ] } },
{ "type": "Feature", "properties": { "u": 11.096842718880957, "v": 5.3354572504105269, "speed": 12.312880345335108, "direction": 64.321352826147404, "timestamp": "20240716T12" }, "geometry": { "type": "LineString", "coordinates": [ [ -78.5, 41.75 ], [ -77.830000886207401, 41.990335912180655 ] ] } },
{ "type": "Feature", "properties": { "u": 10.245952324131752, "v": 5.4024323092716227, "speed": 11.582996757516717, "direction": 62.198448966583449, "timestamp": "20240716T12" }, "geometry": { "type": "LineString", "coordinates": [ [ -78.5, 42.0 ], [ -77.878950955255036, 42.243352806723948 ] ] } },
{ "type": "Feature", "properties": { "u": 9.2741663188242232, "v": 4.9339852704045555, "speed": 10.504968898468132, "direction": 61.986402438661244, "timestamp": "20240716T12" }, "geometry": { "type": "LineString", "coordinates": [ [ -78.5, 42.25 ], [ -77.935632249368126, 42.472251588756961 ] ] } },
{ "type": "Feature", "properties": { "u": 7.705378703232145, "v": 4.1420490177373104, "speed": 8.7481101402281229, "direction": 61.739616851897068, "timestamp": "20240716T12" }, "geometry": { "type": "LineString", "coordinates": [ [ -78.5, 42.5 ], [ -78.029228536607505, 42.686578784582764 ] ] } },
{ "type": "Feature", "properties": { "u": 6.1672373890199594, "v": 3.9099223006223962, "speed": 7.3022126379221568, "direction": 57.626006435621925, "timestamp": "20240716T12" }, "geometry": { "type": "LineString", "coordinates": [ [ -78.5, 42.75 ], [ -78.121687361585344, 42.926122626154161 ] ] } },
{ "type": "Feature", "properties": { "u": 5.5222442550010875, "v": 3.82987746464892, "speed": 6.7203528929750522, "direction": 55.257283139699751, "timestamp": "20240716T12" }, "geometry": { "type": "LineString", "coordinates": [ [ -78.5, 43.0 ], [ -78.159877647893836, 43.172517002912116 ] ] } },
{ "type": "Feature", "properties": { "u": 4.4282465743146346, "v": 3.4787488511783224, "speed": 5.6312575231917599, "direction": 51.847475633879675, "timestamp": "20240716T12" }, "geometry": { "type": "LineString", "coordinates": [ [ -78.5, 43.25 ], [ -78.226141520381063, 43.406700398701723 ] ] } },
{ "type": "Feature", "properties": { "u": 3.4307049497725766, "v": 3.1745715273215507, "speed": 4.6741460005518372, "direction": 47.220651198799715, "timestamp": "20240716T12" }, "geometry": { "type": "LineString", "coordinates": [ [ -78.5, 43.5 ], [ -78.286956549370359, 43.642998717446915 ] ] } },
{ "type": "Feature", "properties": { "u": 3.397652367962563, "v": 3.1403347987146546, "speed": 4.6266342260373063, "direction": 47.253844341456286, "timestamp": "20240716T12" }, "geometry": { "type": "LineString", "coordinates": [ [ -78.5, 43.75 ], [ -78.288129790520173, 43.891456522464622 ] ] } },
{ "type": "Feature", "properties": { "u": 4.9120541902284405, "v": 2.6981266115422384, "speed": 5.6042986697403254, "direction": 61.220587966018272, "timestamp": "20240716T12" }, "geometry": { "type": "LineString", "coordinates": [ [ -78.5, 44.0 ], [ -78.192407257101053, 44.121537234754157 ] ] } },
{ "type": "Feature", "properties": { "u": 6.7517661683310344, "v": 1.7994316481107397, "speed": 6.9874387759780818, "direction": 75.076817390723349, "timestamp": "20240716T12" }, "geometry": { "type": "LineString", "coordinates": [ [ -78.5, 44.25 ], [ -78.07541143929889, 44.331055479644625 ] ] } },
{ "type": "Feature", "properties": { "u": 7.4537638237723227, "v": 1.0970034029246305, "speed": 7.5340567828099898, "direction": 81.627630731057238, "timestamp": "20240716T12" }, "geometry": { "type": "LineString", "coordinates": [ [ -78.5, 44.5 ], [ -78.029260545724, 44.549414567699309 ] ] } },
{ "type": "Feature", "properties": { "u": 8.3703872392262895, "v": 1.0165817979533125, "speed": 8.4318930903168052, "direction": 83.075352846831166, "timestamp": "20240716T12" }, "geometry": { "type": "LineString", "coordinates": [ [ -78.5, 44.75 ], [ -77.969090066935678, 44.795791972880778 ] ] } },
{ "type": "Feature", "properties": { "u": 9.7632882702923638, "v": 1.9728135444346051, "speed": 9.9606119857131805, "direction": 78.576377540018697, "timestamp": "20240716T12" }, "geometry": { "type": "LineString", "coordinates": [ [ -78.5, 45.0 ], [ -77.878046185351096, 45.088865474974533 ] ] } },
{ "type": "Feature", "properties": { "u": 10.717687300455113, "v": 3.2166700611115386, "speed": 11.189986030035431, "direction": 73.294066890280106, "timestamp": "20240716T12" }, "geometry": { "type": "LineString", "coordinates": [ [ -78.5, 45.25 ], [ -77.814249133637404, 45.394895047797817 ] ] } },
{ "type": "Feature", "properties": { "u": 11.01844509187392, "v": 4.2307036109396732, "speed": 11.80275329261179, "direction": 68.994929502802478, "timestamp": "20240716T12" }, "geometry": { "type": "LineString", "coordinates": [ [ -78.5, 45.5 ], [ -77.791882158262524, 45.690572234727014 ] ] } },
{ "type": "Feature", "properties": { "u": 11.366920403572694, "v": 4.8970027311638029, "speed": 12.376894408945361, "direction": 66.693055220818295, "timestamp": "20240716T12" }, "geometry": { "type": "LineString", "coordinates": [ [ -78.5, 45.75 ], [ -77.766221779932977, 45.970585708610983 ] ] } },
{ "type": "Feature", "properties": { "u": 11.056745659362061, "v": 5.4271778530704413, "speed": 12.316894252394963, "direction": 63.855994561619596, "timestamp": "20240716T12" }, "geometry": { "type": "LineString", "coordinates": [ [ -78.5, 46.0 ], [ -77.783026553112023, 46.244467470859028 ] ] } },
{ "type": "Feature", "properties": { "u": 11.086291238078541, "v": 5.9407497329220647, "speed": 12.577692984196689, "direction": 61.814723601242257, "timestamp": "20240716T12" }, "geometry": { "type": "LineString", "coordinates": [ [ -78.25, 41.0 ], [ -77.588311714481847, 41.267601339320812 ] ] } },
{ "type": "Feature", "properties": { "u": 11.111900739566579, "v": 5.6927328533657855, "speed": 12.485253116608027, "direction": 62.873503187684463, "timestamp": "20240716T12" }, "geometry": { "type": "LineString", "coordinates": [ [ -78.25, 41.25 ], [ -77.584251705787949, 41.506429407809271 ] ] } },
{ "type": "Feature", "properties": { "u": 10.858693694179021, "v": 5.5226370105375358, "speed": 12.182395014698965, "direction": 63.04250798147401, "timestamp": "20240716T12" }, "geometry": { "type": "LineString", "coordinates": [ [ -78.25, 41.5 ], [ -77.59691686970578, 41.748767432907094 ] ] } },
{ "type": "Feature", "properties": { "u": 11.551179846471282, "v": 5.2186465690997226, "speed": 12.675331469381801, "direction": 65.687274490156582, "timestamp": "20240716T12" }, "geometry": { "type": "LineString", "coordinates": [ [ -78.25, 41.75 ], [ -77.552569167063481, 41.985074169779267 ] ] } },
{ "type": "Feature", "properties": { "u": 10.949426482262117, "v": 5.3410987267817704, "speed": 12.182662923174588, "direction": 63.997013122113081, "timestamp": "20240716T12" }, "geometry": { "type": "LineString", "coordinates": [ [ -78.25, 42.0 ], [ -77.586310511488705, 42.24059003273792 ] ] } },
{ "type": "Feature", "properties": { "u": 9.6964265986363465, "v": 5.0909796444920365, "speed": 10.95165569781002, "direction": 62.298879632705962, "timestamp": "20240716T12" }, "geometry": { "type": "LineString", "coordinates": [ [ -78.25, 42.25 ], [ -77.659936130050639, 42.479323407409552 ] ] } },
{ "type": "Feature", "properties": { "u": 8.2939436789515675, "v": 4.1938478355687732, "speed": 9.2939690884748227, "direction": 63.176473917743941, "timestamp": "20240716T12" }, "geometry": { "type": "LineString", "coordinates": [ [ -78.25, 42.5 ], [ -77.743269292345474, 42.68891206466526 ] ] } },
{ "type": "Feature", "properties": { "u": 6.7108574436871429, "v": 3.6693730003427532, "speed": 7.6485231152906579, "direction": 61.330975526205776, "timestamp": "20240716T12" }, "geometry": { "type": "LineString", "coordinates": [ [ -78.25, 42.75 ], [ -77.838340447204772, 42.915287072087509 ] ] } },
{ "type": "Feature", "properties": { "u": 5.8500928745299117, "v": 3.6064852743238247, "speed": 6.8724320785687096, "direction": 58.346856071708423, "timestamp": "20240716T12" }, "geometry": { "type": "LineString", "coordinates": [ [ -78.25, 43.0 ], [ -77.889685016336841, 43.162454291636209 ] ] } },
{ "type": "Feature", "properties": { "u": 4.5649477343736233, "v": 3.2641011978086829, "speed": 5.6118717418610835, "direction": 54.433873543503651, "timestamp": "20240716T12" }, "geometry": { "type": "LineString", "coordinates": [ [ -78.25, 43.25 ], [ -77.967687435625919, 43.397031585486879 ] ] } },
{ "type": "Feature", "properties": { "u": 3.4897915362020888, "v": 3.0004344546987491, "speed": 4.6023094075791029, "direction": 49.31189046335146, "timestamp": "20240716T12" }, "geometry": { "type": "LineString", "coordinates": [ [ -78.25, 43.5 ], [ -78.033287329649283, 43.635154705166613 ] ] } },
{ "type": "Feature", "properties": { "u": 3.1922783631067082, "v": 3.2973677266457564, "speed": 4.5894743786499399, "direction": 44.072268240936197, "timestamp": "20240716T12" }, "geometry": { "type": "LineString", "coordinates": [ [ -78.25, 43.75 ], [ -78.05093646663596, 43.898530077776833 ] ] } },
{ "type": "Feature", "properties": { "u": 4.3285168458963668, "v": 3.297423589922972, "speed": 5.4414208086297764, "direction": 52.700189300880439, "timestamp": "20240716T12" }, "geometry": { "type": "LineString", "coordinates": [ [ -78.25, 44.0 ], [ -77.978948354852818, 44.148532594140676 ] ] } },
{ "type": "Feature", "properties": { "u": 6.1271945644786392, "v": 2.7523223551478124, "speed": 6.7169778604386501, "direction": 65.810488467536857, "timestamp": "20240716T12" }, "geometry": { "type": "LineString", "coordinates": [ [ -78.25, 44.25 ], [ -77.864687971057094, 44.373978484466114 ] ] } },
{ "type": "Feature", "properties": { "u": 6.9464250318969576, "v": 1.8072599649051668, "speed": 7.1776743660125506, "direction": 75.416594485563593, "timestamp": "20240716T12" }, "geometry": { "type": "LineString", "coordinates": [ [ -78.25, 44.5 ], [ -77.81130132292958, 44.581408106527263 ] ] } },
{ "type": "Feature", "properties": { "u": 7.9107038586725489, "v": 1.392291909596115, "speed": 8.0322918461136332, "direction": 80.0181142965871, "timestamp": "20240716T12" }, "geometry": { "type": "LineString", "coordinates": [ [ -78.25, 44.75 ], [ -77.748246480590822, 44.812715851783608 ] ] } },
{ "type": "Feature", "properties": { "u": 9.4740938879739556, "v": 2.0744064402280853, "speed": 9.6985368524022846, "direction": 77.649668092159189, "timestamp": "20240716T12" }, "geometry": { "type": "LineString", "coordinates": [ [ -78.25, 45.0 ], [ -77.646468825785192, 45.093441731541809 ] ] } },
{ "type": "Feature", "properties": { "u": 10.816320402543887, "v": 3.2332202052401335, "speed": 11.289220519861423, "direction": 73.357514989076449, "timestamp": "20240716T12" }, "geometry": { "type": "LineString", "coordinates": [ [ -78.25, 45.25 ], [ -77.557938281929069, 45.39564054978559 ] ] } },
{ "type": "Feature", "properties": { "u": 11.154122901006211, "v": 4.2224711359149083, "speed": 11.926597175405304, "direction": 69.265489885011363, "timestamp": "20240716T12" }, "geometry": { "type": "LineString", "coordinates": [ [ -78.25, 45.5 ], [ -77.533162608764073, 45.690201402518689 ] ] } },
{ "type": "Feature", "properties": { "u": 11.620119675250105, "v": 4.8609295516897353, "speed": 12.595865090323299, "direction": 67.299462032598896, "timestamp": "20240716T12" }, "geometry": { "type": "LineString", "coordinates": [ [ -78.25, 45.75 ], [ -77.499876797800852, 45.968960790616656 ] ] } },
{ "type": "Feature", "properties": { "u": 11.479503148150002, "v": 5.311372764094445, "speed": 12.6487024301922, "direction": 65.170814319638183, "timestamp": "20240716T12" }, "geometry": { "type": "LineString", "coordinates": [ [ -78.25, 46.0 ], [ -77.505612890604795, 46.239251025409658 ] ] } },
{ "type": "Feature", "properties": { "u": 10.509192918675195, "v": 5.3683749511758343, "speed": 11.800956970447142, "direction": 62.940847570358777, "timestamp": "20240716T12" }, "geometry": { "type": "LineString", "coordinates": [ [ -78.0, 41.0 ], [ -77.372755983475045, 41.241818691494409 ] ] } },
{ "type": "Feature", "properties": { "u": 11.066530885979475, "v": 5.27837956123612, "speed": 12.26088890100603, "direction": 64.50035810724593, "timestamp": "20240716T12" }, "geometry": { "type": "LineString", "coordinates": [ [ -78.0, 41.25 ], [ -77.336969953848495, 41.487764845100727 ] ] } },
{ "type": "Feature", "properties": { "u": 11.177644256114414, "v": 5.1396044516723691, "speed": 12.302652764176431, "direction": 65.306505272004742, "timestamp": "20240716T12" }, "geometry": { "type": "LineString", "coordinates": [ [ -78.0, 41.5 ], [ -77.327733970062013, 41.731513714039295 ] ] } },
{ "type": "Feature", "properties": { "u": 11.983036561296776, "v": 5.2314977408493677, "speed": 13.075233605633489, "direction": 66.415107169861898, "timestamp": "20240716T12" }, "geometry": { "type": "LineString", "coordinates": [ [ -78.0, 41.75 ], [ -77.276494758013229, 41.985653051389612 ] ] } },
{ "type": "Feature", "properties": { "u": 11.52223244374734, "v": 5.3925415244703929, "speed": 12.721687961150488, "direction": 64.919848189505117, "timestamp": "20240716T12" }, "geometry": { "type": "LineString", "coordinates": [ [ -78.0, 42.0 ], [ -77.301590401151401, 42.242907275877045 ] ] } },
{ "type": "Feature", "properties": { "u": 10.246866717087268, "v": 4.9900268585760177, "speed": 11.397308698419153, "direction": 64.034809286364904, "timestamp": "20240716T12" }, "geometry": { "type": "LineString", "coordinates": [ [ -78.0, 42.25 ], [ -77.376439787540903, 42.474775984620543 ] ] } },
{ "type": "Feature", "properties": { "u": 8.7791547334629705, "v": 3.9134769279499939, "speed": 9.6119123747401165, "direction": 65.974158569506884, "timestamp": "20240716T12" }, "geometry": { "type": "LineString", "coordinates": [ [ -78.0, 42.5 ], [ -77.463624608160032, 42.676282744502252 ] ] } },
{ "type": "Feature", "properties": { "u": 6.9128119998175688, "v": 3.6386095796692253, "speed": 7.8119427428830042, "direction": 62.239593594811602, "timestamp": "20240716T12" }, "geometry": { "type": "LineString", "coordinates": [ [ -78.0, 42.75 ], [ -77.575952086557976, 42.913901332417531 ] ] } },
{ "type": "Feature", "properties": { "u": 5.8993994706415762, "v": 3.2919951881323759, "speed": 6.7557491392807671, "direction": 60.837517892686549, "timestamp": "20240716T12" }, "geometry": { "type": "LineString", "coordinates": [ [ -78.0, 43.0 ], [ -77.636648157648708, 43.148288071537493 ] ] } },
{ "type": "Feature", "properties": { "u": 4.416198695365237, "v": 3.0921832490021477, "speed": 5.3911416381277819, "direction": 55.000630015634187, "timestamp": "20240716T12" }, "geometry": { "type": "LineString", "coordinates": [ [ -78.0, 43.25 ], [ -77.72688660396129, 43.389287533738838 ] ] } },
{ "type": "Feature", "properties": { "u": 3.3616987758098178, "v": 2.9533407588611182, "speed": 4.4747335448305297, "direction": 48.699843955035774, "timestamp": "20240716T12" }, "geometry": { "type": "LineString", "coordinates": [ [ -78.0, 43.5 ], [ -77.791241765858231, 43.633033367516269 ] ] } },
{ "type": "Feature", "properties": { "u": 3.1293869169950339, "v": 3.3333180698866629, "speed": 4.5720970933798677, "direction": 43.192626992672231, "timestamp": "20240716T12" }, "geometry": { "type": "LineString", "coordinates": [ [ -78.0, 43.75 ], [ -77.804858240384149, 43.900149462607509 ] ] } },
{ "type": "Feature", "properties": { "u": 3.9817712054880885, "v": 3.6329613769479372, "speed": 5.3900751663821458, "direction": 47.622727713701117, "timestamp": "20240716T12" }, "geometry": { "type": "LineString", "coordinates": [ [ -78.0, 44.0 ], [ -77.750661560467208, 44.163646908871527 ] ] } },
{ "type": "Feature", "properties": { "u": 5.5294780368574834, "v": 3.3888325815786184, "speed": 6.4853152295056633, "direction": 58.497257433034889, "timestamp": "20240716T12" }, "geometry": { "type": "LineString", "coordinates": [ [ -78.0, 44.25 ], [ -77.652275706449998, 44.402650116287326 ] ] } },
{ "type": "Feature", "properties": { "u": 6.6749375957368819, "v": 2.5878258316449303, "speed": 7.1590246851027439, "direction": 68.809042298826014, "timestamp": "20240716T12" }, "geometry": { "type": "LineString", "coordinates": [ [ -78.0, 44.5 ], [ -77.578447002691149, 44.616568731155176 ] ] } },
{ "type": "Feature", "properties": { "u": 7.7791081757853027, "v": 1.8834876498321793, "speed": 8.0038771690750021, "direction": 76.389401075866445, "timestamp": "20240716T12" }, "geometry": { "type": "LineString", "coordinates": [ [ -78.0, 44.75 ], [ -77.506593221690892, 44.834841786028477 ] ] } },
{ "type": "Feature", "properties": { "u": 9.1771436303534628, "v": 2.1858653813317432, "speed": 9.4338736835640162, "direction": 76.602591405023801, "timestamp": "20240716T12" }, "geometry": { "type": "LineString", "coordinates": [ [ -78.0, 45.0 ], [ -77.41538554117605, 45.098462404564494 ] ] } },
{ "type": "Feature", "properties": { "u": 10.560530898095365, "v": 3.1000866493157817, "speed": 11.006150556979168, "direction": 73.640184763367785, "timestamp": "20240716T12" }, "geometry": { "type": "LineString", "coordinates": [ [ -78.0, 45.25 ], [ -77.324304487563239, 45.389643542761974 ] ] } },
{ "type": "Feature", "properties": { "u": 11.29681865234836, "v": 3.9327626463349779, "speed": 11.961803112259185, "direction": 70.805454521833951, "timestamp": "20240716T12" }, "geometry": { "type": "LineString", "coordinates": [ [ -78.0, 45.5 ], [ -77.273992040083741, 45.677151470555629 ] ] } },
{ "type": "Feature", "properties": { "u": 11.556094077734643, "v": 4.4366173139214871, "speed": 12.378484702242096, "direction": 68.997198065845183, "timestamp": "20240716T12" }, "geometry": { "type": "LineString", "coordinates": [ [ -78.0, 45.75 ], [ -77.254009895184808, 45.949847626753218 ] ] } },
{ "type": "Feature", "properties": { "u": 11.336970115381643, "v": 4.6304927454264018, "speed": 12.246156722110941, "direction": 67.782841814748821, "timestamp": "20240716T12" }, "geometry": { "type": "LineString", "coordinates": [ [ -78.0, 46.0 ], [ -77.264855429318061, 46.208580754298488 ] ] } },
{ "type": "Feature", "properties": { "u": 9.951427873167157, "v": 5.1851424383520284, "speed": 11.221257452747771, "direction": 62.478455247217383, "timestamp": "20240716T12" }, "geometry": { "type": "LineString", "coordinates": [ [ -77.75, 41.0 ], [ -77.156046340796394, 41.233564974700542 ] ] } },
{ "type": "Feature", "properties": { "u": 10.862180473925477, "v": 5.0971682730631453, "speed": 11.998670303498194, "direction": 64.861293055441479, "timestamp": "20240716T12" }, "geometry": { "type": "LineString", "coordinates": [ [ -77.75, 41.25 ], [ -77.099213218203985, 41.4796021744623 ] ] } },
{ "type": "Feature", "properties": { "u": 11.311042627685293, "v": 5.0952562537484081, "speed": 12.405697143517411, "direction": 65.749987047117258, "timestamp": "20240716T12" }, "geometry": { "type": "LineString", "coordinates": [ [ -77.75, 41.5 ], [ -77.069710884731933, 41.729516047466142 ] ] } },
{ "type": "Feature", "properties": { "u": 12.674472806717011, "v": 5.1482951810609263, "speed": 13.680175590961694, "direction": 67.893304299068461, "timestamp": "20240716T12" }, "geometry": { "type": "LineString", "coordinates": [ [ -77.75, 41.75 ], [ -76.984747597725246, 41.981905188336079 ] ] } },
{ "type": "Feature", "properties": { "u": 12.301688470400295, "v": 5.1582370535747666, "speed": 13.339375874592156, "direction": 67.251144917868729, "timestamp": "20240716T12" }, "geometry": { "type": "LineString", "coordinates": [ [ -77.75, 42.0 ], [ -77.004344385802156, 42.232353020431297 ] ] } },
{ "type": "Feature", "properties": { "u": 10.980255900870732, "v": 4.8019441466736179, "speed": 11.984351765380536, "direction": 66.379022355067534, "timestamp": "20240716T12" }, "geometry": { "type": "LineString", "coordinates": [ [ -77.75, 42.25 ], [ -77.081810309293402, 42.466303790390704 ] ] } },
{ "type": "Feature", "properties": { "u": 9.2905787829794058, "v": 4.055914021142744, "speed": 10.137321770055905, "direction": 66.415745153697131, "timestamp": "20240716T12" }, "geometry": { "type": "LineString", "coordinates": [ [ -77.75, 42.5 ], [ -77.182378402427929, 42.682698829781202 ] ] } },
{ "type": "Feature", "properties": { "u": 7.2464965452170045, "v": 3.8012815631784935, "speed": 8.1829978432358583, "direction": 62.319925834297443, "timestamp": "20240716T12" }, "geometry": { "type": "LineString", "coordinates": [ [ -77.75, 42.75 ], [ -77.305483102991204, 42.921228899242273 ] ] } },
{ "type": "Feature", "properties": { "u": 5.8648501470651446, "v": 3.2933472820336607, "speed": 6.7262622285790012, "direction": 60.684051984417223, "timestamp": "20240716T12" }, "geometry": { "type": "LineString", "coordinates": [ [ -77.75, 43.0 ], [ -77.388776096337367, 43.148348976668181 ] ] } },
{ "type": "Feature", "properties": { "u": 4.1115887059739258, "v": 3.1591194927624011, "speed": 5.1850937943921238, "direction": 52.463298368355154, "timestamp": "20240716T12" }, "geometry": { "type": "LineString", "coordinates": [ [ -77.75, 43.25 ], [ -77.495724766464548, 43.392302679854161 ] ] } },
{ "type": "Feature", "properties": { "u": 2.9810825295558696, "v": 3.0131936659548351, "speed": 4.2386541633605308, "direction": 44.693071368077696, "timestamp": "20240716T12" }, "geometry": { "type": "LineString", "coordinates": [ [ -77.75, 43.5 ], [ -77.564877665667396, 43.635729444412377 ] ] } },
{ "type": "Feature", "properties": { "u": 2.8936898537607423, "v": 3.3282164476795861, "speed": 4.4102682109326174, "direction": 41.005053724665913, "timestamp": "20240716T12" }, "geometry": { "type": "LineString", "coordinates": [ [ -77.75, 43.75 ], [ -77.569555796447304, 43.899919659805384 ] ] } },
{ "type": "Feature", "properties": { "u": 3.6721565001433265, "v": 3.8603335817124971, "speed": 5.3279366290940553, "direction": 43.568931346417166, "timestamp": "20240716T12" }, "geometry": { "type": "LineString", "coordinates": [ [ -77.75, 44.0 ], [ -77.520049627611954, 44.173888900077138 ] ] } },
{ "type": "Feature", "properties": { "u": 4.9794031415407218, "v": 3.9612106091752959, "speed": 6.3628331061115002, "direction": 51.497078888351417, "timestamp": "20240716T12" }, "geometry": { "type": "LineString", "coordinates": [ [ -77.75, 44.25 ], [ -77.436867471368615, 44.42843291032321 ] ] } },
{ "type": "Feature", "properties": { "u": 6.4758037592839317, "v": 3.4932084450062924, "speed": 7.3578896138104151, "direction": 61.656480710209316, "timestamp": "20240716T12" }, "geometry": { "type": "LineString", "coordinates": [ [ -77.75, 44.5 ], [ -77.341023219984322, 44.657351731757039 ] ] } },
{ "type": "Feature", "properties": { "u": 7.6144713563093989, "v": 2.5761881023393398, "speed": 8.0384649762682336, "direction": 71.30788741004767, "timestamp": "20240716T12" }, "geometry": { "type": "LineString", "coordinates": [ [ -77.75, 44.75 ], [ -77.267035668415247, 44.866044509114381 ] ] } },
{ "type": "Feature", "properties": { "u": 8.8422104787015421, "v": 2.4822954760458922, "speed": 9.1840338076499517, "direction": 74.318845226351286, "timestamp": "20240716T12" }, "geometry": { "type": "LineString", "coordinates": [ [ -77.75, 45.0 ], [ -77.186721892777598, 45.111815111533602 ] ] } },
{ "type": "Feature", "properties": { "u": 10.05214031989124, "v": 3.0468174011813267, "speed": 10.503743203588161, "direction": 73.137872455734438, "timestamp": "20240716T12" }, "geometry": { "type": "LineString", "coordinates": [ [ -77.75, 45.25 ], [ -77.106832893149331, 45.387244027080243 ] ] } },
{ "type": "Feature", "properties": { "u": 11.036504785986601, "v": 3.5732917250466723, "speed": 11.600553936920088, "direction": 72.059590493728322, "timestamp": "20240716T12" }, "geometry": { "type": "LineString", "coordinates": [ [ -77.75, 45.5 ], [ -77.040721523389735, 45.660959086713817 ] ] } },
{ "type": "Feature", "properties": { "u": 11.181788892992778, "v": 3.6964208742963196, "speed": 11.77692362747548, "direction": 71.707400785182458, "timestamp": "20240716T12" }, "geometry": { "type": "LineString", "coordinates": [ [ -77.75, 45.75 ], [ -77.028172727550157, 45.916505444788122 ] ] } },
{ "type": "Feature", "properties": { "u": 10.81203640968684, "v": 3.6572744166753863, "speed": 11.413841924753566, "direction": 71.311402146708105, "timestamp": "20240716T12" }, "geometry": { "type": "LineString", "coordinates": [ [ -77.75, 46.0 ], [ -77.048894697286656, 46.164742090841237 ] ] } },
{ "type": "Feature", "properties": { "u": 9.1402013271046219, "v": 5.4071108121900826, "speed": 10.6197988509815, "direction": 59.392519592550997, "timestamp": "20240716T12" }, "geometry": { "type": "LineString", "coordinates": [ [ -77.5, 41.0 ], [ -76.954464616205513, 41.243563550098649 ] ] } },
{ "type": "Feature", "properties": { "u": 10.120076259984124, "v": 5.2260181674344022, "speed": 11.389785309401081, "direction": 62.688121421447114, "timestamp": "20240716T12" }, "geometry": { "type": "LineString", "coordinates": [ [ -77.5, 41.25 ], [ -76.893674973770231, 41.485406223758304 ] ] } },
{ "type": "Feature", "properties": { "u": 11.388851129381946, "v": 5.2900267119413575, "speed": 12.55748034680037, "direction": 65.085523224123321, "timestamp": "20240716T12" }, "geometry": { "type": "LineString", "coordinates": [ [ -77.5, 41.5 ], [ -76.815031185563441, 41.738289491528889 ] ] } },
{ "type": "Feature", "properties": { "u": 12.647285080596884, "v": 5.2374702415746128, "speed": 13.688860962157085, "direction": 67.504666526482495, "timestamp": "20240716T12" }, "geometry": { "type": "LineString", "coordinates": [ [ -77.5, 41.75 ], [ -76.736389123415748, 41.985922082953813 ] ] } },
{ "type": "Feature", "properties": { "u": 12.248582019579359, "v": 5.3155470316279878, "speed": 13.352258300969611, "direction": 66.540485261350881, "timestamp": "20240716T12" }, "geometry": { "type": "LineString", "coordinates": [ [ -77.5, 42.0 ], [ -76.757563384828188, 42.239439055478741 ] ] } },
{ "type": "Feature", "properties": { "u": 11.771270617785474, "v": 4.8990651843002233, "speed": 12.750045162161669, "direction": 67.403492593332331, "timestamp": "20240716T12" }, "geometry": { "type": "LineString", "coordinates": [ [ -77.5, 42.25 ], [ -76.783674101557324, 42.470678611905413 ] ] } },
{ "type": "Feature", "properties": { "u": 10.163258191299619, "v": 4.3008314705638888, "speed": 11.035803930897448, "direction": 67.063158879453098, "timestamp": "20240716T12" }, "geometry": { "type": "LineString", "coordinates": [ [ -77.5, 42.5 ], [ -76.879060768350442, 42.693731147322701 ] ] } },
{ "type": "Feature", "properties": { "u": 7.5130392651744611, "v": 4.1764368376890673, "speed": 8.595835250821148, "direction": 60.930676821285431, "timestamp": "20240716T12" }, "geometry": { "type": "LineString", "coordinates": [ [ -77.5, 42.75 ], [ -77.039132754646118, 42.938127785481491 ] ] } },
{ "type": "Feature", "properties": { "u": 5.6840783471034673, "v": 3.8550116458756971, "speed": 6.8680318465953354, "direction": 55.85439830619525, "timestamp": "20240716T12" }, "geometry": { "type": "LineString", "coordinates": [ [ -77.5, 43.0 ], [ -77.149910071395027, 43.173649173237642 ] ] } },
{ "type": "Feature", "properties": { "u": 3.9253373425248594, "v": 3.5000195096312301, "speed": 5.2591263362291807, "direction": 48.278269175524251, "timestamp": "20240716T12" }, "geometry": { "type": "LineString", "coordinates": [ [ -77.5, 43.25 ], [ -77.257243211601946, 43.407658536469874 ] ] } },
{ "type": "Feature", "properties": { "u": 2.8176834028198603, "v": 3.1863918333017329, "speed": 4.2535200333204601, "direction": 41.485896612125735, "timestamp": "20240716T12" }, "geometry": { "type": "LineString", "coordinates": [ [ -77.5, 43.5 ], [ -77.32502459298972, 43.643531163662239 ] ] } },
{ "type": "Feature", "properties": { "u": 2.7270177904582256, "v": 3.3734231160475781, "speed": 4.33781160832969, "direction": 38.951484133634722, "timestamp": "20240716T12" }, "geometry": { "type": "LineString", "coordinates": [ [ -77.5, 43.75 ], [ -77.329949103690652, 43.901955996218362 ] ] } },
{ "type": "Feature", "properties": { "u": 3.5048232249181774, "v": 3.9673585289614861, "speed": 5.2937434330773243, "direction": 41.457855196869339, "timestamp": "20240716T12" }, "geometry": { "type": "LineString", "coordinates": [ [ -77.5, 44.0 ], [ -77.280528034223835, 44.178709843646914 ] ] } },
{ "type": "Feature", "properties": { "u": 4.6226221600064621, "v": 4.3102331730368562, "speed": 6.3203437912925411, "direction": 47.002862333924234, "timestamp": "20240716T12" }, "geometry": { "type": "LineString", "coordinates": [ [ -77.5, 44.25 ], [ -77.209303841298848, 44.44415464743409 ] ] } },
{ "type": "Feature", "properties": { "u": 6.1252925630383057, "v": 4.0799904248240155, "speed": 7.359723557951618, "direction": 56.332849722693396, "timestamp": "20240716T12" }, "geometry": { "type": "LineString", "coordinates": [ [ -77.5, 44.5 ], [ -77.113159613508358, 44.683783352469547 ] ] } },
{ "type": "Feature", "properties": { "u": 7.4793763898408185, "v": 3.306900081880594, "speed": 8.1778150708150736, "direction": 66.148062423906381, "timestamp": "20240716T12" }, "geometry": { "type": "LineString", "coordinates": [ [ -77.5, 44.75 ], [ -77.025604359152652, 44.898959463147776 ] ] } },
{ "type": "Feature", "properties": { "u": 8.7552570727412089, "v": 2.9680729367997802, "speed": 9.2446732428976759, "direction": 71.273101717229849, "timestamp": "20240716T12" }, "geometry": { "type": "LineString", "coordinates": [ [ -77.5, 45.0 ], [ -76.942261112867854, 45.133696979135124 ] ] } },
{ "type": "Feature", "properties": { "u": 9.9857728761953606, "v": 3.1812760953217398, "speed": 10.480275641872426, "direction": 72.329116731953761, "timestamp": "20240716T12" }, "geometry": { "type": "LineString", "coordinates": [ [ -77.5, 45.25 ], [ -76.861079287985916, 45.393300725014491 ] ] } },
{ "type": "Feature", "properties": { "u": 10.481579546284271, "v": 3.2322089560949112, "speed": 10.968622726712089, "direction": 72.861785736339172, "timestamp": "20240716T12" }, "geometry": { "type": "LineString", "coordinates": [ [ -77.5, 45.5 ], [ -76.826384673660684, 45.645594998022297 ] ] } },
{ "type": "Feature", "properties": { "u": 10.578492383571446, "v": 2.8771050707325312, "speed": 10.962765832458246, "direction": 74.784908146420548, "timestamp": "20240716T12" }, "geometry": { "type": "LineString", "coordinates": [ [ -77.5, 45.75 ], [ -76.817117826410595, 45.879599327510476 ] ] } },
{ "type": "Feature", "properties": { "u": 10.174346849004264, "v": 2.9934250876012136, "speed": 10.605561161905737, "direction": 73.605431565891664, "timestamp": "20240716T12" }, "geometry": { "type": "LineString", "coordinates": [ [ -77.5, 46.0 ], [ -76.840245606175472, 46.134838967909964 ] ] } },
{ "type": "Feature", "properties": { "u": 7.7730062155797599, "v": 5.8265232757579497, "speed": 9.714319281884384, "direction": 53.145349518462645, "timestamp": "20240716T12" }, "geometry": { "type": "LineString", "coordinates": [ [ -77.25, 41.0 ], [ -76.786066025539455, 41.262456003412524 ] ] } },
{ "type": "Feature", "properties": { "u": 8.6280738587997092, "v": 5.4338419095840447, "speed": 10.196582584927897, "direction": 57.797842134927052, "timestamp": "20240716T12" }, "geometry": { "type": "LineString", "coordinates": [ [ -77.25, 41.25 ], [ -76.733065445916182, 41.494767653584866 ] ] } },
{ "type": "Feature", "properties": { "u": 11.054954286102934, "v": 5.5265856451576267, "speed": 12.359415971682804, "direction": 63.438645316861461, "timestamp": "20240716T12" }, "geometry": { "type": "LineString", "coordinates": [ [ -77.25, 41.5 ], [ -76.585113011402299, 41.748945299331425 ] ] } },
{ "type": "Feature", "properties": { "u": 12.633364497961816, "v": 5.3336097756066252, "speed": 13.713106569147946, "direction": 67.111286143631034, "timestamp": "20240716T12" }, "geometry": { "type": "LineString", "coordinates": [ [ -77.25, 41.75 ], [ -76.48722961275719, 41.990252692594893 ] ] } },
{ "type": "Feature", "properties": { "u": 12.483537862208649, "v": 5.4534708391980535, "speed": 13.622740610874907, "direction": 66.401744949954235, "timestamp": "20240716T12" }, "geometry": { "type": "LineString", "coordinates": [ [ -77.25, 42.0 ], [ -76.493321750960888, 42.245651839603518 ] ] } },
{ "type": "Feature", "properties": { "u": 12.024159611374886, "v": 5.3451946278151929, "speed": 13.158705102290401, "direction": 66.033039945682901, "timestamp": "20240716T12" }, "geometry": { "type": "LineString", "coordinates": [ [ -77.25, 42.25 ], [ -76.518284859272342, 42.490774532784471 ] ] } },
{ "type": "Feature", "properties": { "u": 9.7847569618339119, "v": 5.054948664291369, "speed": 11.013354384599557, "direction": 62.678461724794971, "timestamp": "20240716T12" }, "geometry": { "type": "LineString", "coordinates": [ [ -77.25, 42.5 ], [ -76.652185858570434, 42.727700390283395 ] ] } },
{ "type": "Feature", "properties": { "u": 7.2258440061567741, "v": 4.8987959077504541, "speed": 8.7298924934448294, "direction": 55.864502034967188, "timestamp": "20240716T12" }, "geometry": { "type": "LineString", "coordinates": [ [ -77.25, 42.75 ], [ -76.806749977614146, 42.970666482331104 ] ] } },
{ "type": "Feature", "properties": { "u": 5.1863064248852844, "v": 4.5174666536804491, "speed": 6.8778833444542524, "direction": 48.942918125294447, "timestamp": "20240716T12" }, "geometry": { "type": "LineString", "coordinates": [ [ -77.25, 43.0 ], [ -76.930568504665871, 43.203489488904523 ] ] } },
{ "type": "Feature", "properties": { "u": 3.6123967318594112, "v": 4.249412435669953, "speed": 5.577357456428178, "direction": 40.367637466584846, "timestamp": "20240716T12" }, "geometry": { "type": "LineString", "coordinates": [ [ -77.25, 43.25 ], [ -77.026596569281921, 43.441414974579729 ] ] } },
{ "type": "Feature", "properties": { "u": 2.833359952334535, "v": 3.70034734463237, "speed": 4.6605256238348254, "direction": 37.441319563183299, "timestamp": "20240716T12" }, "geometry": { "type": "LineString", "coordinates": [ [ -77.25, 43.5 ], [ -77.074051094466398, 43.66668231282128 ] ] } },
{ "type": "Feature", "properties": { "u": 2.8927417110297986, "v": 3.6961938691773319, "speed": 4.6935917723291301, "direction": 38.047698619397963, "timestamp": "20240716T12" }, "geometry": { "type": "LineString", "coordinates": [ [ -77.25, 43.75 ], [ -77.069614920565158, 43.916495219332312 ] ] } },
{ "type": "Feature", "properties": { "u": 3.6331199839450159, "v": 4.2188112720095194, "speed": 5.567578411354007, "direction": 40.734093066106787, "timestamp": "20240716T12" }, "geometry": { "type": "LineString", "coordinates": [ [ -77.25, 44.0 ], [ -77.022494093537148, 44.19003654378421 ] ] } },
{ "type": "Feature", "properties": { "u": 4.5783856740567952, "v": 4.5932424560571636, "speed": 6.4853289539185708, "direction": 44.907188761999372, "timestamp": "20240716T12" }, "geometry": { "type": "LineString", "coordinates": [ [ -77.25, 44.25 ], [ -76.962085677255786, 44.456902813335908 ] ] } },
{ "type": "Feature", "properties": { "u": 6.027170895387842, "v": 4.4007688845736208, "speed": 7.4628115196379996, "direction": 53.864763290570913, "timestamp": "20240716T12" }, "geometry": { "type": "LineString", "coordinates": [ [ -77.25, 44.5 ], [ -76.869356447936511, 44.698232832638453 ] ] } },
{ "type": "Feature", "properties": { "u": 7.7172295152471948, "v": 3.8635257493561026, "speed": 8.630322277119209, "direction": 63.405787324619517, "timestamp": "20240716T12" }, "geometry": { "type": "LineString", "coordinates": [ [ -77.25, 44.75 ], [ -76.760518009706729, 44.924032691412435 ] ] } },
{ "type": "Feature", "properties": { "u": 9.0494895819050019, "v": 3.4421920047324028, "speed": 9.6820425267838424, "direction": 69.174478502597808, "timestamp": "20240716T12" }, "geometry": { "type": "LineString", "coordinates": [ [ -77.25, 45.0 ], [ -76.673517527059275, 45.155053693906865 ] ] } },
{ "type": "Feature", "properties": { "u": 10.021462181447479, "v": 3.2792287344777789, "speed": 10.544337122228537, "direction": 71.880838208841709, "timestamp": "20240716T12" }, "geometry": { "type": "LineString", "coordinates": [ [ -77.25, 45.25 ], [ -76.608795775572233, 45.397713006057558 ] ] } },
{ "type": "Feature", "properties": { "u": 10.266716995397296, "v": 2.9052344318304182, "speed": 10.669857776347007, "direction": 74.199760471851377, "timestamp": "20240716T12" }, "geometry": { "type": "LineString", "coordinates": [ [ -77.25, 45.5 ], [ -76.590193156122197, 45.630866415848217 ] ] } },
{ "type": "Feature", "properties": { "u": 9.6110860337210227, "v": 2.4744424060201862, "speed": 9.9245070390573176, "direction": 75.562339666621895, "timestamp": "20240716T12" }, "geometry": { "type": "LineString", "coordinates": [ [ -77.25, 45.75 ], [ -76.629567609137283, 45.861461369640551 ] ] } },
{ "type": "Feature", "properties": { "u": 9.1331855641897803, "v": 2.7169446385930485, "speed": 9.5287389889273442, "direction": 73.433284610353184, "timestamp": "20240716T12" }, "geometry": { "type": "LineString", "coordinates": [ [ -77.25, 46.0 ], [ -76.65775959429979, 46.122384893630318 ] ] } }
]
}
