{
"type": "FeatureCollection",
"name": "geojson_sounding_points_20240716T12",
"crs": { "type": "name", "properties": { "name": "urn:ogc:def:crs:OGC:1.3:CRS84" } },
"features": [
{ "type": "Feature", "properties": { "lat": 41.0, "lon": -82.25, "image_url": "https://raw.githubusercontent.com/severe-weather-lab/soundings/refs/heads/main/input_multiple_soundings/flood/13_UTC_Toronto_2024/20240716_12/input_sounding_2024-07-16T12_-82.25_41.0.png", "timestamp": "20240716T12" }, "geometry": { "type": "Point", "coordinates": [ -82.25, 41.0 ] } },
{ "type": "Feature", "properties": { "lat": 41.25, "lon": -82.25, "image_url": "https://raw.githubusercontent.com/severe-weather-lab/soundings/refs/heads/main/input_multiple_soundings/flood/13_UTC_Toronto_2024/20240716_12/input_sounding_2024-07-16T12_-82.25_41.25.png", "timestamp": "20240716T12" }, "geometry": { "type": "Point", "coordinates": [ -82.25, 41.25 ] } },
{ "type": "Feature", "properties": { "lat": 41.5, "lon": -82.25, "image_url": "https://raw.githubusercontent.com/severe-weather-lab/soundings/refs/heads/main/input_multiple_soundings/flood/13_UTC_Toronto_2024/20240716_12/input_sounding_2024-07-16T12_-82.25_41.5.png", "timestamp": "20240716T12" }, "geometry": { "type": "Point", "coordinates": [ -82.25, 41.5 ] } },
{ "type": "Feature", "properties": { "lat": 41.75, "lon": -82.25, "image_url": "https://raw.githubusercontent.com/severe-weather-lab/soundings/refs/heads/main/input_multiple_soundings/flood/13_UTC_Toronto_2024/20240716_12/input_sounding_2024-07-16T12_-82.25_41.75.png", "timestamp": "20240716T12" }, "geometry": { "type": "Point", "coordinates": [ -82.25, 41.75 ] } },
{ "type": "Feature", "properties": { "lat": 42.0, "lon": -82.25, "image_url": "https://raw.githubusercontent.com/severe-weather-lab/soundings/refs/heads/main/input_multiple_soundings/flood/13_UTC_Toronto_2024/20240716_12/input_sounding_2024-07-16T12_-82.25_42.0.png", "timestamp": "20240716T12" }, "geometry": { "type": "Point", "coordinates": [ -82.25, 42.0 ] } },
{ "type": "Feature", "properties": { "lat": 42.25, "lon": -82.25, "image_url": "https://raw.githubusercontent.com/severe-weather-lab/soundings/refs/heads/main/input_multiple_soundings/flood/13_UTC_Toronto_2024/20240716_12/input_sounding_2024-07-16T12_-82.25_42.25.png", "timestamp": "20240716T12" }, "geometry": { "type": "Point", "coordinates": [ -82.25, 42.25 ] } },
{ "type": "Feature", "properties": { "lat": 42.5, "lon": -82.25, "image_url": "https://raw.githubusercontent.com/severe-weather-lab/soundings/refs/heads/main/input_multiple_soundings/flood/13_UTC_Toronto_2024/20240716_12/input_sounding_2024-07-16T12_-82.25_42.5.png", "timestamp": "20240716T12" }, "geometry": { "type": "Point", "coordinates": [ -82.25, 42.5 ] } },
{ "type": "Feature", "properties": { "lat": 42.75, "lon": -82.25, "image_url": "https://raw.githubusercontent.com/severe-weather-lab/soundings/refs/heads/main/input_multiple_soundings/flood/13_UTC_Toronto_2024/20240716_12/input_sounding_2024-07-16T12_-82.25_42.75.png", "timestamp": "20240716T12" }, "geometry": { "type": "Point", "coordinates": [ -82.25, 42.75 ] } },
{ "type": "Feature", "properties": { "lat": 43.0, "lon": -82.25, "image_url": "https://raw.githubusercontent.com/severe-weather-lab/soundings/refs/heads/main/input_multiple_soundings/flood/13_UTC_Toronto_2024/20240716_12/input_sounding_2024-07-16T12_-82.25_43.0.png", "timestamp": "20240716T12" }, "geometry": { "type": "Point", "coordinates": [ -82.25, 43.0 ] } },
{ "type": "Feature", "properties": { "lat": 43.25, "lon": -82.25, "image_url": "https://raw.githubusercontent.com/severe-weather-lab/soundings/refs/heads/main/input_multiple_soundings/flood/13_UTC_Toronto_2024/20240716_12/input_sounding_2024-07-16T12_-82.25_43.25.png", "timestamp": "20240716T12" }, "geometry": { "type": "Point", "coordinates": [ -82.25, 43.25 ] } },
{ "type": "Feature", "properties": { "lat": 43.5, "lon": -82.25, "image_url": "https://raw.githubusercontent.com/severe-weather-lab/soundings/refs/heads/main/input_multiple_soundings/flood/13_UTC_Toronto_2024/20240716_12/input_sounding_2024-07-16T12_-82.25_43.5.png", "timestamp": "20240716T12" }, "geometry": { "type": "Point", "coordinates": [ -82.25, 43.5 ] } },
{ "type": "Feature", "properties": { "lat": 43.75, "lon": -82.25, "image_url": "https://raw.githubusercontent.com/severe-weather-lab/soundings/refs/heads/main/input_multiple_soundings/flood/13_UTC_Toronto_2024/20240716_12/input_sounding_2024-07-16T12_-82.25_43.75.png", "timestamp": "20240716T12" }, "geometry": { "type": "Point", "coordinates": [ -82.25, 43.75 ] } },
{ "type": "Feature", "properties": { "lat": 44.0, "lon": -82.25, "image_url": "https://raw.githubusercontent.com/severe-weather-lab/soundings/refs/heads/main/input_multiple_soundings/flood/13_UTC_Toronto_2024/20240716_12/input_sounding_2024-07-16T12_-82.25_44.0.png", "timestamp": "20240716T12" }, "geometry": { "type": "Point", "coordinates": [ -82.25, 44.0 ] } },
{ "type": "Feature", "properties": { "lat": 44.25, "lon": -82.25, "image_url": "https://raw.githubusercontent.com/severe-weather-lab/soundings/refs/heads/main/input_multiple_soundings/flood/13_UTC_Toronto_2024/20240716_12/input_sounding_2024-07-16T12_-82.25_44.25.png", "timestamp": "20240716T12" }, "geometry": { "type": "Point", "coordinates": [ -82.25, 44.25 ] } },
{ "type": "Feature", "properties": { "lat": 44.5, "lon": -82.25, "image_url": "https://raw.githubusercontent.com/severe-weather-lab/soundings/refs/heads/main/input_multiple_soundings/flood/13_UTC_Toronto_2024/20240716_12/input_sounding_2024-07-16T12_-82.25_44.5.png", "timestamp": "20240716T12" }, "geometry": { "type": "Point", "coordinates": [ -82.25, 44.5 ] } },
{ "type": "Feature", "properties": { "lat": 44.75, "lon": -82.25, "image_url": "https://raw.githubusercontent.com/severe-weather-lab/soundings/refs/heads/main/input_multiple_soundings/flood/13_UTC_Toronto_2024/20240716_12/input_sounding_2024-07-16T12_-82.25_44.75.png", "timestamp": "20240716T12" }, "geometry": { "type": "Point", "coordinates": [ -82.25, 44.75 ] } },
{ "type": "Feature", "properties": { "lat": 45.0, "lon": -82.25, "image_url": "https://raw.githubusercontent.com/severe-weather-lab/soundings/refs/heads/main/input_multiple_soundings/flood/13_UTC_Toronto_2024/20240716_12/input_sounding_2024-07-16T12_-82.25_45.0.png", "timestamp": "20240716T12" }, "geometry": { "type": "Point", "coordinates": [ -82.25, 45.0 ] } },
{ "type": "Feature", "properties": { "lat": 45.25, "lon": -82.25, "image_url": "https://raw.githubusercontent.com/severe-weather-lab/soundings/refs/heads/main/input_multiple_soundings/flood/13_UTC_Toronto_2024/20240716_12/input_sounding_2024-07-16T12_-82.25_45.25.png", "timestamp": "20240716T12" }, "geometry": { "type": "Point", "coordinates": [ -82.25, 45.25 ] } },
{ "type": "Feature", "properties": { "lat": 45.5, "lon": -82.25, "image_url": "https://raw.githubusercontent.com/severe-weather-lab/soundings/refs/heads/main/input_multiple_soundings/flood/13_UTC_Toronto_2024/20240716_12/input_sounding_2024-07-16T12_-82.25_45.5.png", "timestamp": "20240716T12" }, "geometry": { "type": "Point", "coordinates": [ -82.25, 45.5 ] } },
{ "type": "Feature", "properties": { "lat": 45.75, "lon": -82.25, "image_url": "https://raw.githubusercontent.com/severe-weather-lab/soundings/refs/heads/main/input_multiple_soundings/flood/13_UTC_Toronto_2024/20240716_12/input_sounding_2024-07-16T12_-82.25_45.75.png", "timestamp": "20240716T12" }, "geometry": { "type": "Point", "coordinates": [ -82.25, 45.75 ] } },
{ "type": "Feature", "properties": { "lat": 46.0, "lon": -82.25, "image_url": "https://raw.githubusercontent.com/severe-weather-lab/soundings/refs/heads/main/input_multiple_soundings/flood/13_UTC_Toronto_2024/20240716_12/input_sounding_2024-07-16T12_-82.25_46.0.png", "timestamp": "20240716T12" }, "geometry": { "type": "Point", "coordinates": [ -82.25, 46.0 ] } },
{ "type": "Feature", "properties": { "lat": 41.0, "lon": -82.0, "image_url": "https://raw.githubusercontent.com/severe-weather-lab/soundings/refs/heads/main/input_multiple_soundings/flood/13_UTC_Toronto_2024/20240716_12/input_sounding_2024-07-16T12_-82.0_41.0.png", "timestamp": "20240716T12" }, "geometry": { "type": "Point", "coordinates": [ -82.0, 41.0 ] } },
{ "type": "Feature", "properties": { "lat": 41.25, "lon": -82.0, "image_url": "https://raw.githubusercontent.com/severe-weather-lab/soundings/refs/heads/main/input_multiple_soundings/flood/13_UTC_Toronto_2024/20240716_12/input_sounding_2024-07-16T12_-82.0_41.25.png", "timestamp": "20240716T12" }, "geometry": { "type": "Point", "coordinates": [ -82.0, 41.25 ] } },
{ "type": "Feature", "properties": { "lat": 41.5, "lon": -82.0, "image_url": "https://raw.githubusercontent.com/severe-weather-lab/soundings/refs/heads/main/input_multiple_soundings/flood/13_UTC_Toronto_2024/20240716_12/input_sounding_2024-07-16T12_-82.0_41.5.png", "timestamp": "20240716T12" }, "geometry": { "type": "Point", "coordinates": [ -82.0, 41.5 ] } },
{ "type": "Feature", "properties": { "lat": 41.75, "lon": -82.0, "image_url": "https://raw.githubusercontent.com/severe-weather-lab/soundings/refs/heads/main/input_multiple_soundings/flood/13_UTC_Toronto_2024/20240716_12/input_sounding_2024-07-16T12_-82.0_41.75.png", "timestamp": "20240716T12" }, "geometry": { "type": "Point", "coordinates": [ -82.0, 41.75 ] } },
{ "type": "Feature", "properties": { "lat": 42.0, "lon": -82.0, "image_url": "https://raw.githubusercontent.com/severe-weather-lab/soundings/refs/heads/main/input_multiple_soundings/flood/13_UTC_Toronto_2024/20240716_12/input_sounding_2024-07-16T12_-82.0_42.0.png", "timestamp": "20240716T12" }, "geometry": { "type": "Point", "coordinates": [ -82.0, 42.0 ] } },
{ "type": "Feature", "properties": { "lat": 42.25, "lon": -82.0, "image_url": "https://raw.githubusercontent.com/severe-weather-lab/soundings/refs/heads/main/input_multiple_soundings/flood/13_UTC_Toronto_2024/20240716_12/input_sounding_2024-07-16T12_-82.0_42.25.png", "timestamp": "20240716T12" }, "geometry": { "type": "Point", "coordinates": [ -82.0, 42.25 ] } },
{ "type": "Feature", "properties": { "lat": 42.5, "lon": -82.0, "image_url": "https://raw.githubusercontent.com/severe-weather-lab/soundings/refs/heads/main/input_multiple_soundings/flood/13_UTC_Toronto_2024/20240716_12/input_sounding_2024-07-16T12_-82.0_42.5.png", "timestamp": "20240716T12" }, "geometry": { "type": "Point", "coordinates": [ -82.0, 42.5 ] } },
{ "type": "Feature", "properties": { "lat": 42.75, "lon": -82.0, "image_url": "https://raw.githubusercontent.com/severe-weather-lab/soundings/refs/heads/main/input_multiple_soundings/flood/13_UTC_Toronto_2024/20240716_12/input_sounding_2024-07-16T12_-82.0_42.75.png", "timestamp": "20240716T12" }, "geometry": { "type": "Point", "coordinates": [ -82.0, 42.75 ] } },
{ "type": "Feature", "properties": { "lat": 43.0, "lon": -82.0, "image_url": "https://raw.githubusercontent.com/severe-weather-lab/soundings/refs/heads/main/input_multiple_soundings/flood/13_UTC_Toronto_2024/20240716_12/input_sounding_2024-07-16T12_-82.0_43.0.png", "timestamp": "20240716T12" }, "geometry": { "type": "Point", "coordinates": [ -82.0, 43.0 ] } },
{ "type": "Feature", "properties": { "lat": 43.25, "lon": -82.0, "image_url": "https://raw.githubusercontent.com/severe-weather-lab/soundings/refs/heads/main/input_multiple_soundings/flood/13_UTC_Toronto_2024/20240716_12/input_sounding_2024-07-16T12_-82.0_43.25.png", "timestamp": "20240716T12" }, "geometry": { "type": "Point", "coordinates": [ -82.0, 43.25 ] } },
{ "type": "Feature", "properties": { "lat": 43.5, "lon": -82.0, "image_url": "https://raw.githubusercontent.com/severe-weather-lab/soundings/refs/heads/main/input_multiple_soundings/flood/13_UTC_Toronto_2024/20240716_12/input_sounding_2024-07-16T12_-82.0_43.5.png", "timestamp": "20240716T12" }, "geometry": { "type": "Point", "coordinates": [ -82.0, 43.5 ] } },
{ "type": "Feature", "properties": { "lat": 43.75, "lon": -82.0, "image_url": "https://raw.githubusercontent.com/severe-weather-lab/soundings/refs/heads/main/input_multiple_soundings/flood/13_UTC_Toronto_2024/20240716_12/input_sounding_2024-07-16T12_-82.0_43.75.png", "timestamp": "20240716T12" }, "geometry": { "type": "Point", "coordinates": [ -82.0, 43.75 ] } },
{ "type": "Feature", "properties": { "lat": 44.0, "lon": -82.0, "image_url": "https://raw.githubusercontent.com/severe-weather-lab/soundings/refs/heads/main/input_multiple_soundings/flood/13_UTC_Toronto_2024/20240716_12/input_sounding_2024-07-16T12_-82.0_44.0.png", "timestamp": "20240716T12" }, "geometry": { "type": "Point", "coordinates": [ -82.0, 44.0 ] } },
{ "type": "Feature", "properties": { "lat": 44.25, "lon": -82.0, "image_url": "https://raw.githubusercontent.com/severe-weather-lab/soundings/refs/heads/main/input_multiple_soundings/flood/13_UTC_Toronto_2024/20240716_12/input_sounding_2024-07-16T12_-82.0_44.25.png", "timestamp": "20240716T12" }, "geometry": { "type": "Point", "coordinates": [ -82.0, 44.25 ] } },
{ "type": "Feature", "properties": { "lat": 44.5, "lon": -82.0, "image_url": "https://raw.githubusercontent.com/severe-weather-lab/soundings/refs/heads/main/input_multiple_soundings/flood/13_UTC_Toronto_2024/20240716_12/input_sounding_2024-07-16T12_-82.0_44.5.png", "timestamp": "20240716T12" }, "geometry": { "type": "Point", "coordinates": [ -82.0, 44.5 ] } },
{ "type": "Feature", "properties": { "lat": 44.75, "lon": -82.0, "image_url": "https://raw.githubusercontent.com/severe-weather-lab/soundings/refs/heads/main/input_multiple_soundings/flood/13_UTC_Toronto_2024/20240716_12/input_sounding_2024-07-16T12_-82.0_44.75.png", "timestamp": "20240716T12" }, "geometry": { "type": "Point", "coordinates": [ -82.0, 44.75 ] } },
{ "type": "Feature", "properties": { "lat": 45.0, "lon": -82.0, "image_url": "https://raw.githubusercontent.com/severe-weather-lab/soundings/refs/heads/main/input_multiple_soundings/flood/13_UTC_Toronto_2024/20240716_12/input_sounding_2024-07-16T12_-82.0_45.0.png", "timestamp": "20240716T12" }, "geometry": { "type": "Point", "coordinates": [ -82.0, 45.0 ] } },
{ "type": "Feature", "properties": { "lat": 45.25, "lon": -82.0, "image_url": "https://raw.githubusercontent.com/severe-weather-lab/soundings/refs/heads/main/input_multiple_soundings/flood/13_UTC_Toronto_2024/20240716_12/input_sounding_2024-07-16T12_-82.0_45.25.png", "timestamp": "20240716T12" }, "geometry": { "type": "Point", "coordinates": [ -82.0, 45.25 ] } },
{ "type": "Feature", "properties": { "lat": 45.5, "lon": -82.0, "image_url": "https://raw.githubusercontent.com/severe-weather-lab/soundings/refs/heads/main/input_multiple_soundings/flood/13_UTC_Toronto_2024/20240716_12/input_sounding_2024-07-16T12_-82.0_45.5.png", "timestamp": "20240716T12" }, "geometry": { "type": "Point", "coordinates": [ -82.0, 45.5 ] } },
{ "type": "Feature", "properties": { "lat": 45.75, "lon": -82.0, "image_url": "https://raw.githubusercontent.com/severe-weather-lab/soundings/refs/heads/main/input_multiple_soundings/flood/13_UTC_Toronto_2024/20240716_12/input_sounding_2024-07-16T12_-82.0_45.75.png", "timestamp": "20240716T12" }, "geometry": { "type": "Point", "coordinates": [ -82.0, 45.75 ] } },
{ "type": "Feature", "properties": { "lat": 46.0, "lon": -82.0, "image_url": "https://raw.githubusercontent.com/severe-weather-lab/soundings/refs/heads/main/input_multiple_soundings/flood/13_UTC_Toronto_2024/20240716_12/input_sounding_2024-07-16T12_-82.0_46.0.png", "timestamp": "20240716T12" }, "geometry": { "type": "Point", "coordinates": [ -82.0, 46.0 ] } },
{ "type": "Feature", "properties": { "lat": 41.0, "lon": -81.75, "image_url": "https://raw.githubusercontent.com/severe-weather-lab/soundings/refs/heads/main/input_multiple_soundings/flood/13_UTC_Toronto_2024/20240716_12/input_sounding_2024-07-16T12_-81.75_41.0.png", "timestamp": "20240716T12" }, "geometry": { "type": "Point", "coordinates": [ -81.75, 41.0 ] } },
{ "type": "Feature", "properties": { "lat": 41.25, "lon": -81.75, "image_url": "https://raw.githubusercontent.com/severe-weather-lab/soundings/refs/heads/main/input_multiple_soundings/flood/13_UTC_Toronto_2024/20240716_12/input_sounding_2024-07-16T12_-81.75_41.25.png", "timestamp": "20240716T12" }, "geometry": { "type": "Point", "coordinates": [ -81.75, 41.25 ] } },
{ "type": "Feature", "properties": { "lat": 41.5, "lon": -81.75, "image_url": "https://raw.githubusercontent.com/severe-weather-lab/soundings/refs/heads/main/input_multiple_soundings/flood/13_UTC_Toronto_2024/20240716_12/input_sounding_2024-07-16T12_-81.75_41.5.png", "timestamp": "20240716T12" }, "geometry": { "type": "Point", "coordinates": [ -81.75, 41.5 ] } },
{ "type": "Feature", "properties": { "lat": 41.75, "lon": -81.75, "image_url": "https://raw.githubusercontent.com/severe-weather-lab/soundings/refs/heads/main/input_multiple_soundings/flood/13_UTC_Toronto_2024/20240716_12/input_sounding_2024-07-16T12_-81.75_41.75.png", "timestamp": "20240716T12" }, "geometry": { "type": "Point", "coordinates": [ -81.75, 41.75 ] } },
{ "type": "Feature", "properties": { "lat": 42.0, "lon": -81.75, "image_url": "https://raw.githubusercontent.com/severe-weather-lab/soundings/refs/heads/main/input_multiple_soundings/flood/13_UTC_Toronto_2024/20240716_12/input_sounding_2024-07-16T12_-81.75_42.0.png", "timestamp": "20240716T12" }, "geometry": { "type": "Point", "coordinates": [ -81.75, 42.0 ] } },
{ "type": "Feature", "properties": { "lat": 42.25, "lon": -81.75, "image_url": "https://raw.githubusercontent.com/severe-weather-lab/soundings/refs/heads/main/input_multiple_soundings/flood/13_UTC_Toronto_2024/20240716_12/input_sounding_2024-07-16T12_-81.75_42.25.png", "timestamp": "20240716T12" }, "geometry": { "type": "Point", "coordinates": [ -81.75, 42.25 ] } },
{ "type": "Feature", "properties": { "lat": 42.5, "lon": -81.75, "image_url": "https://raw.githubusercontent.com/severe-weather-lab/soundings/refs/heads/main/input_multiple_soundings/flood/13_UTC_Toronto_2024/20240716_12/input_sounding_2024-07-16T12_-81.75_42.5.png", "timestamp": "20240716T12" }, "geometry": { "type": "Point", "coordinates": [ -81.75, 42.5 ] } },
{ "type": "Feature", "properties": { "lat": 42.75, "lon": -81.75, "image_url": "https://raw.githubusercontent.com/severe-weather-lab/soundings/refs/heads/main/input_multiple_soundings/flood/13_UTC_Toronto_2024/20240716_12/input_sounding_2024-07-16T12_-81.75_42.75.png", "timestamp": "20240716T12" }, "geometry": { "type": "Point", "coordinates": [ -81.75, 42.75 ] } },
{ "type": "Feature", "properties": { "lat": 43.0, "lon": -81.75, "image_url": "https://raw.githubusercontent.com/severe-weather-lab/soundings/refs/heads/main/input_multiple_soundings/flood/13_UTC_Toronto_2024/20240716_12/input_sounding_2024-07-16T12_-81.75_43.0.png", "timestamp": "20240716T12" }, "geometry": { "type": "Point", "coordinates": [ -81.75, 43.0 ] } },
{ "type": "Feature", "properties": { "lat": 43.25, "lon": -81.75, "image_url": "https://raw.githubusercontent.com/severe-weather-lab/soundings/refs/heads/main/input_multiple_soundings/flood/13_UTC_Toronto_2024/20240716_12/input_sounding_2024-07-16T12_-81.75_43.25.png", "timestamp": "20240716T12" }, "geometry": { "type": "Point", "coordinates": [ -81.75, 43.25 ] } },
{ "type": "Feature", "properties": { "lat": 43.5, "lon": -81.75, "image_url": "https://raw.githubusercontent.com/severe-weather-lab/soundings/refs/heads/main/input_multiple_soundings/flood/13_UTC_Toronto_2024/20240716_12/input_sounding_2024-07-16T12_-81.75_43.5.png", "timestamp": "20240716T12" }, "geometry": { "type": "Point", "coordinates": [ -81.75, 43.5 ] } },
{ "type": "Feature", "properties": { "lat": 43.75, "lon": -81.75, "image_url": "https://raw.githubusercontent.com/severe-weather-lab/soundings/refs/heads/main/input_multiple_soundings/flood/13_UTC_Toronto_2024/20240716_12/input_sounding_2024-07-16T12_-81.75_43.75.png", "timestamp": "20240716T12" }, "geometry": { "type": "Point", "coordinates": [ -81.75, 43.75 ] } },
{ "type": "Feature", "properties": { "lat": 44.0, "lon": -81.75, "image_url": "https://raw.githubusercontent.com/severe-weather-lab/soundings/refs/heads/main/input_multiple_soundings/flood/13_UTC_Toronto_2024/20240716_12/input_sounding_2024-07-16T12_-81.75_44.0.png", "timestamp": "20240716T12" }, "geometry": { "type": "Point", "coordinates": [ -81.75, 44.0 ] } },
{ "type": "Feature", "properties": { "lat": 44.25, "lon": -81.75, "image_url": "https://raw.githubusercontent.com/severe-weather-lab/soundings/refs/heads/main/input_multiple_soundings/flood/13_UTC_Toronto_2024/20240716_12/input_sounding_2024-07-16T12_-81.75_44.25.png", "timestamp": "20240716T12" }, "geometry": { "type": "Point", "coordinates": [ -81.75, 44.25 ] } },
{ "type": "Feature", "properties": { "lat": 44.5, "lon": -81.75, "image_url": "https://raw.githubusercontent.com/severe-weather-lab/soundings/refs/heads/main/input_multiple_soundings/flood/13_UTC_Toronto_2024/20240716_12/input_sounding_2024-07-16T12_-81.75_44.5.png", "timestamp": "20240716T12" }, "geometry": { "type": "Point", "coordinates": [ -81.75, 44.5 ] } },
{ "type": "Feature", "properties": { "lat": 44.75, "lon": -81.75, "image_url": "https://raw.githubusercontent.com/severe-weather-lab/soundings/refs/heads/main/input_multiple_soundings/flood/13_UTC_Toronto_2024/20240716_12/input_sounding_2024-07-16T12_-81.75_44.75.png", "timestamp": "20240716T12" }, "geometry": { "type": "Point", "coordinates": [ -81.75, 44.75 ] } },
{ "type": "Feature", "properties": { "lat": 45.0, "lon": -81.75, "image_url": "https://raw.githubusercontent.com/severe-weather-lab/soundings/refs/heads/main/input_multiple_soundings/flood/13_UTC_Toronto_2024/20240716_12/input_sounding_2024-07-16T12_-81.75_45.0.png", "timestamp": "20240716T12" }, "geometry": { "type": "Point", "coordinates": [ -81.75, 45.0 ] } },
{ "type": "Feature", "properties": { "lat": 45.25, "lon": -81.75, "image_url": "https://raw.githubusercontent.com/severe-weather-lab/soundings/refs/heads/main/input_multiple_soundings/flood/13_UTC_Toronto_2024/20240716_12/input_sounding_2024-07-16T12_-81.75_45.25.png", "timestamp": "20240716T12" }, "geometry": { "type": "Point", "coordinates": [ -81.75, 45.25 ] } },
{ "type": "Feature", "properties": { "lat": 45.5, "lon": -81.75, "image_url": "https://raw.githubusercontent.com/severe-weather-lab/soundings/refs/heads/main/input_multiple_soundings/flood/13_UTC_Toronto_2024/20240716_12/input_sounding_2024-07-16T12_-81.75_45.5.png", "timestamp": "20240716T12" }, "geometry": { "type": "Point", "coordinates": [ -81.75, 45.5 ] } },
{ "type": "Feature", "properties": { "lat": 45.75, "lon": -81.75, "image_url": "https://raw.githubusercontent.com/severe-weather-lab/soundings/refs/heads/main/input_multiple_soundings/flood/13_UTC_Toronto_2024/20240716_12/input_sounding_2024-07-16T12_-81.75_45.75.png", "timestamp": "20240716T12" }, "geometry": { "type": "Point", "coordinates": [ -81.75, 45.75 ] } },
{ "type": "Feature", "properties": { "lat": 46.0, "lon": -81.75, "image_url": "https://raw.githubusercontent.com/severe-weather-lab/soundings/refs/heads/main/input_multiple_soundings/flood/13_UTC_Toronto_2024/20240716_12/input_sounding_2024-07-16T12_-81.75_46.0.png", "timestamp": "20240716T12" }, "geometry": { "type": "Point", "coordinates": [ -81.75, 46.0 ] } },
{ "type": "Feature", "properties": { "lat": 41.0, "lon": -81.5, "image_url": "https://raw.githubusercontent.com/severe-weather-lab/soundings/refs/heads/main/input_multiple_soundings/flood/13_UTC_Toronto_2024/20240716_12/input_sounding_2024-07-16T12_-81.5_41.0.png", "timestamp": "20240716T12" }, "geometry": { "type": "Point", "coordinates": [ -81.5, 41.0 ] } },
{ "type": "Feature", "properties": { "lat": 41.25, "lon": -81.5, "image_url": "https://raw.githubusercontent.com/severe-weather-lab/soundings/refs/heads/main/input_multiple_soundings/flood/13_UTC_Toronto_2024/20240716_12/input_sounding_2024-07-16T12_-81.5_41.25.png", "timestamp": "20240716T12" }, "geometry": { "type": "Point", "coordinates": [ -81.5, 41.25 ] } },
{ "type": "Feature", "properties": { "lat": 41.5, "lon": -81.5, "image_url": "https://raw.githubusercontent.com/severe-weather-lab/soundings/refs/heads/main/input_multiple_soundings/flood/13_UTC_Toronto_2024/20240716_12/input_sounding_2024-07-16T12_-81.5_41.5.png", "timestamp": "20240716T12" }, "geometry": { "type": "Point", "coordinates": [ -81.5, 41.5 ] } },
{ "type": "Feature", "properties": { "lat": 41.75, "lon": -81.5, "image_url": "https://raw.githubusercontent.com/severe-weather-lab/soundings/refs/heads/main/input_multiple_soundings/flood/13_UTC_Toronto_2024/20240716_12/input_sounding_2024-07-16T12_-81.5_41.75.png", "timestamp": "20240716T12" }, "geometry": { "type": "Point", "coordinates": [ -81.5, 41.75 ] } },
{ "type": "Feature", "properties": { "lat": 42.0, "lon": -81.5, "image_url": "https://raw.githubusercontent.com/severe-weather-lab/soundings/refs/heads/main/input_multiple_soundings/flood/13_UTC_Toronto_2024/20240716_12/input_sounding_2024-07-16T12_-81.5_42.0.png", "timestamp": "20240716T12" }, "geometry": { "type": "Point", "coordinates": [ -81.5, 42.0 ] } },
{ "type": "Feature", "properties": { "lat": 42.25, "lon": -81.5, "image_url": "https://raw.githubusercontent.com/severe-weather-lab/soundings/refs/heads/main/input_multiple_soundings/flood/13_UTC_Toronto_2024/20240716_12/input_sounding_2024-07-16T12_-81.5_42.25.png", "timestamp": "20240716T12" }, "geometry": { "type": "Point", "coordinates": [ -81.5, 42.25 ] } },
{ "type": "Feature", "properties": { "lat": 42.5, "lon": -81.5, "image_url": "https://raw.githubusercontent.com/severe-weather-lab/soundings/refs/heads/main/input_multiple_soundings/flood/13_UTC_Toronto_2024/20240716_12/input_sounding_2024-07-16T12_-81.5_42.5.png", "timestamp": "20240716T12" }, "geometry": { "type": "Point", "coordinates": [ -81.5, 42.5 ] } },
{ "type": "Feature", "properties": { "lat": 42.75, "lon": -81.5, "image_url": "https://raw.githubusercontent.com/severe-weather-lab/soundings/refs/heads/main/input_multiple_soundings/flood/13_UTC_Toronto_2024/20240716_12/input_sounding_2024-07-16T12_-81.5_42.75.png", "timestamp": "20240716T12" }, "geometry": { "type": "Point", "coordinates": [ -81.5, 42.75 ] } },
{ "type": "Feature", "properties": { "lat": 43.0, "lon": -81.5, "image_url": "https://raw.githubusercontent.com/severe-weather-lab/soundings/refs/heads/main/input_multiple_soundings/flood/13_UTC_Toronto_2024/20240716_12/input_sounding_2024-07-16T12_-81.5_43.0.png", "timestamp": "20240716T12" }, "geometry": { "type": "Point", "coordinates": [ -81.5, 43.0 ] } },
{ "type": "Feature", "properties": { "lat": 43.25, "lon": -81.5, "image_url": "https://raw.githubusercontent.com/severe-weather-lab/soundings/refs/heads/main/input_multiple_soundings/flood/13_UTC_Toronto_2024/20240716_12/input_sounding_2024-07-16T12_-81.5_43.25.png", "timestamp": "20240716T12" }, "geometry": { "type": "Point", "coordinates": [ -81.5, 43.25 ] } },
{ "type": "Feature", "properties": { "lat": 43.5, "lon": -81.5, "image_url": "https://raw.githubusercontent.com/severe-weather-lab/soundings/refs/heads/main/input_multiple_soundings/flood/13_UTC_Toronto_2024/20240716_12/input_sounding_2024-07-16T12_-81.5_43.5.png", "timestamp": "20240716T12" }, "geometry": { "type": "Point", "coordinates": [ -81.5, 43.5 ] } },
{ "type": "Feature", "properties": { "lat": 43.75, "lon": -81.5, "image_url": "https://raw.githubusercontent.com/severe-weather-lab/soundings/refs/heads/main/input_multiple_soundings/flood/13_UTC_Toronto_2024/20240716_12/input_sounding_2024-07-16T12_-81.5_43.75.png", "timestamp": "20240716T12" }, "geometry": { "type": "Point", "coordinates": [ -81.5, 43.75 ] } },
{ "type": "Feature", "properties": { "lat": 44.0, "lon": -81.5, "image_url": "https://raw.githubusercontent.com/severe-weather-lab/soundings/refs/heads/main/input_multiple_soundings/flood/13_UTC_Toronto_2024/20240716_12/input_sounding_2024-07-16T12_-81.5_44.0.png", "timestamp": "20240716T12" }, "geometry": { "type": "Point", "coordinates": [ -81.5, 44.0 ] } },
{ "type": "Feature", "properties": { "lat": 44.25, "lon": -81.5, "image_url": "https://raw.githubusercontent.com/severe-weather-lab/soundings/refs/heads/main/input_multiple_soundings/flood/13_UTC_Toronto_2024/20240716_12/input_sounding_2024-07-16T12_-81.5_44.25.png", "timestamp": "20240716T12" }, "geometry": { "type": "Point", "coordinates": [ -81.5, 44.25 ] } },
{ "type": "Feature", "properties": { "lat": 44.5, "lon": -81.5, "image_url": "https://raw.githubusercontent.com/severe-weather-lab/soundings/refs/heads/main/input_multiple_soundings/flood/13_UTC_Toronto_2024/20240716_12/input_sounding_2024-07-16T12_-81.5_44.5.png", "timestamp": "20240716T12" }, "geometry": { "type": "Point", "coordinates": [ -81.5, 44.5 ] } },
{ "type": "Feature", "properties": { "lat": 44.75, "lon": -81.5, "image_url": "https://raw.githubusercontent.com/severe-weather-lab/soundings/refs/heads/main/input_multiple_soundings/flood/13_UTC_Toronto_2024/20240716_12/input_sounding_2024-07-16T12_-81.5_44.75.png", "timestamp": "20240716T12" }, "geometry": { "type": "Point", "coordinates": [ -81.5, 44.75 ] } },
{ "type": "Feature", "properties": { "lat": 45.0, "lon": -81.5, "image_url": "https://raw.githubusercontent.com/severe-weather-lab/soundings/refs/heads/main/input_multiple_soundings/flood/13_UTC_Toronto_2024/20240716_12/input_sounding_2024-07-16T12_-81.5_45.0.png", "timestamp": "20240716T12" }, "geometry": { "type": "Point", "coordinates": [ -81.5, 45.0 ] } },
{ "type": "Feature", "properties": { "lat": 45.25, "lon": -81.5, "image_url": "https://raw.githubusercontent.com/severe-weather-lab/soundings/refs/heads/main/input_multiple_soundings/flood/13_UTC_Toronto_2024/20240716_12/input_sounding_2024-07-16T12_-81.5_45.25.png", "timestamp": "20240716T12" }, "geometry": { "type": "Point", "coordinates": [ -81.5, 45.25 ] } },
{ "type": "Feature", "properties": { "lat": 45.5, "lon": -81.5, "image_url": "https://raw.githubusercontent.com/severe-weather-lab/soundings/refs/heads/main/input_multiple_soundings/flood/13_UTC_Toronto_2024/20240716_12/input_sounding_2024-07-16T12_-81.5_45.5.png", "timestamp": "20240716T12" }, "geometry": { "type": "Point", "coordinates": [ -81.5, 45.5 ] } },
{ "type": "Feature", "properties": { "lat": 45.75, "lon": -81.5, "image_url": "https://raw.githubusercontent.com/severe-weather-lab/soundings/refs/heads/main/input_multiple_soundings/flood/13_UTC_Toronto_2024/20240716_12/input_sounding_2024-07-16T12_-81.5_45.75.png", "timestamp": "20240716T12" }, "geometry": { "type": "Point", "coordinates": [ -81.5, 45.75 ] } },
{ "type": "Feature", "properties": { "lat": 46.0, "lon": -81.5, "image_url": "https://raw.githubusercontent.com/severe-weather-lab/soundings/refs/heads/main/input_multiple_soundings/flood/13_UTC_Toronto_2024/20240716_12/input_sounding_2024-07-16T12_-81.5_46.0.png", "timestamp": "20240716T12" }, "geometry": { "type": "Point", "coordinates": [ -81.5, 46.0 ] } },
{ "type": "Feature", "properties": { "lat": 41.0, "lon": -81.25, "image_url": "https://raw.githubusercontent.com/severe-weather-lab/soundings/refs/heads/main/input_multiple_soundings/flood/13_UTC_Toronto_2024/20240716_12/input_sounding_2024-07-16T12_-81.25_41.0.png", "timestamp": "20240716T12" }, "geometry": { "type": "Point", "coordinates": [ -81.25, 41.0 ] } },
{ "type": "Feature", "properties": { "lat": 41.25, "lon": -81.25, "image_url": "https://raw.githubusercontent.com/severe-weather-lab/soundings/refs/heads/main/input_multiple_soundings/flood/13_UTC_Toronto_2024/20240716_12/input_sounding_2024-07-16T12_-81.25_41.25.png", "timestamp": "20240716T12" }, "geometry": { "type": "Point", "coordinates": [ -81.25, 41.25 ] } },
{ "type": "Feature", "properties": { "lat": 41.5, "lon": -81.25, "image_url": "https://raw.githubusercontent.com/severe-weather-lab/soundings/refs/heads/main/input_multiple_soundings/flood/13_UTC_Toronto_2024/20240716_12/input_sounding_2024-07-16T12_-81.25_41.5.png", "timestamp": "20240716T12" }, "geometry": { "type": "Point", "coordinates": [ -81.25, 41.5 ] } },
{ "type": "Feature", "properties": { "lat": 41.75, "lon": -81.25, "image_url": "https://raw.githubusercontent.com/severe-weather-lab/soundings/refs/heads/main/input_multiple_soundings/flood/13_UTC_Toronto_2024/20240716_12/input_sounding_2024-07-16T12_-81.25_41.75.png", "timestamp": "20240716T12" }, "geometry": { "type": "Point", "coordinates": [ -81.25, 41.75 ] } },
{ "type": "Feature", "properties": { "lat": 42.0, "lon": -81.25, "image_url": "https://raw.githubusercontent.com/severe-weather-lab/soundings/refs/heads/main/input_multiple_soundings/flood/13_UTC_Toronto_2024/20240716_12/input_sounding_2024-07-16T12_-81.25_42.0.png", "timestamp": "20240716T12" }, "geometry": { "type": "Point", "coordinates": [ -81.25, 42.0 ] } },
{ "type": "Feature", "properties": { "lat": 42.25, "lon": -81.25, "image_url": "https://raw.githubusercontent.com/severe-weather-lab/soundings/refs/heads/main/input_multiple_soundings/flood/13_UTC_Toronto_2024/20240716_12/input_sounding_2024-07-16T12_-81.25_42.25.png", "timestamp": "20240716T12" }, "geometry": { "type": "Point", "coordinates": [ -81.25, 42.25 ] } },
{ "type": "Feature", "properties": { "lat": 42.5, "lon": -81.25, "image_url": "https://raw.githubusercontent.com/severe-weather-lab/soundings/refs/heads/main/input_multiple_soundings/flood/13_UTC_Toronto_2024/20240716_12/input_sounding_2024-07-16T12_-81.25_42.5.png", "timestamp": "20240716T12" }, "geometry": { "type": "Point", "coordinates": [ -81.25, 42.5 ] } },
{ "type": "Feature", "properties": { "lat": 42.75, "lon": -81.25, "image_url": "https://raw.githubusercontent.com/severe-weather-lab/soundings/refs/heads/main/input_multiple_soundings/flood/13_UTC_Toronto_2024/20240716_12/input_sounding_2024-07-16T12_-81.25_42.75.png", "timestamp": "20240716T12" }, "geometry": { "type": "Point", "coordinates": [ -81.25, 42.75 ] } },
{ "type": "Feature", "properties": { "lat": 43.0, "lon": -81.25, "image_url": "https://raw.githubusercontent.com/severe-weather-lab/soundings/refs/heads/main/input_multiple_soundings/flood/13_UTC_Toronto_2024/20240716_12/input_sounding_2024-07-16T12_-81.25_43.0.png", "timestamp": "20240716T12" }, "geometry": { "type": "Point", "coordinates": [ -81.25, 43.0 ] } },
{ "type": "Feature", "properties": { "lat": 43.25, "lon": -81.25, "image_url": "https://raw.githubusercontent.com/severe-weather-lab/soundings/refs/heads/main/input_multiple_soundings/flood/13_UTC_Toronto_2024/20240716_12/input_sounding_2024-07-16T12_-81.25_43.25.png", "timestamp": "20240716T12" }, "geometry": { "type": "Point", "coordinates": [ -81.25, 43.25 ] } },
{ "type": "Feature", "properties": { "lat": 43.5, "lon": -81.25, "image_url": "https://raw.githubusercontent.com/severe-weather-lab/soundings/refs/heads/main/input_multiple_soundings/flood/13_UTC_Toronto_2024/20240716_12/input_sounding_2024-07-16T12_-81.25_43.5.png", "timestamp": "20240716T12" }, "geometry": { "type": "Point", "coordinates": [ -81.25, 43.5 ] } },
{ "type": "Feature", "properties": { "lat": 43.75, "lon": -81.25, "image_url": "https://raw.githubusercontent.com/severe-weather-lab/soundings/refs/heads/main/input_multiple_soundings/flood/13_UTC_Toronto_2024/20240716_12/input_sounding_2024-07-16T12_-81.25_43.75.png", "timestamp": "20240716T12" }, "geometry": { "type": "Point", "coordinates": [ -81.25, 43.75 ] } },
{ "type": "Feature", "properties": { "lat": 44.0, "lon": -81.25, "image_url": "https://raw.githubusercontent.com/severe-weather-lab/soundings/refs/heads/main/input_multiple_soundings/flood/13_UTC_Toronto_2024/20240716_12/input_sounding_2024-07-16T12_-81.25_44.0.png", "timestamp": "20240716T12" }, "geometry": { "type": "Point", "coordinates": [ -81.25, 44.0 ] } },
{ "type": "Feature", "properties": { "lat": 44.25, "lon": -81.25, "image_url": "https://raw.githubusercontent.com/severe-weather-lab/soundings/refs/heads/main/input_multiple_soundings/flood/13_UTC_Toronto_2024/20240716_12/input_sounding_2024-07-16T12_-81.25_44.25.png", "timestamp": "20240716T12" }, "geometry": { "type": "Point", "coordinates": [ -81.25, 44.25 ] } },
{ "type": "Feature", "properties": { "lat": 44.5, "lon": -81.25, "image_url": "https://raw.githubusercontent.com/severe-weather-lab/soundings/refs/heads/main/input_multiple_soundings/flood/13_UTC_Toronto_2024/20240716_12/input_sounding_2024-07-16T12_-81.25_44.5.png", "timestamp": "20240716T12" }, "geometry": { "type": "Point", "coordinates": [ -81.25, 44.5 ] } },
{ "type": "Feature", "properties": { "lat": 44.75, "lon": -81.25, "image_url": "https://raw.githubusercontent.com/severe-weather-lab/soundings/refs/heads/main/input_multiple_soundings/flood/13_UTC_Toronto_2024/20240716_12/input_sounding_2024-07-16T12_-81.25_44.75.png", "timestamp": "20240716T12" }, "geometry": { "type": "Point", "coordinates": [ -81.25, 44.75 ] } },
{ "type": "Feature", "properties": { "lat": 45.0, "lon": -81.25, "image_url": "https://raw.githubusercontent.com/severe-weather-lab/soundings/refs/heads/main/input_multiple_soundings/flood/13_UTC_Toronto_2024/20240716_12/input_sounding_2024-07-16T12_-81.25_45.0.png", "timestamp": "20240716T12" }, "geometry": { "type": "Point", "coordinates": [ -81.25, 45.0 ] } },
{ "type": "Feature", "properties": { "lat": 45.25, "lon": -81.25, "image_url": "https://raw.githubusercontent.com/severe-weather-lab/soundings/refs/heads/main/input_multiple_soundings/flood/13_UTC_Toronto_2024/20240716_12/input_sounding_2024-07-16T12_-81.25_45.25.png", "timestamp": "20240716T12" }, "geometry": { "type": "Point", "coordinates": [ -81.25, 45.25 ] } },
{ "type": "Feature", "properties": { "lat": 45.5, "lon": -81.25, "image_url": "https://raw.githubusercontent.com/severe-weather-lab/soundings/refs/heads/main/input_multiple_soundings/flood/13_UTC_Toronto_2024/20240716_12/input_sounding_2024-07-16T12_-81.25_45.5.png", "timestamp": "20240716T12" }, "geometry": { "type": "Point", "coordinates": [ -81.25, 45.5 ] } },
{ "type": "Feature", "properties": { "lat": 45.75, "lon": -81.25, "image_url": "https://raw.githubusercontent.com/severe-weather-lab/soundings/refs/heads/main/input_multiple_soundings/flood/13_UTC_Toronto_2024/20240716_12/input_sounding_2024-07-16T12_-81.25_45.75.png", "timestamp": "20240716T12" }, "geometry": { "type": "Point", "coordinates": [ -81.25, 45.75 ] } },
{ "type": "Feature", "properties": { "lat": 46.0, "lon": -81.25, "image_url": "https://raw.githubusercontent.com/severe-weather-lab/soundings/refs/heads/main/input_multiple_soundings/flood/13_UTC_Toronto_2024/20240716_12/input_sounding_2024-07-16T12_-81.25_46.0.png", "timestamp": "20240716T12" }, "geometry": { "type": "Point", "coordinates": [ -81.25, 46.0 ] } },
{ "type": "Feature", "properties": { "lat": 41.0, "lon": -81.0, "image_url": "https://raw.githubusercontent.com/severe-weather-lab/soundings/refs/heads/main/input_multiple_soundings/flood/13_UTC_Toronto_2024/20240716_12/input_sounding_2024-07-16T12_-81.0_41.0.png", "timestamp": "20240716T12" }, "geometry": { "type": "Point", "coordinates": [ -81.0, 41.0 ] } },
{ "type": "Feature", "properties": { "lat": 41.25, "lon": -81.0, "image_url": "https://raw.githubusercontent.com/severe-weather-lab/soundings/refs/heads/main/input_multiple_soundings/flood/13_UTC_Toronto_2024/20240716_12/input_sounding_2024-07-16T12_-81.0_41.25.png", "timestamp": "20240716T12" }, "geometry": { "type": "Point", "coordinates": [ -81.0, 41.25 ] } },
{ "type": "Feature", "properties": { "lat": 41.5, "lon": -81.0, "image_url": "https://raw.githubusercontent.com/severe-weather-lab/soundings/refs/heads/main/input_multiple_soundings/flood/13_UTC_Toronto_2024/20240716_12/input_sounding_2024-07-16T12_-81.0_41.5.png", "timestamp": "20240716T12" }, "geometry": { "type": "Point", "coordinates": [ -81.0, 41.5 ] } },
{ "type": "Feature", "properties": { "lat": 41.75, "lon": -81.0, "image_url": "https://raw.githubusercontent.com/severe-weather-lab/soundings/refs/heads/main/input_multiple_soundings/flood/13_UTC_Toronto_2024/20240716_12/input_sounding_2024-07-16T12_-81.0_41.75.png", "timestamp": "20240716T12" }, "geometry": { "type": "Point", "coordinates": [ -81.0, 41.75 ] } },
{ "type": "Feature", "properties": { "lat": 42.0, "lon": -81.0, "image_url": "https://raw.githubusercontent.com/severe-weather-lab/soundings/refs/heads/main/input_multiple_soundings/flood/13_UTC_Toronto_2024/20240716_12/input_sounding_2024-07-16T12_-81.0_42.0.png", "timestamp": "20240716T12" }, "geometry": { "type": "Point", "coordinates": [ -81.0, 42.0 ] } },
{ "type": "Feature", "properties": { "lat": 42.25, "lon": -81.0, "image_url": "https://raw.githubusercontent.com/severe-weather-lab/soundings/refs/heads/main/input_multiple_soundings/flood/13_UTC_Toronto_2024/20240716_12/input_sounding_2024-07-16T12_-81.0_42.25.png", "timestamp": "20240716T12" }, "geometry": { "type": "Point", "coordinates": [ -81.0, 42.25 ] } },
{ "type": "Feature", "properties": { "lat": 42.5, "lon": -81.0, "image_url": "https://raw.githubusercontent.com/severe-weather-lab/soundings/refs/heads/main/input_multiple_soundings/flood/13_UTC_Toronto_2024/20240716_12/input_sounding_2024-07-16T12_-81.0_42.5.png", "timestamp": "20240716T12" }, "geometry": { "type": "Point", "coordinates": [ -81.0, 42.5 ] } },
{ "type": "Feature", "properties": { "lat": 42.75, "lon": -81.0, "image_url": "https://raw.githubusercontent.com/severe-weather-lab/soundings/refs/heads/main/input_multiple_soundings/flood/13_UTC_Toronto_2024/20240716_12/input_sounding_2024-07-16T12_-81.0_42.75.png", "timestamp": "20240716T12" }, "geometry": { "type": "Point", "coordinates": [ -81.0, 42.75 ] } },
{ "type": "Feature", "properties": { "lat": 43.0, "lon": -81.0, "image_url": "https://raw.githubusercontent.com/severe-weather-lab/soundings/refs/heads/main/input_multiple_soundings/flood/13_UTC_Toronto_2024/20240716_12/input_sounding_2024-07-16T12_-81.0_43.0.png", "timestamp": "20240716T12" }, "geometry": { "type": "Point", "coordinates": [ -81.0, 43.0 ] } },
{ "type": "Feature", "properties": { "lat": 43.25, "lon": -81.0, "image_url": "https://raw.githubusercontent.com/severe-weather-lab/soundings/refs/heads/main/input_multiple_soundings/flood/13_UTC_Toronto_2024/20240716_12/input_sounding_2024-07-16T12_-81.0_43.25.png", "timestamp": "20240716T12" }, "geometry": { "type": "Point", "coordinates": [ -81.0, 43.25 ] } },
{ "type": "Feature", "properties": { "lat": 43.5, "lon": -81.0, "image_url": "https://raw.githubusercontent.com/severe-weather-lab/soundings/refs/heads/main/input_multiple_soundings/flood/13_UTC_Toronto_2024/20240716_12/input_sounding_2024-07-16T12_-81.0_43.5.png", "timestamp": "20240716T12" }, "geometry": { "type": "Point", "coordinates": [ -81.0, 43.5 ] } },
{ "type": "Feature", "properties": { "lat": 43.75, "lon": -81.0, "image_url": "https://raw.githubusercontent.com/severe-weather-lab/soundings/refs/heads/main/input_multiple_soundings/flood/13_UTC_Toronto_2024/20240716_12/input_sounding_2024-07-16T12_-81.0_43.75.png", "timestamp": "20240716T12" }, "geometry": { "type": "Point", "coordinates": [ -81.0, 43.75 ] } },
{ "type": "Feature", "properties": { "lat": 44.0, "lon": -81.0, "image_url": "https://raw.githubusercontent.com/severe-weather-lab/soundings/refs/heads/main/input_multiple_soundings/flood/13_UTC_Toronto_2024/20240716_12/input_sounding_2024-07-16T12_-81.0_44.0.png", "timestamp": "20240716T12" }, "geometry": { "type": "Point", "coordinates": [ -81.0, 44.0 ] } },
{ "type": "Feature", "properties": { "lat": 44.25, "lon": -81.0, "image_url": "https://raw.githubusercontent.com/severe-weather-lab/soundings/refs/heads/main/input_multiple_soundings/flood/13_UTC_Toronto_2024/20240716_12/input_sounding_2024-07-16T12_-81.0_44.25.png", "timestamp": "20240716T12" }, "geometry": { "type": "Point", "coordinates": [ -81.0, 44.25 ] } },
{ "type": "Feature", "properties": { "lat": 44.5, "lon": -81.0, "image_url": "https://raw.githubusercontent.com/severe-weather-lab/soundings/refs/heads/main/input_multiple_soundings/flood/13_UTC_Toronto_2024/20240716_12/input_sounding_2024-07-16T12_-81.0_44.5.png", "timestamp": "20240716T12" }, "geometry": { "type": "Point", "coordinates": [ -81.0, 44.5 ] } },
{ "type": "Feature", "properties": { "lat": 44.75, "lon": -81.0, "image_url": "https://raw.githubusercontent.com/severe-weather-lab/soundings/refs/heads/main/input_multiple_soundings/flood/13_UTC_Toronto_2024/20240716_12/input_sounding_2024-07-16T12_-81.0_44.75.png", "timestamp": "20240716T12" }, "geometry": { "type": "Point", "coordinates": [ -81.0, 44.75 ] } },
{ "type": "Feature", "properties": { "lat": 45.0, "lon": -81.0, "image_url": "https://raw.githubusercontent.com/severe-weather-lab/soundings/refs/heads/main/input_multiple_soundings/flood/13_UTC_Toronto_2024/20240716_12/input_sounding_2024-07-16T12_-81.0_45.0.png", "timestamp": "20240716T12" }, "geometry": { "type": "Point", "coordinates": [ -81.0, 45.0 ] } },
{ "type": "Feature", "properties": { "lat": 45.25, "lon": -81.0, "image_url": "https://raw.githubusercontent.com/severe-weather-lab/soundings/refs/heads/main/input_multiple_soundings/flood/13_UTC_Toronto_2024/20240716_12/input_sounding_2024-07-16T12_-81.0_45.25.png", "timestamp": "20240716T12" }, "geometry": { "type": "Point", "coordinates": [ -81.0, 45.25 ] } },
{ "type": "Feature", "properties": { "lat": 45.5, "lon": -81.0, "image_url": "https://raw.githubusercontent.com/severe-weather-lab/soundings/refs/heads/main/input_multiple_soundings/flood/13_UTC_Toronto_2024/20240716_12/input_sounding_2024-07-16T12_-81.0_45.5.png", "timestamp": "20240716T12" }, "geometry": { "type": "Point", "coordinates": [ -81.0, 45.5 ] } },
{ "type": "Feature", "properties": { "lat": 45.75, "lon": -81.0, "image_url": "https://raw.githubusercontent.com/severe-weather-lab/soundings/refs/heads/main/input_multiple_soundings/flood/13_UTC_Toronto_2024/20240716_12/input_sounding_2024-07-16T12_-81.0_45.75.png", "timestamp": "20240716T12" }, "geometry": { "type": "Point", "coordinates": [ -81.0, 45.75 ] } },
{ "type": "Feature", "properties": { "lat": 46.0, "lon": -81.0, "image_url": "https://raw.githubusercontent.com/severe-weather-lab/soundings/refs/heads/main/input_multiple_soundings/flood/13_UTC_Toronto_2024/20240716_12/input_sounding_2024-07-16T12_-81.0_46.0.png", "timestamp": "20240716T12" }, "geometry": { "type": "Point", "coordinates": [ -81.0, 46.0 ] } },
{ "type": "Feature", "properties": { "lat": 41.0, "lon": -80.75, "image_url": "https://raw.githubusercontent.com/severe-weather-lab/soundings/refs/heads/main/input_multiple_soundings/flood/13_UTC_Toronto_2024/20240716_12/input_sounding_2024-07-16T12_-80.75_41.0.png", "timestamp": "20240716T12" }, "geometry": { "type": "Point", "coordinates": [ -80.75, 41.0 ] } },
{ "type": "Feature", "properties": { "lat": 41.25, "lon": -80.75, "image_url": "https://raw.githubusercontent.com/severe-weather-lab/soundings/refs/heads/main/input_multiple_soundings/flood/13_UTC_Toronto_2024/20240716_12/input_sounding_2024-07-16T12_-80.75_41.25.png", "timestamp": "20240716T12" }, "geometry": { "type": "Point", "coordinates": [ -80.75, 41.25 ] } },
{ "type": "Feature", "properties": { "lat": 41.5, "lon": -80.75, "image_url": "https://raw.githubusercontent.com/severe-weather-lab/soundings/refs/heads/main/input_multiple_soundings/flood/13_UTC_Toronto_2024/20240716_12/input_sounding_2024-07-16T12_-80.75_41.5.png", "timestamp": "20240716T12" }, "geometry": { "type": "Point", "coordinates": [ -80.75, 41.5 ] } },
{ "type": "Feature", "properties": { "lat": 41.75, "lon": -80.75, "image_url": "https://raw.githubusercontent.com/severe-weather-lab/soundings/refs/heads/main/input_multiple_soundings/flood/13_UTC_Toronto_2024/20240716_12/input_sounding_2024-07-16T12_-80.75_41.75.png", "timestamp": "20240716T12" }, "geometry": { "type": "Point", "coordinates": [ -80.75, 41.75 ] } },
{ "type": "Feature", "properties": { "lat": 42.0, "lon": -80.75, "image_url": "https://raw.githubusercontent.com/severe-weather-lab/soundings/refs/heads/main/input_multiple_soundings/flood/13_UTC_Toronto_2024/20240716_12/input_sounding_2024-07-16T12_-80.75_42.0.png", "timestamp": "20240716T12" }, "geometry": { "type": "Point", "coordinates": [ -80.75, 42.0 ] } },
{ "type": "Feature", "properties": { "lat": 42.25, "lon": -80.75, "image_url": "https://raw.githubusercontent.com/severe-weather-lab/soundings/refs/heads/main/input_multiple_soundings/flood/13_UTC_Toronto_2024/20240716_12/input_sounding_2024-07-16T12_-80.75_42.25.png", "timestamp": "20240716T12" }, "geometry": { "type": "Point", "coordinates": [ -80.75, 42.25 ] } },
{ "type": "Feature", "properties": { "lat": 42.5, "lon": -80.75, "image_url": "https://raw.githubusercontent.com/severe-weather-lab/soundings/refs/heads/main/input_multiple_soundings/flood/13_UTC_Toronto_2024/20240716_12/input_sounding_2024-07-16T12_-80.75_42.5.png", "timestamp": "20240716T12" }, "geometry": { "type": "Point", "coordinates": [ -80.75, 42.5 ] } },
{ "type": "Feature", "properties": { "lat": 42.75, "lon": -80.75, "image_url": "https://raw.githubusercontent.com/severe-weather-lab/soundings/refs/heads/main/input_multiple_soundings/flood/13_UTC_Toronto_2024/20240716_12/input_sounding_2024-07-16T12_-80.75_42.75.png", "timestamp": "20240716T12" }, "geometry": { "type": "Point", "coordinates": [ -80.75, 42.75 ] } },
{ "type": "Feature", "properties": { "lat": 43.0, "lon": -80.75, "image_url": "https://raw.githubusercontent.com/severe-weather-lab/soundings/refs/heads/main/input_multiple_soundings/flood/13_UTC_Toronto_2024/20240716_12/input_sounding_2024-07-16T12_-80.75_43.0.png", "timestamp": "20240716T12" }, "geometry": { "type": "Point", "coordinates": [ -80.75, 43.0 ] } },
{ "type": "Feature", "properties": { "lat": 43.25, "lon": -80.75, "image_url": "https://raw.githubusercontent.com/severe-weather-lab/soundings/refs/heads/main/input_multiple_soundings/flood/13_UTC_Toronto_2024/20240716_12/input_sounding_2024-07-16T12_-80.75_43.25.png", "timestamp": "20240716T12" }, "geometry": { "type": "Point", "coordinates": [ -80.75, 43.25 ] } },
{ "type": "Feature", "properties": { "lat": 43.5, "lon": -80.75, "image_url": "https://raw.githubusercontent.com/severe-weather-lab/soundings/refs/heads/main/input_multiple_soundings/flood/13_UTC_Toronto_2024/20240716_12/input_sounding_2024-07-16T12_-80.75_43.5.png", "timestamp": "20240716T12" }, "geometry": { "type": "Point", "coordinates": [ -80.75, 43.5 ] } },
{ "type": "Feature", "properties": { "lat": 43.75, "lon": -80.75, "image_url": "https://raw.githubusercontent.com/severe-weather-lab/soundings/refs/heads/main/input_multiple_soundings/flood/13_UTC_Toronto_2024/20240716_12/input_sounding_2024-07-16T12_-80.75_43.75.png", "timestamp": "20240716T12" }, "geometry": { "type": "Point", "coordinates": [ -80.75, 43.75 ] } },
{ "type": "Feature", "properties": { "lat": 44.0, "lon": -80.75, "image_url": "https://raw.githubusercontent.com/severe-weather-lab/soundings/refs/heads/main/input_multiple_soundings/flood/13_UTC_Toronto_2024/20240716_12/input_sounding_2024-07-16T12_-80.75_44.0.png", "timestamp": "20240716T12" }, "geometry": { "type": "Point", "coordinates": [ -80.75, 44.0 ] } },
{ "type": "Feature", "properties": { "lat": 44.25, "lon": -80.75, "image_url": "https://raw.githubusercontent.com/severe-weather-lab/soundings/refs/heads/main/input_multiple_soundings/flood/13_UTC_Toronto_2024/20240716_12/input_sounding_2024-07-16T12_-80.75_44.25.png", "timestamp": "20240716T12" }, "geometry": { "type": "Point", "coordinates": [ -80.75, 44.25 ] } },
{ "type": "Feature", "properties": { "lat": 44.5, "lon": -80.75, "image_url": "https://raw.githubusercontent.com/severe-weather-lab/soundings/refs/heads/main/input_multiple_soundings/flood/13_UTC_Toronto_2024/20240716_12/input_sounding_2024-07-16T12_-80.75_44.5.png", "timestamp": "20240716T12" }, "geometry": { "type": "Point", "coordinates": [ -80.75, 44.5 ] } },
{ "type": "Feature", "properties": { "lat": 44.75, "lon": -80.75, "image_url": "https://raw.githubusercontent.com/severe-weather-lab/soundings/refs/heads/main/input_multiple_soundings/flood/13_UTC_Toronto_2024/20240716_12/input_sounding_2024-07-16T12_-80.75_44.75.png", "timestamp": "20240716T12" }, "geometry": { "type": "Point", "coordinates": [ -80.75, 44.75 ] } },
{ "type": "Feature", "properties": { "lat": 45.0, "lon": -80.75, "image_url": "https://raw.githubusercontent.com/severe-weather-lab/soundings/refs/heads/main/input_multiple_soundings/flood/13_UTC_Toronto_2024/20240716_12/input_sounding_2024-07-16T12_-80.75_45.0.png", "timestamp": "20240716T12" }, "geometry": { "type": "Point", "coordinates": [ -80.75, 45.0 ] } },
{ "type": "Feature", "properties": { "lat": 45.25, "lon": -80.75, "image_url": "https://raw.githubusercontent.com/severe-weather-lab/soundings/refs/heads/main/input_multiple_soundings/flood/13_UTC_Toronto_2024/20240716_12/input_sounding_2024-07-16T12_-80.75_45.25.png", "timestamp": "20240716T12" }, "geometry": { "type": "Point", "coordinates": [ -80.75, 45.25 ] } },
{ "type": "Feature", "properties": { "lat": 45.5, "lon": -80.75, "image_url": "https://raw.githubusercontent.com/severe-weather-lab/soundings/refs/heads/main/input_multiple_soundings/flood/13_UTC_Toronto_2024/20240716_12/input_sounding_2024-07-16T12_-80.75_45.5.png", "timestamp": "20240716T12" }, "geometry": { "type": "Point", "coordinates": [ -80.75, 45.5 ] } },
{ "type": "Feature", "properties": { "lat": 45.75, "lon": -80.75, "image_url": "https://raw.githubusercontent.com/severe-weather-lab/soundings/refs/heads/main/input_multiple_soundings/flood/13_UTC_Toronto_2024/20240716_12/input_sounding_2024-07-16T12_-80.75_45.75.png", "timestamp": "20240716T12" }, "geometry": { "type": "Point", "coordinates": [ -80.75, 45.75 ] } },
{ "type": "Feature", "properties": { "lat": 46.0, "lon": -80.75, "image_url": "https://raw.githubusercontent.com/severe-weather-lab/soundings/refs/heads/main/input_multiple_soundings/flood/13_UTC_Toronto_2024/20240716_12/input_sounding_2024-07-16T12_-80.75_46.0.png", "timestamp": "20240716T12" }, "geometry": { "type": "Point", "coordinates": [ -80.75, 46.0 ] } },
{ "type": "Feature", "properties": { "lat": 41.0, "lon": -80.5, "image_url": "https://raw.githubusercontent.com/severe-weather-lab/soundings/refs/heads/main/input_multiple_soundings/flood/13_UTC_Toronto_2024/20240716_12/input_sounding_2024-07-16T12_-80.5_41.0.png", "timestamp": "20240716T12" }, "geometry": { "type": "Point", "coordinates": [ -80.5, 41.0 ] } },
{ "type": "Feature", "properties": { "lat": 41.25, "lon": -80.5, "image_url": "https://raw.githubusercontent.com/severe-weather-lab/soundings/refs/heads/main/input_multiple_soundings/flood/13_UTC_Toronto_2024/20240716_12/input_sounding_2024-07-16T12_-80.5_41.25.png", "timestamp": "20240716T12" }, "geometry": { "type": "Point", "coordinates": [ -80.5, 41.25 ] } },
{ "type": "Feature", "properties": { "lat": 41.5, "lon": -80.5, "image_url": "https://raw.githubusercontent.com/severe-weather-lab/soundings/refs/heads/main/input_multiple_soundings/flood/13_UTC_Toronto_2024/20240716_12/input_sounding_2024-07-16T12_-80.5_41.5.png", "timestamp": "20240716T12" }, "geometry": { "type": "Point", "coordinates": [ -80.5, 41.5 ] } },
{ "type": "Feature", "properties": { "lat": 41.75, "lon": -80.5, "image_url": "https://raw.githubusercontent.com/severe-weather-lab/soundings/refs/heads/main/input_multiple_soundings/flood/13_UTC_Toronto_2024/20240716_12/input_sounding_2024-07-16T12_-80.5_41.75.png", "timestamp": "20240716T12" }, "geometry": { "type": "Point", "coordinates": [ -80.5, 41.75 ] } },
{ "type": "Feature", "properties": { "lat": 42.0, "lon": -80.5, "image_url": "https://raw.githubusercontent.com/severe-weather-lab/soundings/refs/heads/main/input_multiple_soundings/flood/13_UTC_Toronto_2024/20240716_12/input_sounding_2024-07-16T12_-80.5_42.0.png", "timestamp": "20240716T12" }, "geometry": { "type": "Point", "coordinates": [ -80.5, 42.0 ] } },
{ "type": "Feature", "properties": { "lat": 42.25, "lon": -80.5, "image_url": "https://raw.githubusercontent.com/severe-weather-lab/soundings/refs/heads/main/input_multiple_soundings/flood/13_UTC_Toronto_2024/20240716_12/input_sounding_2024-07-16T12_-80.5_42.25.png", "timestamp": "20240716T12" }, "geometry": { "type": "Point", "coordinates": [ -80.5, 42.25 ] } },
{ "type": "Feature", "properties": { "lat": 42.5, "lon": -80.5, "image_url": "https://raw.githubusercontent.com/severe-weather-lab/soundings/refs/heads/main/input_multiple_soundings/flood/13_UTC_Toronto_2024/20240716_12/input_sounding_2024-07-16T12_-80.5_42.5.png", "timestamp": "20240716T12" }, "geometry": { "type": "Point", "coordinates": [ -80.5, 42.5 ] } },
{ "type": "Feature", "properties": { "lat": 42.75, "lon": -80.5, "image_url": "https://raw.githubusercontent.com/severe-weather-lab/soundings/refs/heads/main/input_multiple_soundings/flood/13_UTC_Toronto_2024/20240716_12/input_sounding_2024-07-16T12_-80.5_42.75.png", "timestamp": "20240716T12" }, "geometry": { "type": "Point", "coordinates": [ -80.5, 42.75 ] } },
{ "type": "Feature", "properties": { "lat": 43.0, "lon": -80.5, "image_url": "https://raw.githubusercontent.com/severe-weather-lab/soundings/refs/heads/main/input_multiple_soundings/flood/13_UTC_Toronto_2024/20240716_12/input_sounding_2024-07-16T12_-80.5_43.0.png", "timestamp": "20240716T12" }, "geometry": { "type": "Point", "coordinates": [ -80.5, 43.0 ] } },
{ "type": "Feature", "properties": { "lat": 43.25, "lon": -80.5, "image_url": "https://raw.githubusercontent.com/severe-weather-lab/soundings/refs/heads/main/input_multiple_soundings/flood/13_UTC_Toronto_2024/20240716_12/input_sounding_2024-07-16T12_-80.5_43.25.png", "timestamp": "20240716T12" }, "geometry": { "type": "Point", "coordinates": [ -80.5, 43.25 ] } },
{ "type": "Feature", "properties": { "lat": 43.5, "lon": -80.5, "image_url": "https://raw.githubusercontent.com/severe-weather-lab/soundings/refs/heads/main/input_multiple_soundings/flood/13_UTC_Toronto_2024/20240716_12/input_sounding_2024-07-16T12_-80.5_43.5.png", "timestamp": "20240716T12" }, "geometry": { "type": "Point", "coordinates": [ -80.5, 43.5 ] } },
{ "type": "Feature", "properties": { "lat": 43.75, "lon": -80.5, "image_url": "https://raw.githubusercontent.com/severe-weather-lab/soundings/refs/heads/main/input_multiple_soundings/flood/13_UTC_Toronto_2024/20240716_12/input_sounding_2024-07-16T12_-80.5_43.75.png", "timestamp": "20240716T12" }, "geometry": { "type": "Point", "coordinates": [ -80.5, 43.75 ] } },
{ "type": "Feature", "properties": { "lat": 44.0, "lon": -80.5, "image_url": "https://raw.githubusercontent.com/severe-weather-lab/soundings/refs/heads/main/input_multiple_soundings/flood/13_UTC_Toronto_2024/20240716_12/input_sounding_2024-07-16T12_-80.5_44.0.png", "timestamp": "20240716T12" }, "geometry": { "type": "Point", "coordinates": [ -80.5, 44.0 ] } },
{ "type": "Feature", "properties": { "lat": 44.25, "lon": -80.5, "image_url": "https://raw.githubusercontent.com/severe-weather-lab/soundings/refs/heads/main/input_multiple_soundings/flood/13_UTC_Toronto_2024/20240716_12/input_sounding_2024-07-16T12_-80.5_44.25.png", "timestamp": "20240716T12" }, "geometry": { "type": "Point", "coordinates": [ -80.5, 44.25 ] } },
{ "type": "Feature", "properties": { "lat": 44.5, "lon": -80.5, "image_url": "https://raw.githubusercontent.com/severe-weather-lab/soundings/refs/heads/main/input_multiple_soundings/flood/13_UTC_Toronto_2024/20240716_12/input_sounding_2024-07-16T12_-80.5_44.5.png", "timestamp": "20240716T12" }, "geometry": { "type": "Point", "coordinates": [ -80.5, 44.5 ] } },
{ "type": "Feature", "properties": { "lat": 44.75, "lon": -80.5, "image_url": "https://raw.githubusercontent.com/severe-weather-lab/soundings/refs/heads/main/input_multiple_soundings/flood/13_UTC_Toronto_2024/20240716_12/input_sounding_2024-07-16T12_-80.5_44.75.png", "timestamp": "20240716T12" }, "geometry": { "type": "Point", "coordinates": [ -80.5, 44.75 ] } },
{ "type": "Feature", "properties": { "lat": 45.0, "lon": -80.5, "image_url": "https://raw.githubusercontent.com/severe-weather-lab/soundings/refs/heads/main/input_multiple_soundings/flood/13_UTC_Toronto_2024/20240716_12/input_sounding_2024-07-16T12_-80.5_45.0.png", "timestamp": "20240716T12" }, "geometry": { "type": "Point", "coordinates": [ -80.5, 45.0 ] } },
{ "type": "Feature", "properties": { "lat": 45.25, "lon": -80.5, "image_url": "https://raw.githubusercontent.com/severe-weather-lab/soundings/refs/heads/main/input_multiple_soundings/flood/13_UTC_Toronto_2024/20240716_12/input_sounding_2024-07-16T12_-80.5_45.25.png", "timestamp": "20240716T12" }, "geometry": { "type": "Point", "coordinates": [ -80.5, 45.25 ] } },
{ "type": "Feature", "properties": { "lat": 45.5, "lon": -80.5, "image_url": "https://raw.githubusercontent.com/severe-weather-lab/soundings/refs/heads/main/input_multiple_soundings/flood/13_UTC_Toronto_2024/20240716_12/input_sounding_2024-07-16T12_-80.5_45.5.png", "timestamp": "20240716T12" }, "geometry": { "type": "Point", "coordinates": [ -80.5, 45.5 ] } },
{ "type": "Feature", "properties": { "lat": 45.75, "lon": -80.5, "image_url": "https://raw.githubusercontent.com/severe-weather-lab/soundings/refs/heads/main/input_multiple_soundings/flood/13_UTC_Toronto_2024/20240716_12/input_sounding_2024-07-16T12_-80.5_45.75.png", "timestamp": "20240716T12" }, "geometry": { "type": "Point", "coordinates": [ -80.5, 45.75 ] } },
{ "type": "Feature", "properties": { "lat": 46.0, "lon": -80.5, "image_url": "https://raw.githubusercontent.com/severe-weather-lab/soundings/refs/heads/main/input_multiple_soundings/flood/13_UTC_Toronto_2024/20240716_12/input_sounding_2024-07-16T12_-80.5_46.0.png", "timestamp": "20240716T12" }, "geometry": { "type": "Point", "coordinates": [ -80.5, 46.0 ] } },
{ "type": "Feature", "properties": { "lat": 41.0, "lon": -80.25, "image_url": "https://raw.githubusercontent.com/severe-weather-lab/soundings/refs/heads/main/input_multiple_soundings/flood/13_UTC_Toronto_2024/20240716_12/input_sounding_2024-07-16T12_-80.25_41.0.png", "timestamp": "20240716T12" }, "geometry": { "type": "Point", "coordinates": [ -80.25, 41.0 ] } },
{ "type": "Feature", "properties": { "lat": 41.25, "lon": -80.25, "image_url": "https://raw.githubusercontent.com/severe-weather-lab/soundings/refs/heads/main/input_multiple_soundings/flood/13_UTC_Toronto_2024/20240716_12/input_sounding_2024-07-16T12_-80.25_41.25.png", "timestamp": "20240716T12" }, "geometry": { "type": "Point", "coordinates": [ -80.25, 41.25 ] } },
{ "type": "Feature", "properties": { "lat": 41.5, "lon": -80.25, "image_url": "https://raw.githubusercontent.com/severe-weather-lab/soundings/refs/heads/main/input_multiple_soundings/flood/13_UTC_Toronto_2024/20240716_12/input_sounding_2024-07-16T12_-80.25_41.5.png", "timestamp": "20240716T12" }, "geometry": { "type": "Point", "coordinates": [ -80.25, 41.5 ] } },
{ "type": "Feature", "properties": { "lat": 41.75, "lon": -80.25, "image_url": "https://raw.githubusercontent.com/severe-weather-lab/soundings/refs/heads/main/input_multiple_soundings/flood/13_UTC_Toronto_2024/20240716_12/input_sounding_2024-07-16T12_-80.25_41.75.png", "timestamp": "20240716T12" }, "geometry": { "type": "Point", "coordinates": [ -80.25, 41.75 ] } },
{ "type": "Feature", "properties": { "lat": 42.0, "lon": -80.25, "image_url": "https://raw.githubusercontent.com/severe-weather-lab/soundings/refs/heads/main/input_multiple_soundings/flood/13_UTC_Toronto_2024/20240716_12/input_sounding_2024-07-16T12_-80.25_42.0.png", "timestamp": "20240716T12" }, "geometry": { "type": "Point", "coordinates": [ -80.25, 42.0 ] } },
{ "type": "Feature", "properties": { "lat": 42.25, "lon": -80.25, "image_url": "https://raw.githubusercontent.com/severe-weather-lab/soundings/refs/heads/main/input_multiple_soundings/flood/13_UTC_Toronto_2024/20240716_12/input_sounding_2024-07-16T12_-80.25_42.25.png", "timestamp": "20240716T12" }, "geometry": { "type": "Point", "coordinates": [ -80.25, 42.25 ] } },
{ "type": "Feature", "properties": { "lat": 42.5, "lon": -80.25, "image_url": "https://raw.githubusercontent.com/severe-weather-lab/soundings/refs/heads/main/input_multiple_soundings/flood/13_UTC_Toronto_2024/20240716_12/input_sounding_2024-07-16T12_-80.25_42.5.png", "timestamp": "20240716T12" }, "geometry": { "type": "Point", "coordinates": [ -80.25, 42.5 ] } },
{ "type": "Feature", "properties": { "lat": 42.75, "lon": -80.25, "image_url": "https://raw.githubusercontent.com/severe-weather-lab/soundings/refs/heads/main/input_multiple_soundings/flood/13_UTC_Toronto_2024/20240716_12/input_sounding_2024-07-16T12_-80.25_42.75.png", "timestamp": "20240716T12" }, "geometry": { "type": "Point", "coordinates": [ -80.25, 42.75 ] } },
{ "type": "Feature", "properties": { "lat": 43.0, "lon": -80.25, "image_url": "https://raw.githubusercontent.com/severe-weather-lab/soundings/refs/heads/main/input_multiple_soundings/flood/13_UTC_Toronto_2024/20240716_12/input_sounding_2024-07-16T12_-80.25_43.0.png", "timestamp": "20240716T12" }, "geometry": { "type": "Point", "coordinates": [ -80.25, 43.0 ] } },
{ "type": "Feature", "properties": { "lat": 43.25, "lon": -80.25, "image_url": "https://raw.githubusercontent.com/severe-weather-lab/soundings/refs/heads/main/input_multiple_soundings/flood/13_UTC_Toronto_2024/20240716_12/input_sounding_2024-07-16T12_-80.25_43.25.png", "timestamp": "20240716T12" }, "geometry": { "type": "Point", "coordinates": [ -80.25, 43.25 ] } },
{ "type": "Feature", "properties": { "lat": 43.5, "lon": -80.25, "image_url": "https://raw.githubusercontent.com/severe-weather-lab/soundings/refs/heads/main/input_multiple_soundings/flood/13_UTC_Toronto_2024/20240716_12/input_sounding_2024-07-16T12_-80.25_43.5.png", "timestamp": "20240716T12" }, "geometry": { "type": "Point", "coordinates": [ -80.25, 43.5 ] } },
{ "type": "Feature", "properties": { "lat": 43.75, "lon": -80.25, "image_url": "https://raw.githubusercontent.com/severe-weather-lab/soundings/refs/heads/main/input_multiple_soundings/flood/13_UTC_Toronto_2024/20240716_12/input_sounding_2024-07-16T12_-80.25_43.75.png", "timestamp": "20240716T12" }, "geometry": { "type": "Point", "coordinates": [ -80.25, 43.75 ] } },
{ "type": "Feature", "properties": { "lat": 44.0, "lon": -80.25, "image_url": "https://raw.githubusercontent.com/severe-weather-lab/soundings/refs/heads/main/input_multiple_soundings/flood/13_UTC_Toronto_2024/20240716_12/input_sounding_2024-07-16T12_-80.25_44.0.png", "timestamp": "20240716T12" }, "geometry": { "type": "Point", "coordinates": [ -80.25, 44.0 ] } },
{ "type": "Feature", "properties": { "lat": 44.25, "lon": -80.25, "image_url": "https://raw.githubusercontent.com/severe-weather-lab/soundings/refs/heads/main/input_multiple_soundings/flood/13_UTC_Toronto_2024/20240716_12/input_sounding_2024-07-16T12_-80.25_44.25.png", "timestamp": "20240716T12" }, "geometry": { "type": "Point", "coordinates": [ -80.25, 44.25 ] } },
{ "type": "Feature", "properties": { "lat": 44.5, "lon": -80.25, "image_url": "https://raw.githubusercontent.com/severe-weather-lab/soundings/refs/heads/main/input_multiple_soundings/flood/13_UTC_Toronto_2024/20240716_12/input_sounding_2024-07-16T12_-80.25_44.5.png", "timestamp": "20240716T12" }, "geometry": { "type": "Point", "coordinates": [ -80.25, 44.5 ] } },
{ "type": "Feature", "properties": { "lat": 44.75, "lon": -80.25, "image_url": "https://raw.githubusercontent.com/severe-weather-lab/soundings/refs/heads/main/input_multiple_soundings/flood/13_UTC_Toronto_2024/20240716_12/input_sounding_2024-07-16T12_-80.25_44.75.png", "timestamp": "20240716T12" }, "geometry": { "type": "Point", "coordinates": [ -80.25, 44.75 ] } },
{ "type": "Feature", "properties": { "lat": 45.0, "lon": -80.25, "image_url": "https://raw.githubusercontent.com/severe-weather-lab/soundings/refs/heads/main/input_multiple_soundings/flood/13_UTC_Toronto_2024/20240716_12/input_sounding_2024-07-16T12_-80.25_45.0.png", "timestamp": "20240716T12" }, "geometry": { "type": "Point", "coordinates": [ -80.25, 45.0 ] } },
{ "type": "Feature", "properties": { "lat": 45.25, "lon": -80.25, "image_url": "https://raw.githubusercontent.com/severe-weather-lab/soundings/refs/heads/main/input_multiple_soundings/flood/13_UTC_Toronto_2024/20240716_12/input_sounding_2024-07-16T12_-80.25_45.25.png", "timestamp": "20240716T12" }, "geometry": { "type": "Point", "coordinates": [ -80.25, 45.25 ] } },
{ "type": "Feature", "properties": { "lat": 45.5, "lon": -80.25, "image_url": "https://raw.githubusercontent.com/severe-weather-lab/soundings/refs/heads/main/input_multiple_soundings/flood/13_UTC_Toronto_2024/20240716_12/input_sounding_2024-07-16T12_-80.25_45.5.png", "timestamp": "20240716T12" }, "geometry": { "type": "Point", "coordinates": [ -80.25, 45.5 ] } },
{ "type": "Feature", "properties": { "lat": 45.75, "lon": -80.25, "image_url": "https://raw.githubusercontent.com/severe-weather-lab/soundings/refs/heads/main/input_multiple_soundings/flood/13_UTC_Toronto_2024/20240716_12/input_sounding_2024-07-16T12_-80.25_45.75.png", "timestamp": "20240716T12" }, "geometry": { "type": "Point", "coordinates": [ -80.25, 45.75 ] } },
{ "type": "Feature", "properties": { "lat": 46.0, "lon": -80.25, "image_url": "https://raw.githubusercontent.com/severe-weather-lab/soundings/refs/heads/main/input_multiple_soundings/flood/13_UTC_Toronto_2024/20240716_12/input_sounding_2024-07-16T12_-80.25_46.0.png", "timestamp": "20240716T12" }, "geometry": { "type": "Point", "coordinates": [ -80.25, 46.0 ] } },
{ "type": "Feature", "properties": { "lat": 41.0, "lon": -80.0, "image_url": "https://raw.githubusercontent.com/severe-weather-lab/soundings/refs/heads/main/input_multiple_soundings/flood/13_UTC_Toronto_2024/20240716_12/input_sounding_2024-07-16T12_-80.0_41.0.png", "timestamp": "20240716T12" }, "geometry": { "type": "Point", "coordinates": [ -80.0, 41.0 ] } },
{ "type": "Feature", "properties": { "lat": 41.25, "lon": -80.0, "image_url": "https://raw.githubusercontent.com/severe-weather-lab/soundings/refs/heads/main/input_multiple_soundings/flood/13_UTC_Toronto_2024/20240716_12/input_sounding_2024-07-16T12_-80.0_41.25.png", "timestamp": "20240716T12" }, "geometry": { "type": "Point", "coordinates": [ -80.0, 41.25 ] } },
{ "type": "Feature", "properties": { "lat": 41.5, "lon": -80.0, "image_url": "https://raw.githubusercontent.com/severe-weather-lab/soundings/refs/heads/main/input_multiple_soundings/flood/13_UTC_Toronto_2024/20240716_12/input_sounding_2024-07-16T12_-80.0_41.5.png", "timestamp": "20240716T12" }, "geometry": { "type": "Point", "coordinates": [ -80.0, 41.5 ] } },
{ "type": "Feature", "properties": { "lat": 41.75, "lon": -80.0, "image_url": "https://raw.githubusercontent.com/severe-weather-lab/soundings/refs/heads/main/input_multiple_soundings/flood/13_UTC_Toronto_2024/20240716_12/input_sounding_2024-07-16T12_-80.0_41.75.png", "timestamp": "20240716T12" }, "geometry": { "type": "Point", "coordinates": [ -80.0, 41.75 ] } },
{ "type": "Feature", "properties": { "lat": 42.0, "lon": -80.0, "image_url": "https://raw.githubusercontent.com/severe-weather-lab/soundings/refs/heads/main/input_multiple_soundings/flood/13_UTC_Toronto_2024/20240716_12/input_sounding_2024-07-16T12_-80.0_42.0.png", "timestamp": "20240716T12" }, "geometry": { "type": "Point", "coordinates": [ -80.0, 42.0 ] } },
{ "type": "Feature", "properties": { "lat": 42.25, "lon": -80.0, "image_url": "https://raw.githubusercontent.com/severe-weather-lab/soundings/refs/heads/main/input_multiple_soundings/flood/13_UTC_Toronto_2024/20240716_12/input_sounding_2024-07-16T12_-80.0_42.25.png", "timestamp": "20240716T12" }, "geometry": { "type": "Point", "coordinates": [ -80.0, 42.25 ] } },
{ "type": "Feature", "properties": { "lat": 42.5, "lon": -80.0, "image_url": "https://raw.githubusercontent.com/severe-weather-lab/soundings/refs/heads/main/input_multiple_soundings/flood/13_UTC_Toronto_2024/20240716_12/input_sounding_2024-07-16T12_-80.0_42.5.png", "timestamp": "20240716T12" }, "geometry": { "type": "Point", "coordinates": [ -80.0, 42.5 ] } },
{ "type": "Feature", "properties": { "lat": 42.75, "lon": -80.0, "image_url": "https://raw.githubusercontent.com/severe-weather-lab/soundings/refs/heads/main/input_multiple_soundings/flood/13_UTC_Toronto_2024/20240716_12/input_sounding_2024-07-16T12_-80.0_42.75.png", "timestamp": "20240716T12" }, "geometry": { "type": "Point", "coordinates": [ -80.0, 42.75 ] } },
{ "type": "Feature", "properties": { "lat": 43.0, "lon": -80.0, "image_url": "https://raw.githubusercontent.com/severe-weather-lab/soundings/refs/heads/main/input_multiple_soundings/flood/13_UTC_Toronto_2024/20240716_12/input_sounding_2024-07-16T12_-80.0_43.0.png", "timestamp": "20240716T12" }, "geometry": { "type": "Point", "coordinates": [ -80.0, 43.0 ] } },
{ "type": "Feature", "properties": { "lat": 43.25, "lon": -80.0, "image_url": "https://raw.githubusercontent.com/severe-weather-lab/soundings/refs/heads/main/input_multiple_soundings/flood/13_UTC_Toronto_2024/20240716_12/input_sounding_2024-07-16T12_-80.0_43.25.png", "timestamp": "20240716T12" }, "geometry": { "type": "Point", "coordinates": [ -80.0, 43.25 ] } },
{ "type": "Feature", "properties": { "lat": 43.5, "lon": -80.0, "image_url": "https://raw.githubusercontent.com/severe-weather-lab/soundings/refs/heads/main/input_multiple_soundings/flood/13_UTC_Toronto_2024/20240716_12/input_sounding_2024-07-16T12_-80.0_43.5.png", "timestamp": "20240716T12" }, "geometry": { "type": "Point", "coordinates": [ -80.0, 43.5 ] } },
{ "type": "Feature", "properties": { "lat": 43.75, "lon": -80.0, "image_url": "https://raw.githubusercontent.com/severe-weather-lab/soundings/refs/heads/main/input_multiple_soundings/flood/13_UTC_Toronto_2024/20240716_12/input_sounding_2024-07-16T12_-80.0_43.75.png", "timestamp": "20240716T12" }, "geometry": { "type": "Point", "coordinates": [ -80.0, 43.75 ] } },
{ "type": "Feature", "properties": { "lat": 44.0, "lon": -80.0, "image_url": "https://raw.githubusercontent.com/severe-weather-lab/soundings/refs/heads/main/input_multiple_soundings/flood/13_UTC_Toronto_2024/20240716_12/input_sounding_2024-07-16T12_-80.0_44.0.png", "timestamp": "20240716T12" }, "geometry": { "type": "Point", "coordinates": [ -80.0, 44.0 ] } },
{ "type": "Feature", "properties": { "lat": 44.25, "lon": -80.0, "image_url": "https://raw.githubusercontent.com/severe-weather-lab/soundings/refs/heads/main/input_multiple_soundings/flood/13_UTC_Toronto_2024/20240716_12/input_sounding_2024-07-16T12_-80.0_44.25.png", "timestamp": "20240716T12" }, "geometry": { "type": "Point", "coordinates": [ -80.0, 44.25 ] } },
{ "type": "Feature", "properties": { "lat": 44.5, "lon": -80.0, "image_url": "https://raw.githubusercontent.com/severe-weather-lab/soundings/refs/heads/main/input_multiple_soundings/flood/13_UTC_Toronto_2024/20240716_12/input_sounding_2024-07-16T12_-80.0_44.5.png", "timestamp": "20240716T12" }, "geometry": { "type": "Point", "coordinates": [ -80.0, 44.5 ] } },
{ "type": "Feature", "properties": { "lat": 44.75, "lon": -80.0, "image_url": "https://raw.githubusercontent.com/severe-weather-lab/soundings/refs/heads/main/input_multiple_soundings/flood/13_UTC_Toronto_2024/20240716_12/input_sounding_2024-07-16T12_-80.0_44.75.png", "timestamp": "20240716T12" }, "geometry": { "type": "Point", "coordinates": [ -80.0, 44.75 ] } },
{ "type": "Feature", "properties": { "lat": 45.0, "lon": -80.0, "image_url": "https://raw.githubusercontent.com/severe-weather-lab/soundings/refs/heads/main/input_multiple_soundings/flood/13_UTC_Toronto_2024/20240716_12/input_sounding_2024-07-16T12_-80.0_45.0.png", "timestamp": "20240716T12" }, "geometry": { "type": "Point", "coordinates": [ -80.0, 45.0 ] } },
{ "type": "Feature", "properties": { "lat": 45.25, "lon": -80.0, "image_url": "https://raw.githubusercontent.com/severe-weather-lab/soundings/refs/heads/main/input_multiple_soundings/flood/13_UTC_Toronto_2024/20240716_12/input_sounding_2024-07-16T12_-80.0_45.25.png", "timestamp": "20240716T12" }, "geometry": { "type": "Point", "coordinates": [ -80.0, 45.25 ] } },
{ "type": "Feature", "properties": { "lat": 45.5, "lon": -80.0, "image_url": "https://raw.githubusercontent.com/severe-weather-lab/soundings/refs/heads/main/input_multiple_soundings/flood/13_UTC_Toronto_2024/20240716_12/input_sounding_2024-07-16T12_-80.0_45.5.png", "timestamp": "20240716T12" }, "geometry": { "type": "Point", "coordinates": [ -80.0, 45.5 ] } },
{ "type": "Feature", "properties": { "lat": 45.75, "lon": -80.0, "image_url": "https://raw.githubusercontent.com/severe-weather-lab/soundings/refs/heads/main/input_multiple_soundings/flood/13_UTC_Toronto_2024/20240716_12/input_sounding_2024-07-16T12_-80.0_45.75.png", "timestamp": "20240716T12" }, "geometry": { "type": "Point", "coordinates": [ -80.0, 45.75 ] } },
{ "type": "Feature", "properties": { "lat": 46.0, "lon": -80.0, "image_url": "https://raw.githubusercontent.com/severe-weather-lab/soundings/refs/heads/main/input_multiple_soundings/flood/13_UTC_Toronto_2024/20240716_12/input_sounding_2024-07-16T12_-80.0_46.0.png", "timestamp": "20240716T12" }, "geometry": { "type": "Point", "coordinates": [ -80.0, 46.0 ] } },
{ "type": "Feature", "properties": { "lat": 41.0, "lon": -79.75, "image_url": "https://raw.githubusercontent.com/severe-weather-lab/soundings/refs/heads/main/input_multiple_soundings/flood/13_UTC_Toronto_2024/20240716_12/input_sounding_2024-07-16T12_-79.75_41.0.png", "timestamp": "20240716T12" }, "geometry": { "type": "Point", "coordinates": [ -79.75, 41.0 ] } },
{ "type": "Feature", "properties": { "lat": 41.25, "lon": -79.75, "image_url": "https://raw.githubusercontent.com/severe-weather-lab/soundings/refs/heads/main/input_multiple_soundings/flood/13_UTC_Toronto_2024/20240716_12/input_sounding_2024-07-16T12_-79.75_41.25.png", "timestamp": "20240716T12" }, "geometry": { "type": "Point", "coordinates": [ -79.75, 41.25 ] } },
{ "type": "Feature", "properties": { "lat": 41.5, "lon": -79.75, "image_url": "https://raw.githubusercontent.com/severe-weather-lab/soundings/refs/heads/main/input_multiple_soundings/flood/13_UTC_Toronto_2024/20240716_12/input_sounding_2024-07-16T12_-79.75_41.5.png", "timestamp": "20240716T12" }, "geometry": { "type": "Point", "coordinates": [ -79.75, 41.5 ] } },
{ "type": "Feature", "properties": { "lat": 41.75, "lon": -79.75, "image_url": "https://raw.githubusercontent.com/severe-weather-lab/soundings/refs/heads/main/input_multiple_soundings/flood/13_UTC_Toronto_2024/20240716_12/input_sounding_2024-07-16T12_-79.75_41.75.png", "timestamp": "20240716T12" }, "geometry": { "type": "Point", "coordinates": [ -79.75, 41.75 ] } },
{ "type": "Feature", "properties": { "lat": 42.0, "lon": -79.75, "image_url": "https://raw.githubusercontent.com/severe-weather-lab/soundings/refs/heads/main/input_multiple_soundings/flood/13_UTC_Toronto_2024/20240716_12/input_sounding_2024-07-16T12_-79.75_42.0.png", "timestamp": "20240716T12" }, "geometry": { "type": "Point", "coordinates": [ -79.75, 42.0 ] } },
{ "type": "Feature", "properties": { "lat": 42.25, "lon": -79.75, "image_url": "https://raw.githubusercontent.com/severe-weather-lab/soundings/refs/heads/main/input_multiple_soundings/flood/13_UTC_Toronto_2024/20240716_12/input_sounding_2024-07-16T12_-79.75_42.25.png", "timestamp": "20240716T12" }, "geometry": { "type": "Point", "coordinates": [ -79.75, 42.25 ] } },
{ "type": "Feature", "properties": { "lat": 42.5, "lon": -79.75, "image_url": "https://raw.githubusercontent.com/severe-weather-lab/soundings/refs/heads/main/input_multiple_soundings/flood/13_UTC_Toronto_2024/20240716_12/input_sounding_2024-07-16T12_-79.75_42.5.png", "timestamp": "20240716T12" }, "geometry": { "type": "Point", "coordinates": [ -79.75, 42.5 ] } },
{ "type": "Feature", "properties": { "lat": 42.75, "lon": -79.75, "image_url": "https://raw.githubusercontent.com/severe-weather-lab/soundings/refs/heads/main/input_multiple_soundings/flood/13_UTC_Toronto_2024/20240716_12/input_sounding_2024-07-16T12_-79.75_42.75.png", "timestamp": "20240716T12" }, "geometry": { "type": "Point", "coordinates": [ -79.75, 42.75 ] } },
{ "type": "Feature", "properties": { "lat": 43.0, "lon": -79.75, "image_url": "https://raw.githubusercontent.com/severe-weather-lab/soundings/refs/heads/main/input_multiple_soundings/flood/13_UTC_Toronto_2024/20240716_12/input_sounding_2024-07-16T12_-79.75_43.0.png", "timestamp": "20240716T12" }, "geometry": { "type": "Point", "coordinates": [ -79.75, 43.0 ] } },
{ "type": "Feature", "properties": { "lat": 43.25, "lon": -79.75, "image_url": "https://raw.githubusercontent.com/severe-weather-lab/soundings/refs/heads/main/input_multiple_soundings/flood/13_UTC_Toronto_2024/20240716_12/input_sounding_2024-07-16T12_-79.75_43.25.png", "timestamp": "20240716T12" }, "geometry": { "type": "Point", "coordinates": [ -79.75, 43.25 ] } },
{ "type": "Feature", "properties": { "lat": 43.5, "lon": -79.75, "image_url": "https://raw.githubusercontent.com/severe-weather-lab/soundings/refs/heads/main/input_multiple_soundings/flood/13_UTC_Toronto_2024/20240716_12/input_sounding_2024-07-16T12_-79.75_43.5.png", "timestamp": "20240716T12" }, "geometry": { "type": "Point", "coordinates": [ -79.75, 43.5 ] } },
{ "type": "Feature", "properties": { "lat": 43.75, "lon": -79.75, "image_url": "https://raw.githubusercontent.com/severe-weather-lab/soundings/refs/heads/main/input_multiple_soundings/flood/13_UTC_Toronto_2024/20240716_12/input_sounding_2024-07-16T12_-79.75_43.75.png", "timestamp": "20240716T12" }, "geometry": { "type": "Point", "coordinates": [ -79.75, 43.75 ] } },
{ "type": "Feature", "properties": { "lat": 44.0, "lon": -79.75, "image_url": "https://raw.githubusercontent.com/severe-weather-lab/soundings/refs/heads/main/input_multiple_soundings/flood/13_UTC_Toronto_2024/20240716_12/input_sounding_2024-07-16T12_-79.75_44.0.png", "timestamp": "20240716T12" }, "geometry": { "type": "Point", "coordinates": [ -79.75, 44.0 ] } },
{ "type": "Feature", "properties": { "lat": 44.25, "lon": -79.75, "image_url": "https://raw.githubusercontent.com/severe-weather-lab/soundings/refs/heads/main/input_multiple_soundings/flood/13_UTC_Toronto_2024/20240716_12/input_sounding_2024-07-16T12_-79.75_44.25.png", "timestamp": "20240716T12" }, "geometry": { "type": "Point", "coordinates": [ -79.75, 44.25 ] } },
{ "type": "Feature", "properties": { "lat": 44.5, "lon": -79.75, "image_url": "https://raw.githubusercontent.com/severe-weather-lab/soundings/refs/heads/main/input_multiple_soundings/flood/13_UTC_Toronto_2024/20240716_12/input_sounding_2024-07-16T12_-79.75_44.5.png", "timestamp": "20240716T12" }, "geometry": { "type": "Point", "coordinates": [ -79.75, 44.5 ] } },
{ "type": "Feature", "properties": { "lat": 44.75, "lon": -79.75, "image_url": "https://raw.githubusercontent.com/severe-weather-lab/soundings/refs/heads/main/input_multiple_soundings/flood/13_UTC_Toronto_2024/20240716_12/input_sounding_2024-07-16T12_-79.75_44.75.png", "timestamp": "20240716T12" }, "geometry": { "type": "Point", "coordinates": [ -79.75, 44.75 ] } },
{ "type": "Feature", "properties": { "lat": 45.0, "lon": -79.75, "image_url": "https://raw.githubusercontent.com/severe-weather-lab/soundings/refs/heads/main/input_multiple_soundings/flood/13_UTC_Toronto_2024/20240716_12/input_sounding_2024-07-16T12_-79.75_45.0.png", "timestamp": "20240716T12" }, "geometry": { "type": "Point", "coordinates": [ -79.75, 45.0 ] } },
{ "type": "Feature", "properties": { "lat": 45.25, "lon": -79.75, "image_url": "https://raw.githubusercontent.com/severe-weather-lab/soundings/refs/heads/main/input_multiple_soundings/flood/13_UTC_Toronto_2024/20240716_12/input_sounding_2024-07-16T12_-79.75_45.25.png", "timestamp": "20240716T12" }, "geometry": { "type": "Point", "coordinates": [ -79.75, 45.25 ] } },
{ "type": "Feature", "properties": { "lat": 45.5, "lon": -79.75, "image_url": "https://raw.githubusercontent.com/severe-weather-lab/soundings/refs/heads/main/input_multiple_soundings/flood/13_UTC_Toronto_2024/20240716_12/input_sounding_2024-07-16T12_-79.75_45.5.png", "timestamp": "20240716T12" }, "geometry": { "type": "Point", "coordinates": [ -79.75, 45.5 ] } },
{ "type": "Feature", "properties": { "lat": 45.75, "lon": -79.75, "image_url": "https://raw.githubusercontent.com/severe-weather-lab/soundings/refs/heads/main/input_multiple_soundings/flood/13_UTC_Toronto_2024/20240716_12/input_sounding_2024-07-16T12_-79.75_45.75.png", "timestamp": "20240716T12" }, "geometry": { "type": "Point", "coordinates": [ -79.75, 45.75 ] } },
{ "type": "Feature", "properties": { "lat": 46.0, "lon": -79.75, "image_url": "https://raw.githubusercontent.com/severe-weather-lab/soundings/refs/heads/main/input_multiple_soundings/flood/13_UTC_Toronto_2024/20240716_12/input_sounding_2024-07-16T12_-79.75_46.0.png", "timestamp": "20240716T12" }, "geometry": { "type": "Point", "coordinates": [ -79.75, 46.0 ] } },
{ "type": "Feature", "properties": { "lat": 41.0, "lon": -79.5, "image_url": "https://raw.githubusercontent.com/severe-weather-lab/soundings/refs/heads/main/input_multiple_soundings/flood/13_UTC_Toronto_2024/20240716_12/input_sounding_2024-07-16T12_-79.5_41.0.png", "timestamp": "20240716T12" }, "geometry": { "type": "Point", "coordinates": [ -79.5, 41.0 ] } },
{ "type": "Feature", "properties": { "lat": 41.25, "lon": -79.5, "image_url": "https://raw.githubusercontent.com/severe-weather-lab/soundings/refs/heads/main/input_multiple_soundings/flood/13_UTC_Toronto_2024/20240716_12/input_sounding_2024-07-16T12_-79.5_41.25.png", "timestamp": "20240716T12" }, "geometry": { "type": "Point", "coordinates": [ -79.5, 41.25 ] } },
{ "type": "Feature", "properties": { "lat": 41.5, "lon": -79.5, "image_url": "https://raw.githubusercontent.com/severe-weather-lab/soundings/refs/heads/main/input_multiple_soundings/flood/13_UTC_Toronto_2024/20240716_12/input_sounding_2024-07-16T12_-79.5_41.5.png", "timestamp": "20240716T12" }, "geometry": { "type": "Point", "coordinates": [ -79.5, 41.5 ] } },
{ "type": "Feature", "properties": { "lat": 41.75, "lon": -79.5, "image_url": "https://raw.githubusercontent.com/severe-weather-lab/soundings/refs/heads/main/input_multiple_soundings/flood/13_UTC_Toronto_2024/20240716_12/input_sounding_2024-07-16T12_-79.5_41.75.png", "timestamp": "20240716T12" }, "geometry": { "type": "Point", "coordinates": [ -79.5, 41.75 ] } },
{ "type": "Feature", "properties": { "lat": 42.0, "lon": -79.5, "image_url": "https://raw.githubusercontent.com/severe-weather-lab/soundings/refs/heads/main/input_multiple_soundings/flood/13_UTC_Toronto_2024/20240716_12/input_sounding_2024-07-16T12_-79.5_42.0.png", "timestamp": "20240716T12" }, "geometry": { "type": "Point", "coordinates": [ -79.5, 42.0 ] } },
{ "type": "Feature", "properties": { "lat": 42.25, "lon": -79.5, "image_url": "https://raw.githubusercontent.com/severe-weather-lab/soundings/refs/heads/main/input_multiple_soundings/flood/13_UTC_Toronto_2024/20240716_12/input_sounding_2024-07-16T12_-79.5_42.25.png", "timestamp": "20240716T12" }, "geometry": { "type": "Point", "coordinates": [ -79.5, 42.25 ] } },
{ "type": "Feature", "properties": { "lat": 42.5, "lon": -79.5, "image_url": "https://raw.githubusercontent.com/severe-weather-lab/soundings/refs/heads/main/input_multiple_soundings/flood/13_UTC_Toronto_2024/20240716_12/input_sounding_2024-07-16T12_-79.5_42.5.png", "timestamp": "20240716T12" }, "geometry": { "type": "Point", "coordinates": [ -79.5, 42.5 ] } },
{ "type": "Feature", "properties": { "lat": 42.75, "lon": -79.5, "image_url": "https://raw.githubusercontent.com/severe-weather-lab/soundings/refs/heads/main/input_multiple_soundings/flood/13_UTC_Toronto_2024/20240716_12/input_sounding_2024-07-16T12_-79.5_42.75.png", "timestamp": "20240716T12" }, "geometry": { "type": "Point", "coordinates": [ -79.5, 42.75 ] } },
{ "type": "Feature", "properties": { "lat": 43.0, "lon": -79.5, "image_url": "https://raw.githubusercontent.com/severe-weather-lab/soundings/refs/heads/main/input_multiple_soundings/flood/13_UTC_Toronto_2024/20240716_12/input_sounding_2024-07-16T12_-79.5_43.0.png", "timestamp": "20240716T12" }, "geometry": { "type": "Point", "coordinates": [ -79.5, 43.0 ] } },
{ "type": "Feature", "properties": { "lat": 43.25, "lon": -79.5, "image_url": "https://raw.githubusercontent.com/severe-weather-lab/soundings/refs/heads/main/input_multiple_soundings/flood/13_UTC_Toronto_2024/20240716_12/input_sounding_2024-07-16T12_-79.5_43.25.png", "timestamp": "20240716T12" }, "geometry": { "type": "Point", "coordinates": [ -79.5, 43.25 ] } },
{ "type": "Feature", "properties": { "lat": 43.5, "lon": -79.5, "image_url": "https://raw.githubusercontent.com/severe-weather-lab/soundings/refs/heads/main/input_multiple_soundings/flood/13_UTC_Toronto_2024/20240716_12/input_sounding_2024-07-16T12_-79.5_43.5.png", "timestamp": "20240716T12" }, "geometry": { "type": "Point", "coordinates": [ -79.5, 43.5 ] } },
{ "type": "Feature", "properties": { "lat": 43.75, "lon": -79.5, "image_url": "https://raw.githubusercontent.com/severe-weather-lab/soundings/refs/heads/main/input_multiple_soundings/flood/13_UTC_Toronto_2024/20240716_12/input_sounding_2024-07-16T12_-79.5_43.75.png", "timestamp": "20240716T12" }, "geometry": { "type": "Point", "coordinates": [ -79.5, 43.75 ] } },
{ "type": "Feature", "properties": { "lat": 44.0, "lon": -79.5, "image_url": "https://raw.githubusercontent.com/severe-weather-lab/soundings/refs/heads/main/input_multiple_soundings/flood/13_UTC_Toronto_2024/20240716_12/input_sounding_2024-07-16T12_-79.5_44.0.png", "timestamp": "20240716T12" }, "geometry": { "type": "Point", "coordinates": [ -79.5, 44.0 ] } },
{ "type": "Feature", "properties": { "lat": 44.25, "lon": -79.5, "image_url": "https://raw.githubusercontent.com/severe-weather-lab/soundings/refs/heads/main/input_multiple_soundings/flood/13_UTC_Toronto_2024/20240716_12/input_sounding_2024-07-16T12_-79.5_44.25.png", "timestamp": "20240716T12" }, "geometry": { "type": "Point", "coordinates": [ -79.5, 44.25 ] } },
{ "type": "Feature", "properties": { "lat": 44.5, "lon": -79.5, "image_url": "https://raw.githubusercontent.com/severe-weather-lab/soundings/refs/heads/main/input_multiple_soundings/flood/13_UTC_Toronto_2024/20240716_12/input_sounding_2024-07-16T12_-79.5_44.5.png", "timestamp": "20240716T12" }, "geometry": { "type": "Point", "coordinates": [ -79.5, 44.5 ] } },
{ "type": "Feature", "properties": { "lat": 44.75, "lon": -79.5, "image_url": "https://raw.githubusercontent.com/severe-weather-lab/soundings/refs/heads/main/input_multiple_soundings/flood/13_UTC_Toronto_2024/20240716_12/input_sounding_2024-07-16T12_-79.5_44.75.png", "timestamp": "20240716T12" }, "geometry": { "type": "Point", "coordinates": [ -79.5, 44.75 ] } },
{ "type": "Feature", "properties": { "lat": 45.0, "lon": -79.5, "image_url": "https://raw.githubusercontent.com/severe-weather-lab/soundings/refs/heads/main/input_multiple_soundings/flood/13_UTC_Toronto_2024/20240716_12/input_sounding_2024-07-16T12_-79.5_45.0.png", "timestamp": "20240716T12" }, "geometry": { "type": "Point", "coordinates": [ -79.5, 45.0 ] } },
{ "type": "Feature", "properties": { "lat": 45.25, "lon": -79.5, "image_url": "https://raw.githubusercontent.com/severe-weather-lab/soundings/refs/heads/main/input_multiple_soundings/flood/13_UTC_Toronto_2024/20240716_12/input_sounding_2024-07-16T12_-79.5_45.25.png", "timestamp": "20240716T12" }, "geometry": { "type": "Point", "coordinates": [ -79.5, 45.25 ] } },
{ "type": "Feature", "properties": { "lat": 45.5, "lon": -79.5, "image_url": "https://raw.githubusercontent.com/severe-weather-lab/soundings/refs/heads/main/input_multiple_soundings/flood/13_UTC_Toronto_2024/20240716_12/input_sounding_2024-07-16T12_-79.5_45.5.png", "timestamp": "20240716T12" }, "geometry": { "type": "Point", "coordinates": [ -79.5, 45.5 ] } },
{ "type": "Feature", "properties": { "lat": 45.75, "lon": -79.5, "image_url": "https://raw.githubusercontent.com/severe-weather-lab/soundings/refs/heads/main/input_multiple_soundings/flood/13_UTC_Toronto_2024/20240716_12/input_sounding_2024-07-16T12_-79.5_45.75.png", "timestamp": "20240716T12" }, "geometry": { "type": "Point", "coordinates": [ -79.5, 45.75 ] } },
{ "type": "Feature", "properties": { "lat": 46.0, "lon": -79.5, "image_url": "https://raw.githubusercontent.com/severe-weather-lab/soundings/refs/heads/main/input_multiple_soundings/flood/13_UTC_Toronto_2024/20240716_12/input_sounding_2024-07-16T12_-79.5_46.0.png", "timestamp": "20240716T12" }, "geometry": { "type": "Point", "coordinates": [ -79.5, 46.0 ] } },
{ "type": "Feature", "properties": { "lat": 41.0, "lon": -79.25, "image_url": "https://raw.githubusercontent.com/severe-weather-lab/soundings/refs/heads/main/input_multiple_soundings/flood/13_UTC_Toronto_2024/20240716_12/input_sounding_2024-07-16T12_-79.25_41.0.png", "timestamp": "20240716T12" }, "geometry": { "type": "Point", "coordinates": [ -79.25, 41.0 ] } },
{ "type": "Feature", "properties": { "lat": 41.25, "lon": -79.25, "image_url": "https://raw.githubusercontent.com/severe-weather-lab/soundings/refs/heads/main/input_multiple_soundings/flood/13_UTC_Toronto_2024/20240716_12/input_sounding_2024-07-16T12_-79.25_41.25.png", "timestamp": "20240716T12" }, "geometry": { "type": "Point", "coordinates": [ -79.25, 41.25 ] } },
{ "type": "Feature", "properties": { "lat": 41.5, "lon": -79.25, "image_url": "https://raw.githubusercontent.com/severe-weather-lab/soundings/refs/heads/main/input_multiple_soundings/flood/13_UTC_Toronto_2024/20240716_12/input_sounding_2024-07-16T12_-79.25_41.5.png", "timestamp": "20240716T12" }, "geometry": { "type": "Point", "coordinates": [ -79.25, 41.5 ] } },
{ "type": "Feature", "properties": { "lat": 41.75, "lon": -79.25, "image_url": "https://raw.githubusercontent.com/severe-weather-lab/soundings/refs/heads/main/input_multiple_soundings/flood/13_UTC_Toronto_2024/20240716_12/input_sounding_2024-07-16T12_-79.25_41.75.png", "timestamp": "20240716T12" }, "geometry": { "type": "Point", "coordinates": [ -79.25, 41.75 ] } },
{ "type": "Feature", "properties": { "lat": 42.0, "lon": -79.25, "image_url": "https://raw.githubusercontent.com/severe-weather-lab/soundings/refs/heads/main/input_multiple_soundings/flood/13_UTC_Toronto_2024/20240716_12/input_sounding_2024-07-16T12_-79.25_42.0.png", "timestamp": "20240716T12" }, "geometry": { "type": "Point", "coordinates": [ -79.25, 42.0 ] } },
{ "type": "Feature", "properties": { "lat": 42.25, "lon": -79.25, "image_url": "https://raw.githubusercontent.com/severe-weather-lab/soundings/refs/heads/main/input_multiple_soundings/flood/13_UTC_Toronto_2024/20240716_12/input_sounding_2024-07-16T12_-79.25_42.25.png", "timestamp": "20240716T12" }, "geometry": { "type": "Point", "coordinates": [ -79.25, 42.25 ] } },
{ "type": "Feature", "properties": { "lat": 42.5, "lon": -79.25, "image_url": "https://raw.githubusercontent.com/severe-weather-lab/soundings/refs/heads/main/input_multiple_soundings/flood/13_UTC_Toronto_2024/20240716_12/input_sounding_2024-07-16T12_-79.25_42.5.png", "timestamp": "20240716T12" }, "geometry": { "type": "Point", "coordinates": [ -79.25, 42.5 ] } },
{ "type": "Feature", "properties": { "lat": 42.75, "lon": -79.25, "image_url": "https://raw.githubusercontent.com/severe-weather-lab/soundings/refs/heads/main/input_multiple_soundings/flood/13_UTC_Toronto_2024/20240716_12/input_sounding_2024-07-16T12_-79.25_42.75.png", "timestamp": "20240716T12" }, "geometry": { "type": "Point", "coordinates": [ -79.25, 42.75 ] } },
{ "type": "Feature", "properties": { "lat": 43.0, "lon": -79.25, "image_url": "https://raw.githubusercontent.com/severe-weather-lab/soundings/refs/heads/main/input_multiple_soundings/flood/13_UTC_Toronto_2024/20240716_12/input_sounding_2024-07-16T12_-79.25_43.0.png", "timestamp": "20240716T12" }, "geometry": { "type": "Point", "coordinates": [ -79.25, 43.0 ] } },
{ "type": "Feature", "properties": { "lat": 43.25, "lon": -79.25, "image_url": "https://raw.githubusercontent.com/severe-weather-lab/soundings/refs/heads/main/input_multiple_soundings/flood/13_UTC_Toronto_2024/20240716_12/input_sounding_2024-07-16T12_-79.25_43.25.png", "timestamp": "20240716T12" }, "geometry": { "type": "Point", "coordinates": [ -79.25, 43.25 ] } },
{ "type": "Feature", "properties": { "lat": 43.5, "lon": -79.25, "image_url": "https://raw.githubusercontent.com/severe-weather-lab/soundings/refs/heads/main/input_multiple_soundings/flood/13_UTC_Toronto_2024/20240716_12/input_sounding_2024-07-16T12_-79.25_43.5.png", "timestamp": "20240716T12" }, "geometry": { "type": "Point", "coordinates": [ -79.25, 43.5 ] } },
{ "type": "Feature", "properties": { "lat": 43.75, "lon": -79.25, "image_url": "https://raw.githubusercontent.com/severe-weather-lab/soundings/refs/heads/main/input_multiple_soundings/flood/13_UTC_Toronto_2024/20240716_12/input_sounding_2024-07-16T12_-79.25_43.75.png", "timestamp": "20240716T12" }, "geometry": { "type": "Point", "coordinates": [ -79.25, 43.75 ] } },
{ "type": "Feature", "properties": { "lat": 44.0, "lon": -79.25, "image_url": "https://raw.githubusercontent.com/severe-weather-lab/soundings/refs/heads/main/input_multiple_soundings/flood/13_UTC_Toronto_2024/20240716_12/input_sounding_2024-07-16T12_-79.25_44.0.png", "timestamp": "20240716T12" }, "geometry": { "type": "Point", "coordinates": [ -79.25, 44.0 ] } },
{ "type": "Feature", "properties": { "lat": 44.25, "lon": -79.25, "image_url": "https://raw.githubusercontent.com/severe-weather-lab/soundings/refs/heads/main/input_multiple_soundings/flood/13_UTC_Toronto_2024/20240716_12/input_sounding_2024-07-16T12_-79.25_44.25.png", "timestamp": "20240716T12" }, "geometry": { "type": "Point", "coordinates": [ -79.25, 44.25 ] } },
{ "type": "Feature", "properties": { "lat": 44.5, "lon": -79.25, "image_url": "https://raw.githubusercontent.com/severe-weather-lab/soundings/refs/heads/main/input_multiple_soundings/flood/13_UTC_Toronto_2024/20240716_12/input_sounding_2024-07-16T12_-79.25_44.5.png", "timestamp": "20240716T12" }, "geometry": { "type": "Point", "coordinates": [ -79.25, 44.5 ] } },
{ "type": "Feature", "properties": { "lat": 44.75, "lon": -79.25, "image_url": "https://raw.githubusercontent.com/severe-weather-lab/soundings/refs/heads/main/input_multiple_soundings/flood/13_UTC_Toronto_2024/20240716_12/input_sounding_2024-07-16T12_-79.25_44.75.png", "timestamp": "20240716T12" }, "geometry": { "type": "Point", "coordinates": [ -79.25, 44.75 ] } },
{ "type": "Feature", "properties": { "lat": 45.0, "lon": -79.25, "image_url": "https://raw.githubusercontent.com/severe-weather-lab/soundings/refs/heads/main/input_multiple_soundings/flood/13_UTC_Toronto_2024/20240716_12/input_sounding_2024-07-16T12_-79.25_45.0.png", "timestamp": "20240716T12" }, "geometry": { "type": "Point", "coordinates": [ -79.25, 45.0 ] } },
{ "type": "Feature", "properties": { "lat": 45.25, "lon": -79.25, "image_url": "https://raw.githubusercontent.com/severe-weather-lab/soundings/refs/heads/main/input_multiple_soundings/flood/13_UTC_Toronto_2024/20240716_12/input_sounding_2024-07-16T12_-79.25_45.25.png", "timestamp": "20240716T12" }, "geometry": { "type": "Point", "coordinates": [ -79.25, 45.25 ] } },
{ "type": "Feature", "properties": { "lat": 45.5, "lon": -79.25, "image_url": "https://raw.githubusercontent.com/severe-weather-lab/soundings/refs/heads/main/input_multiple_soundings/flood/13_UTC_Toronto_2024/20240716_12/input_sounding_2024-07-16T12_-79.25_45.5.png", "timestamp": "20240716T12" }, "geometry": { "type": "Point", "coordinates": [ -79.25, 45.5 ] } },
{ "type": "Feature", "properties": { "lat": 45.75, "lon": -79.25, "image_url": "https://raw.githubusercontent.com/severe-weather-lab/soundings/refs/heads/main/input_multiple_soundings/flood/13_UTC_Toronto_2024/20240716_12/input_sounding_2024-07-16T12_-79.25_45.75.png", "timestamp": "20240716T12" }, "geometry": { "type": "Point", "coordinates": [ -79.25, 45.75 ] } },
{ "type": "Feature", "properties": { "lat": 46.0, "lon": -79.25, "image_url": "https://raw.githubusercontent.com/severe-weather-lab/soundings/refs/heads/main/input_multiple_soundings/flood/13_UTC_Toronto_2024/20240716_12/input_sounding_2024-07-16T12_-79.25_46.0.png", "timestamp": "20240716T12" }, "geometry": { "type": "Point", "coordinates": [ -79.25, 46.0 ] } },
{ "type": "Feature", "properties": { "lat": 41.0, "lon": -79.0, "image_url": "https://raw.githubusercontent.com/severe-weather-lab/soundings/refs/heads/main/input_multiple_soundings/flood/13_UTC_Toronto_2024/20240716_12/input_sounding_2024-07-16T12_-79.0_41.0.png", "timestamp": "20240716T12" }, "geometry": { "type": "Point", "coordinates": [ -79.0, 41.0 ] } },
{ "type": "Feature", "properties": { "lat": 41.25, "lon": -79.0, "image_url": "https://raw.githubusercontent.com/severe-weather-lab/soundings/refs/heads/main/input_multiple_soundings/flood/13_UTC_Toronto_2024/20240716_12/input_sounding_2024-07-16T12_-79.0_41.25.png", "timestamp": "20240716T12" }, "geometry": { "type": "Point", "coordinates": [ -79.0, 41.25 ] } },
{ "type": "Feature", "properties": { "lat": 41.5, "lon": -79.0, "image_url": "https://raw.githubusercontent.com/severe-weather-lab/soundings/refs/heads/main/input_multiple_soundings/flood/13_UTC_Toronto_2024/20240716_12/input_sounding_2024-07-16T12_-79.0_41.5.png", "timestamp": "20240716T12" }, "geometry": { "type": "Point", "coordinates": [ -79.0, 41.5 ] } },
{ "type": "Feature", "properties": { "lat": 41.75, "lon": -79.0, "image_url": "https://raw.githubusercontent.com/severe-weather-lab/soundings/refs/heads/main/input_multiple_soundings/flood/13_UTC_Toronto_2024/20240716_12/input_sounding_2024-07-16T12_-79.0_41.75.png", "timestamp": "20240716T12" }, "geometry": { "type": "Point", "coordinates": [ -79.0, 41.75 ] } },
{ "type": "Feature", "properties": { "lat": 42.0, "lon": -79.0, "image_url": "https://raw.githubusercontent.com/severe-weather-lab/soundings/refs/heads/main/input_multiple_soundings/flood/13_UTC_Toronto_2024/20240716_12/input_sounding_2024-07-16T12_-79.0_42.0.png", "timestamp": "20240716T12" }, "geometry": { "type": "Point", "coordinates": [ -79.0, 42.0 ] } },
{ "type": "Feature", "properties": { "lat": 42.25, "lon": -79.0, "image_url": "https://raw.githubusercontent.com/severe-weather-lab/soundings/refs/heads/main/input_multiple_soundings/flood/13_UTC_Toronto_2024/20240716_12/input_sounding_2024-07-16T12_-79.0_42.25.png", "timestamp": "20240716T12" }, "geometry": { "type": "Point", "coordinates": [ -79.0, 42.25 ] } },
{ "type": "Feature", "properties": { "lat": 42.5, "lon": -79.0, "image_url": "https://raw.githubusercontent.com/severe-weather-lab/soundings/refs/heads/main/input_multiple_soundings/flood/13_UTC_Toronto_2024/20240716_12/input_sounding_2024-07-16T12_-79.0_42.5.png", "timestamp": "20240716T12" }, "geometry": { "type": "Point", "coordinates": [ -79.0, 42.5 ] } },
{ "type": "Feature", "properties": { "lat": 42.75, "lon": -79.0, "image_url": "https://raw.githubusercontent.com/severe-weather-lab/soundings/refs/heads/main/input_multiple_soundings/flood/13_UTC_Toronto_2024/20240716_12/input_sounding_2024-07-16T12_-79.0_42.75.png", "timestamp": "20240716T12" }, "geometry": { "type": "Point", "coordinates": [ -79.0, 42.75 ] } },
{ "type": "Feature", "properties": { "lat": 43.0, "lon": -79.0, "image_url": "https://raw.githubusercontent.com/severe-weather-lab/soundings/refs/heads/main/input_multiple_soundings/flood/13_UTC_Toronto_2024/20240716_12/input_sounding_2024-07-16T12_-79.0_43.0.png", "timestamp": "20240716T12" }, "geometry": { "type": "Point", "coordinates": [ -79.0, 43.0 ] } },
{ "type": "Feature", "properties": { "lat": 43.25, "lon": -79.0, "image_url": "https://raw.githubusercontent.com/severe-weather-lab/soundings/refs/heads/main/input_multiple_soundings/flood/13_UTC_Toronto_2024/20240716_12/input_sounding_2024-07-16T12_-79.0_43.25.png", "timestamp": "20240716T12" }, "geometry": { "type": "Point", "coordinates": [ -79.0, 43.25 ] } },
{ "type": "Feature", "properties": { "lat": 43.5, "lon": -79.0, "image_url": "https://raw.githubusercontent.com/severe-weather-lab/soundings/refs/heads/main/input_multiple_soundings/flood/13_UTC_Toronto_2024/20240716_12/input_sounding_2024-07-16T12_-79.0_43.5.png", "timestamp": "20240716T12" }, "geometry": { "type": "Point", "coordinates": [ -79.0, 43.5 ] } },
{ "type": "Feature", "properties": { "lat": 43.75, "lon": -79.0, "image_url": "https://raw.githubusercontent.com/severe-weather-lab/soundings/refs/heads/main/input_multiple_soundings/flood/13_UTC_Toronto_2024/20240716_12/input_sounding_2024-07-16T12_-79.0_43.75.png", "timestamp": "20240716T12" }, "geometry": { "type": "Point", "coordinates": [ -79.0, 43.75 ] } },
{ "type": "Feature", "properties": { "lat": 44.0, "lon": -79.0, "image_url": "https://raw.githubusercontent.com/severe-weather-lab/soundings/refs/heads/main/input_multiple_soundings/flood/13_UTC_Toronto_2024/20240716_12/input_sounding_2024-07-16T12_-79.0_44.0.png", "timestamp": "20240716T12" }, "geometry": { "type": "Point", "coordinates": [ -79.0, 44.0 ] } },
{ "type": "Feature", "properties": { "lat": 44.25, "lon": -79.0, "image_url": "https://raw.githubusercontent.com/severe-weather-lab/soundings/refs/heads/main/input_multiple_soundings/flood/13_UTC_Toronto_2024/20240716_12/input_sounding_2024-07-16T12_-79.0_44.25.png", "timestamp": "20240716T12" }, "geometry": { "type": "Point", "coordinates": [ -79.0, 44.25 ] } },
{ "type": "Feature", "properties": { "lat": 44.5, "lon": -79.0, "image_url": "https://raw.githubusercontent.com/severe-weather-lab/soundings/refs/heads/main/input_multiple_soundings/flood/13_UTC_Toronto_2024/20240716_12/input_sounding_2024-07-16T12_-79.0_44.5.png", "timestamp": "20240716T12" }, "geometry": { "type": "Point", "coordinates": [ -79.0, 44.5 ] } },
{ "type": "Feature", "properties": { "lat": 44.75, "lon": -79.0, "image_url": "https://raw.githubusercontent.com/severe-weather-lab/soundings/refs/heads/main/input_multiple_soundings/flood/13_UTC_Toronto_2024/20240716_12/input_sounding_2024-07-16T12_-79.0_44.75.png", "timestamp": "20240716T12" }, "geometry": { "type": "Point", "coordinates": [ -79.0, 44.75 ] } },
{ "type": "Feature", "properties": { "lat": 45.0, "lon": -79.0, "image_url": "https://raw.githubusercontent.com/severe-weather-lab/soundings/refs/heads/main/input_multiple_soundings/flood/13_UTC_Toronto_2024/20240716_12/input_sounding_2024-07-16T12_-79.0_45.0.png", "timestamp": "20240716T12" }, "geometry": { "type": "Point", "coordinates": [ -79.0, 45.0 ] } },
{ "type": "Feature", "properties": { "lat": 45.25, "lon": -79.0, "image_url": "https://raw.githubusercontent.com/severe-weather-lab/soundings/refs/heads/main/input_multiple_soundings/flood/13_UTC_Toronto_2024/20240716_12/input_sounding_2024-07-16T12_-79.0_45.25.png", "timestamp": "20240716T12" }, "geometry": { "type": "Point", "coordinates": [ -79.0, 45.25 ] } },
{ "type": "Feature", "properties": { "lat": 45.5, "lon": -79.0, "image_url": "https://raw.githubusercontent.com/severe-weather-lab/soundings/refs/heads/main/input_multiple_soundings/flood/13_UTC_Toronto_2024/20240716_12/input_sounding_2024-07-16T12_-79.0_45.5.png", "timestamp": "20240716T12" }, "geometry": { "type": "Point", "coordinates": [ -79.0, 45.5 ] } },
{ "type": "Feature", "properties": { "lat": 45.75, "lon": -79.0, "image_url": "https://raw.githubusercontent.com/severe-weather-lab/soundings/refs/heads/main/input_multiple_soundings/flood/13_UTC_Toronto_2024/20240716_12/input_sounding_2024-07-16T12_-79.0_45.75.png", "timestamp": "20240716T12" }, "geometry": { "type": "Point", "coordinates": [ -79.0, 45.75 ] } },
{ "type": "Feature", "properties": { "lat": 46.0, "lon": -79.0, "image_url": "https://raw.githubusercontent.com/severe-weather-lab/soundings/refs/heads/main/input_multiple_soundings/flood/13_UTC_Toronto_2024/20240716_12/input_sounding_2024-07-16T12_-79.0_46.0.png", "timestamp": "20240716T12" }, "geometry": { "type": "Point", "coordinates": [ -79.0, 46.0 ] } },
{ "type": "Feature", "properties": { "lat": 41.0, "lon": -78.75, "image_url": "https://raw.githubusercontent.com/severe-weather-lab/soundings/refs/heads/main/input_multiple_soundings/flood/13_UTC_Toronto_2024/20240716_12/input_sounding_2024-07-16T12_-78.75_41.0.png", "timestamp": "20240716T12" }, "geometry": { "type": "Point", "coordinates": [ -78.75, 41.0 ] } },
{ "type": "Feature", "properties": { "lat": 41.25, "lon": -78.75, "image_url": "https://raw.githubusercontent.com/severe-weather-lab/soundings/refs/heads/main/input_multiple_soundings/flood/13_UTC_Toronto_2024/20240716_12/input_sounding_2024-07-16T12_-78.75_41.25.png", "timestamp": "20240716T12" }, "geometry": { "type": "Point", "coordinates": [ -78.75, 41.25 ] } },
{ "type": "Feature", "properties": { "lat": 41.5, "lon": -78.75, "image_url": "https://raw.githubusercontent.com/severe-weather-lab/soundings/refs/heads/main/input_multiple_soundings/flood/13_UTC_Toronto_2024/20240716_12/input_sounding_2024-07-16T12_-78.75_41.5.png", "timestamp": "20240716T12" }, "geometry": { "type": "Point", "coordinates": [ -78.75, 41.5 ] } },
{ "type": "Feature", "properties": { "lat": 41.75, "lon": -78.75, "image_url": "https://raw.githubusercontent.com/severe-weather-lab/soundings/refs/heads/main/input_multiple_soundings/flood/13_UTC_Toronto_2024/20240716_12/input_sounding_2024-07-16T12_-78.75_41.75.png", "timestamp": "20240716T12" }, "geometry": { "type": "Point", "coordinates": [ -78.75, 41.75 ] } },
{ "type": "Feature", "properties": { "lat": 42.0, "lon": -78.75, "image_url": "https://raw.githubusercontent.com/severe-weather-lab/soundings/refs/heads/main/input_multiple_soundings/flood/13_UTC_Toronto_2024/20240716_12/input_sounding_2024-07-16T12_-78.75_42.0.png", "timestamp": "20240716T12" }, "geometry": { "type": "Point", "coordinates": [ -78.75, 42.0 ] } },
{ "type": "Feature", "properties": { "lat": 42.25, "lon": -78.75, "image_url": "https://raw.githubusercontent.com/severe-weather-lab/soundings/refs/heads/main/input_multiple_soundings/flood/13_UTC_Toronto_2024/20240716_12/input_sounding_2024-07-16T12_-78.75_42.25.png", "timestamp": "20240716T12" }, "geometry": { "type": "Point", "coordinates": [ -78.75, 42.25 ] } },
{ "type": "Feature", "properties": { "lat": 42.5, "lon": -78.75, "image_url": "https://raw.githubusercontent.com/severe-weather-lab/soundings/refs/heads/main/input_multiple_soundings/flood/13_UTC_Toronto_2024/20240716_12/input_sounding_2024-07-16T12_-78.75_42.5.png", "timestamp": "20240716T12" }, "geometry": { "type": "Point", "coordinates": [ -78.75, 42.5 ] } },
{ "type": "Feature", "properties": { "lat": 42.75, "lon": -78.75, "image_url": "https://raw.githubusercontent.com/severe-weather-lab/soundings/refs/heads/main/input_multiple_soundings/flood/13_UTC_Toronto_2024/20240716_12/input_sounding_2024-07-16T12_-78.75_42.75.png", "timestamp": "20240716T12" }, "geometry": { "type": "Point", "coordinates": [ -78.75, 42.75 ] } },
{ "type": "Feature", "properties": { "lat": 43.0, "lon": -78.75, "image_url": "https://raw.githubusercontent.com/severe-weather-lab/soundings/refs/heads/main/input_multiple_soundings/flood/13_UTC_Toronto_2024/20240716_12/input_sounding_2024-07-16T12_-78.75_43.0.png", "timestamp": "20240716T12" }, "geometry": { "type": "Point", "coordinates": [ -78.75, 43.0 ] } },
{ "type": "Feature", "properties": { "lat": 43.25, "lon": -78.75, "image_url": "https://raw.githubusercontent.com/severe-weather-lab/soundings/refs/heads/main/input_multiple_soundings/flood/13_UTC_Toronto_2024/20240716_12/input_sounding_2024-07-16T12_-78.75_43.25.png", "timestamp": "20240716T12" }, "geometry": { "type": "Point", "coordinates": [ -78.75, 43.25 ] } },
{ "type": "Feature", "properties": { "lat": 43.5, "lon": -78.75, "image_url": "https://raw.githubusercontent.com/severe-weather-lab/soundings/refs/heads/main/input_multiple_soundings/flood/13_UTC_Toronto_2024/20240716_12/input_sounding_2024-07-16T12_-78.75_43.5.png", "timestamp": "20240716T12" }, "geometry": { "type": "Point", "coordinates": [ -78.75, 43.5 ] } },
{ "type": "Feature", "properties": { "lat": 43.75, "lon": -78.75, "image_url": "https://raw.githubusercontent.com/severe-weather-lab/soundings/refs/heads/main/input_multiple_soundings/flood/13_UTC_Toronto_2024/20240716_12/input_sounding_2024-07-16T12_-78.75_43.75.png", "timestamp": "20240716T12" }, "geometry": { "type": "Point", "coordinates": [ -78.75, 43.75 ] } },
{ "type": "Feature", "properties": { "lat": 44.0, "lon": -78.75, "image_url": "https://raw.githubusercontent.com/severe-weather-lab/soundings/refs/heads/main/input_multiple_soundings/flood/13_UTC_Toronto_2024/20240716_12/input_sounding_2024-07-16T12_-78.75_44.0.png", "timestamp": "20240716T12" }, "geometry": { "type": "Point", "coordinates": [ -78.75, 44.0 ] } },
{ "type": "Feature", "properties": { "lat": 44.25, "lon": -78.75, "image_url": "https://raw.githubusercontent.com/severe-weather-lab/soundings/refs/heads/main/input_multiple_soundings/flood/13_UTC_Toronto_2024/20240716_12/input_sounding_2024-07-16T12_-78.75_44.25.png", "timestamp": "20240716T12" }, "geometry": { "type": "Point", "coordinates": [ -78.75, 44.25 ] } },
{ "type": "Feature", "properties": { "lat": 44.5, "lon": -78.75, "image_url": "https://raw.githubusercontent.com/severe-weather-lab/soundings/refs/heads/main/input_multiple_soundings/flood/13_UTC_Toronto_2024/20240716_12/input_sounding_2024-07-16T12_-78.75_44.5.png", "timestamp": "20240716T12" }, "geometry": { "type": "Point", "coordinates": [ -78.75, 44.5 ] } },
{ "type": "Feature", "properties": { "lat": 44.75, "lon": -78.75, "image_url": "https://raw.githubusercontent.com/severe-weather-lab/soundings/refs/heads/main/input_multiple_soundings/flood/13_UTC_Toronto_2024/20240716_12/input_sounding_2024-07-16T12_-78.75_44.75.png", "timestamp": "20240716T12" }, "geometry": { "type": "Point", "coordinates": [ -78.75, 44.75 ] } },
{ "type": "Feature", "properties": { "lat": 45.0, "lon": -78.75, "image_url": "https://raw.githubusercontent.com/severe-weather-lab/soundings/refs/heads/main/input_multiple_soundings/flood/13_UTC_Toronto_2024/20240716_12/input_sounding_2024-07-16T12_-78.75_45.0.png", "timestamp": "20240716T12" }, "geometry": { "type": "Point", "coordinates": [ -78.75, 45.0 ] } },
{ "type": "Feature", "properties": { "lat": 45.25, "lon": -78.75, "image_url": "https://raw.githubusercontent.com/severe-weather-lab/soundings/refs/heads/main/input_multiple_soundings/flood/13_UTC_Toronto_2024/20240716_12/input_sounding_2024-07-16T12_-78.75_45.25.png", "timestamp": "20240716T12" }, "geometry": { "type": "Point", "coordinates": [ -78.75, 45.25 ] } },
{ "type": "Feature", "properties": { "lat": 45.5, "lon": -78.75, "image_url": "https://raw.githubusercontent.com/severe-weather-lab/soundings/refs/heads/main/input_multiple_soundings/flood/13_UTC_Toronto_2024/20240716_12/input_sounding_2024-07-16T12_-78.75_45.5.png", "timestamp": "20240716T12" }, "geometry": { "type": "Point", "coordinates": [ -78.75, 45.5 ] } },
{ "type": "Feature", "properties": { "lat": 45.75, "lon": -78.75, "image_url": "https://raw.githubusercontent.com/severe-weather-lab/soundings/refs/heads/main/input_multiple_soundings/flood/13_UTC_Toronto_2024/20240716_12/input_sounding_2024-07-16T12_-78.75_45.75.png", "timestamp": "20240716T12" }, "geometry": { "type": "Point", "coordinates": [ -78.75, 45.75 ] } },
{ "type": "Feature", "properties": { "lat": 46.0, "lon": -78.75, "image_url": "https://raw.githubusercontent.com/severe-weather-lab/soundings/refs/heads/main/input_multiple_soundings/flood/13_UTC_Toronto_2024/20240716_12/input_sounding_2024-07-16T12_-78.75_46.0.png", "timestamp": "20240716T12" }, "geometry": { "type": "Point", "coordinates": [ -78.75, 46.0 ] } },
{ "type": "Feature", "properties": { "lat": 41.0, "lon": -78.5, "image_url": "https://raw.githubusercontent.com/severe-weather-lab/soundings/refs/heads/main/input_multiple_soundings/flood/13_UTC_Toronto_2024/20240716_12/input_sounding_2024-07-16T12_-78.5_41.0.png", "timestamp": "20240716T12" }, "geometry": { "type": "Point", "coordinates": [ -78.5, 41.0 ] } },
{ "type": "Feature", "properties": { "lat": 41.25, "lon": -78.5, "image_url": "https://raw.githubusercontent.com/severe-weather-lab/soundings/refs/heads/main/input_multiple_soundings/flood/13_UTC_Toronto_2024/20240716_12/input_sounding_2024-07-16T12_-78.5_41.25.png", "timestamp": "20240716T12" }, "geometry": { "type": "Point", "coordinates": [ -78.5, 41.25 ] } },
{ "type": "Feature", "properties": { "lat": 41.5, "lon": -78.5, "image_url": "https://raw.githubusercontent.com/severe-weather-lab/soundings/refs/heads/main/input_multiple_soundings/flood/13_UTC_Toronto_2024/20240716_12/input_sounding_2024-07-16T12_-78.5_41.5.png", "timestamp": "20240716T12" }, "geometry": { "type": "Point", "coordinates": [ -78.5, 41.5 ] } },
{ "type": "Feature", "properties": { "lat": 41.75, "lon": -78.5, "image_url": "https://raw.githubusercontent.com/severe-weather-lab/soundings/refs/heads/main/input_multiple_soundings/flood/13_UTC_Toronto_2024/20240716_12/input_sounding_2024-07-16T12_-78.5_41.75.png", "timestamp": "20240716T12" }, "geometry": { "type": "Point", "coordinates": [ -78.5, 41.75 ] } },
{ "type": "Feature", "properties": { "lat": 42.0, "lon": -78.5, "image_url": "https://raw.githubusercontent.com/severe-weather-lab/soundings/refs/heads/main/input_multiple_soundings/flood/13_UTC_Toronto_2024/20240716_12/input_sounding_2024-07-16T12_-78.5_42.0.png", "timestamp": "20240716T12" }, "geometry": { "type": "Point", "coordinates": [ -78.5, 42.0 ] } },
{ "type": "Feature", "properties": { "lat": 42.25, "lon": -78.5, "image_url": "https://raw.githubusercontent.com/severe-weather-lab/soundings/refs/heads/main/input_multiple_soundings/flood/13_UTC_Toronto_2024/20240716_12/input_sounding_2024-07-16T12_-78.5_42.25.png", "timestamp": "20240716T12" }, "geometry": { "type": "Point", "coordinates": [ -78.5, 42.25 ] } },
{ "type": "Feature", "properties": { "lat": 42.5, "lon": -78.5, "image_url": "https://raw.githubusercontent.com/severe-weather-lab/soundings/refs/heads/main/input_multiple_soundings/flood/13_UTC_Toronto_2024/20240716_12/input_sounding_2024-07-16T12_-78.5_42.5.png", "timestamp": "20240716T12" }, "geometry": { "type": "Point", "coordinates": [ -78.5, 42.5 ] } },
{ "type": "Feature", "properties": { "lat": 42.75, "lon": -78.5, "image_url": "https://raw.githubusercontent.com/severe-weather-lab/soundings/refs/heads/main/input_multiple_soundings/flood/13_UTC_Toronto_2024/20240716_12/input_sounding_2024-07-16T12_-78.5_42.75.png", "timestamp": "20240716T12" }, "geometry": { "type": "Point", "coordinates": [ -78.5, 42.75 ] } },
{ "type": "Feature", "properties": { "lat": 43.0, "lon": -78.5, "image_url": "https://raw.githubusercontent.com/severe-weather-lab/soundings/refs/heads/main/input_multiple_soundings/flood/13_UTC_Toronto_2024/20240716_12/input_sounding_2024-07-16T12_-78.5_43.0.png", "timestamp": "20240716T12" }, "geometry": { "type": "Point", "coordinates": [ -78.5, 43.0 ] } },
{ "type": "Feature", "properties": { "lat": 43.25, "lon": -78.5, "image_url": "https://raw.githubusercontent.com/severe-weather-lab/soundings/refs/heads/main/input_multiple_soundings/flood/13_UTC_Toronto_2024/20240716_12/input_sounding_2024-07-16T12_-78.5_43.25.png", "timestamp": "20240716T12" }, "geometry": { "type": "Point", "coordinates": [ -78.5, 43.25 ] } },
{ "type": "Feature", "properties": { "lat": 43.5, "lon": -78.5, "image_url": "https://raw.githubusercontent.com/severe-weather-lab/soundings/refs/heads/main/input_multiple_soundings/flood/13_UTC_Toronto_2024/20240716_12/input_sounding_2024-07-16T12_-78.5_43.5.png", "timestamp": "20240716T12" }, "geometry": { "type": "Point", "coordinates": [ -78.5, 43.5 ] } },
{ "type": "Feature", "properties": { "lat": 43.75, "lon": -78.5, "image_url": "https://raw.githubusercontent.com/severe-weather-lab/soundings/refs/heads/main/input_multiple_soundings/flood/13_UTC_Toronto_2024/20240716_12/input_sounding_2024-07-16T12_-78.5_43.75.png", "timestamp": "20240716T12" }, "geometry": { "type": "Point", "coordinates": [ -78.5, 43.75 ] } },
{ "type": "Feature", "properties": { "lat": 44.0, "lon": -78.5, "image_url": "https://raw.githubusercontent.com/severe-weather-lab/soundings/refs/heads/main/input_multiple_soundings/flood/13_UTC_Toronto_2024/20240716_12/input_sounding_2024-07-16T12_-78.5_44.0.png", "timestamp": "20240716T12" }, "geometry": { "type": "Point", "coordinates": [ -78.5, 44.0 ] } },
{ "type": "Feature", "properties": { "lat": 44.25, "lon": -78.5, "image_url": "https://raw.githubusercontent.com/severe-weather-lab/soundings/refs/heads/main/input_multiple_soundings/flood/13_UTC_Toronto_2024/20240716_12/input_sounding_2024-07-16T12_-78.5_44.25.png", "timestamp": "20240716T12" }, "geometry": { "type": "Point", "coordinates": [ -78.5, 44.25 ] } },
{ "type": "Feature", "properties": { "lat": 44.5, "lon": -78.5, "image_url": "https://raw.githubusercontent.com/severe-weather-lab/soundings/refs/heads/main/input_multiple_soundings/flood/13_UTC_Toronto_2024/20240716_12/input_sounding_2024-07-16T12_-78.5_44.5.png", "timestamp": "20240716T12" }, "geometry": { "type": "Point", "coordinates": [ -78.5, 44.5 ] } },
{ "type": "Feature", "properties": { "lat": 44.75, "lon": -78.5, "image_url": "https://raw.githubusercontent.com/severe-weather-lab/soundings/refs/heads/main/input_multiple_soundings/flood/13_UTC_Toronto_2024/20240716_12/input_sounding_2024-07-16T12_-78.5_44.75.png", "timestamp": "20240716T12" }, "geometry": { "type": "Point", "coordinates": [ -78.5, 44.75 ] } },
{ "type": "Feature", "properties": { "lat": 45.0, "lon": -78.5, "image_url": "https://raw.githubusercontent.com/severe-weather-lab/soundings/refs/heads/main/input_multiple_soundings/flood/13_UTC_Toronto_2024/20240716_12/input_sounding_2024-07-16T12_-78.5_45.0.png", "timestamp": "20240716T12" }, "geometry": { "type": "Point", "coordinates": [ -78.5, 45.0 ] } },
{ "type": "Feature", "properties": { "lat": 45.25, "lon": -78.5, "image_url": "https://raw.githubusercontent.com/severe-weather-lab/soundings/refs/heads/main/input_multiple_soundings/flood/13_UTC_Toronto_2024/20240716_12/input_sounding_2024-07-16T12_-78.5_45.25.png", "timestamp": "20240716T12" }, "geometry": { "type": "Point", "coordinates": [ -78.5, 45.25 ] } },
{ "type": "Feature", "properties": { "lat": 45.5, "lon": -78.5, "image_url": "https://raw.githubusercontent.com/severe-weather-lab/soundings/refs/heads/main/input_multiple_soundings/flood/13_UTC_Toronto_2024/20240716_12/input_sounding_2024-07-16T12_-78.5_45.5.png", "timestamp": "20240716T12" }, "geometry": { "type": "Point", "coordinates": [ -78.5, 45.5 ] } },
{ "type": "Feature", "properties": { "lat": 45.75, "lon": -78.5, "image_url": "https://raw.githubusercontent.com/severe-weather-lab/soundings/refs/heads/main/input_multiple_soundings/flood/13_UTC_Toronto_2024/20240716_12/input_sounding_2024-07-16T12_-78.5_45.75.png", "timestamp": "20240716T12" }, "geometry": { "type": "Point", "coordinates": [ -78.5, 45.75 ] } },
{ "type": "Feature", "properties": { "lat": 46.0, "lon": -78.5, "image_url": "https://raw.githubusercontent.com/severe-weather-lab/soundings/refs/heads/main/input_multiple_soundings/flood/13_UTC_Toronto_2024/20240716_12/input_sounding_2024-07-16T12_-78.5_46.0.png", "timestamp": "20240716T12" }, "geometry": { "type": "Point", "coordinates": [ -78.5, 46.0 ] } },
{ "type": "Feature", "properties": { "lat": 41.0, "lon": -78.25, "image_url": "https://raw.githubusercontent.com/severe-weather-lab/soundings/refs/heads/main/input_multiple_soundings/flood/13_UTC_Toronto_2024/20240716_12/input_sounding_2024-07-16T12_-78.25_41.0.png", "timestamp": "20240716T12" }, "geometry": { "type": "Point", "coordinates": [ -78.25, 41.0 ] } },
{ "type": "Feature", "properties": { "lat": 41.25, "lon": -78.25, "image_url": "https://raw.githubusercontent.com/severe-weather-lab/soundings/refs/heads/main/input_multiple_soundings/flood/13_UTC_Toronto_2024/20240716_12/input_sounding_2024-07-16T12_-78.25_41.25.png", "timestamp": "20240716T12" }, "geometry": { "type": "Point", "coordinates": [ -78.25, 41.25 ] } },
{ "type": "Feature", "properties": { "lat": 41.5, "lon": -78.25, "image_url": "https://raw.githubusercontent.com/severe-weather-lab/soundings/refs/heads/main/input_multiple_soundings/flood/13_UTC_Toronto_2024/20240716_12/input_sounding_2024-07-16T12_-78.25_41.5.png", "timestamp": "20240716T12" }, "geometry": { "type": "Point", "coordinates": [ -78.25, 41.5 ] } },
{ "type": "Feature", "properties": { "lat": 41.75, "lon": -78.25, "image_url": "https://raw.githubusercontent.com/severe-weather-lab/soundings/refs/heads/main/input_multiple_soundings/flood/13_UTC_Toronto_2024/20240716_12/input_sounding_2024-07-16T12_-78.25_41.75.png", "timestamp": "20240716T12" }, "geometry": { "type": "Point", "coordinates": [ -78.25, 41.75 ] } },
{ "type": "Feature", "properties": { "lat": 42.0, "lon": -78.25, "image_url": "https://raw.githubusercontent.com/severe-weather-lab/soundings/refs/heads/main/input_multiple_soundings/flood/13_UTC_Toronto_2024/20240716_12/input_sounding_2024-07-16T12_-78.25_42.0.png", "timestamp": "20240716T12" }, "geometry": { "type": "Point", "coordinates": [ -78.25, 42.0 ] } },
{ "type": "Feature", "properties": { "lat": 42.25, "lon": -78.25, "image_url": "https://raw.githubusercontent.com/severe-weather-lab/soundings/refs/heads/main/input_multiple_soundings/flood/13_UTC_Toronto_2024/20240716_12/input_sounding_2024-07-16T12_-78.25_42.25.png", "timestamp": "20240716T12" }, "geometry": { "type": "Point", "coordinates": [ -78.25, 42.25 ] } },
{ "type": "Feature", "properties": { "lat": 42.5, "lon": -78.25, "image_url": "https://raw.githubusercontent.com/severe-weather-lab/soundings/refs/heads/main/input_multiple_soundings/flood/13_UTC_Toronto_2024/20240716_12/input_sounding_2024-07-16T12_-78.25_42.5.png", "timestamp": "20240716T12" }, "geometry": { "type": "Point", "coordinates": [ -78.25, 42.5 ] } },
{ "type": "Feature", "properties": { "lat": 42.75, "lon": -78.25, "image_url": "https://raw.githubusercontent.com/severe-weather-lab/soundings/refs/heads/main/input_multiple_soundings/flood/13_UTC_Toronto_2024/20240716_12/input_sounding_2024-07-16T12_-78.25_42.75.png", "timestamp": "20240716T12" }, "geometry": { "type": "Point", "coordinates": [ -78.25, 42.75 ] } },
{ "type": "Feature", "properties": { "lat": 43.0, "lon": -78.25, "image_url": "https://raw.githubusercontent.com/severe-weather-lab/soundings/refs/heads/main/input_multiple_soundings/flood/13_UTC_Toronto_2024/20240716_12/input_sounding_2024-07-16T12_-78.25_43.0.png", "timestamp": "20240716T12" }, "geometry": { "type": "Point", "coordinates": [ -78.25, 43.0 ] } },
{ "type": "Feature", "properties": { "lat": 43.25, "lon": -78.25, "image_url": "https://raw.githubusercontent.com/severe-weather-lab/soundings/refs/heads/main/input_multiple_soundings/flood/13_UTC_Toronto_2024/20240716_12/input_sounding_2024-07-16T12_-78.25_43.25.png", "timestamp": "20240716T12" }, "geometry": { "type": "Point", "coordinates": [ -78.25, 43.25 ] } },
{ "type": "Feature", "properties": { "lat": 43.5, "lon": -78.25, "image_url": "https://raw.githubusercontent.com/severe-weather-lab/soundings/refs/heads/main/input_multiple_soundings/flood/13_UTC_Toronto_2024/20240716_12/input_sounding_2024-07-16T12_-78.25_43.5.png", "timestamp": "20240716T12" }, "geometry": { "type": "Point", "coordinates": [ -78.25, 43.5 ] } },
{ "type": "Feature", "properties": { "lat": 43.75, "lon": -78.25, "image_url": "https://raw.githubusercontent.com/severe-weather-lab/soundings/refs/heads/main/input_multiple_soundings/flood/13_UTC_Toronto_2024/20240716_12/input_sounding_2024-07-16T12_-78.25_43.75.png", "timestamp": "20240716T12" }, "geometry": { "type": "Point", "coordinates": [ -78.25, 43.75 ] } },
{ "type": "Feature", "properties": { "lat": 44.0, "lon": -78.25, "image_url": "https://raw.githubusercontent.com/severe-weather-lab/soundings/refs/heads/main/input_multiple_soundings/flood/13_UTC_Toronto_2024/20240716_12/input_sounding_2024-07-16T12_-78.25_44.0.png", "timestamp": "20240716T12" }, "geometry": { "type": "Point", "coordinates": [ -78.25, 44.0 ] } },
{ "type": "Feature", "properties": { "lat": 44.25, "lon": -78.25, "image_url": "https://raw.githubusercontent.com/severe-weather-lab/soundings/refs/heads/main/input_multiple_soundings/flood/13_UTC_Toronto_2024/20240716_12/input_sounding_2024-07-16T12_-78.25_44.25.png", "timestamp": "20240716T12" }, "geometry": { "type": "Point", "coordinates": [ -78.25, 44.25 ] } },
{ "type": "Feature", "properties": { "lat": 44.5, "lon": -78.25, "image_url": "https://raw.githubusercontent.com/severe-weather-lab/soundings/refs/heads/main/input_multiple_soundings/flood/13_UTC_Toronto_2024/20240716_12/input_sounding_2024-07-16T12_-78.25_44.5.png", "timestamp": "20240716T12" }, "geometry": { "type": "Point", "coordinates": [ -78.25, 44.5 ] } },
{ "type": "Feature", "properties": { "lat": 44.75, "lon": -78.25, "image_url": "https://raw.githubusercontent.com/severe-weather-lab/soundings/refs/heads/main/input_multiple_soundings/flood/13_UTC_Toronto_2024/20240716_12/input_sounding_2024-07-16T12_-78.25_44.75.png", "timestamp": "20240716T12" }, "geometry": { "type": "Point", "coordinates": [ -78.25, 44.75 ] } },
{ "type": "Feature", "properties": { "lat": 45.0, "lon": -78.25, "image_url": "https://raw.githubusercontent.com/severe-weather-lab/soundings/refs/heads/main/input_multiple_soundings/flood/13_UTC_Toronto_2024/20240716_12/input_sounding_2024-07-16T12_-78.25_45.0.png", "timestamp": "20240716T12" }, "geometry": { "type": "Point", "coordinates": [ -78.25, 45.0 ] } },
{ "type": "Feature", "properties": { "lat": 45.25, "lon": -78.25, "image_url": "https://raw.githubusercontent.com/severe-weather-lab/soundings/refs/heads/main/input_multiple_soundings/flood/13_UTC_Toronto_2024/20240716_12/input_sounding_2024-07-16T12_-78.25_45.25.png", "timestamp": "20240716T12" }, "geometry": { "type": "Point", "coordinates": [ -78.25, 45.25 ] } },
{ "type": "Feature", "properties": { "lat": 45.5, "lon": -78.25, "image_url": "https://raw.githubusercontent.com/severe-weather-lab/soundings/refs/heads/main/input_multiple_soundings/flood/13_UTC_Toronto_2024/20240716_12/input_sounding_2024-07-16T12_-78.25_45.5.png", "timestamp": "20240716T12" }, "geometry": { "type": "Point", "coordinates": [ -78.25, 45.5 ] } },
{ "type": "Feature", "properties": { "lat": 45.75, "lon": -78.25, "image_url": "https://raw.githubusercontent.com/severe-weather-lab/soundings/refs/heads/main/input_multiple_soundings/flood/13_UTC_Toronto_2024/20240716_12/input_sounding_2024-07-16T12_-78.25_45.75.png", "timestamp": "20240716T12" }, "geometry": { "type": "Point", "coordinates": [ -78.25, 45.75 ] } },
{ "type": "Feature", "properties": { "lat": 46.0, "lon": -78.25, "image_url": "https://raw.githubusercontent.com/severe-weather-lab/soundings/refs/heads/main/input_multiple_soundings/flood/13_UTC_Toronto_2024/20240716_12/input_sounding_2024-07-16T12_-78.25_46.0.png", "timestamp": "20240716T12" }, "geometry": { "type": "Point", "coordinates": [ -78.25, 46.0 ] } },
{ "type": "Feature", "properties": { "lat": 41.0, "lon": -78.0, "image_url": "https://raw.githubusercontent.com/severe-weather-lab/soundings/refs/heads/main/input_multiple_soundings/flood/13_UTC_Toronto_2024/20240716_12/input_sounding_2024-07-16T12_-78.0_41.0.png", "timestamp": "20240716T12" }, "geometry": { "type": "Point", "coordinates": [ -78.0, 41.0 ] } },
{ "type": "Feature", "properties": { "lat": 41.25, "lon": -78.0, "image_url": "https://raw.githubusercontent.com/severe-weather-lab/soundings/refs/heads/main/input_multiple_soundings/flood/13_UTC_Toronto_2024/20240716_12/input_sounding_2024-07-16T12_-78.0_41.25.png", "timestamp": "20240716T12" }, "geometry": { "type": "Point", "coordinates": [ -78.0, 41.25 ] } },
{ "type": "Feature", "properties": { "lat": 41.5, "lon": -78.0, "image_url": "https://raw.githubusercontent.com/severe-weather-lab/soundings/refs/heads/main/input_multiple_soundings/flood/13_UTC_Toronto_2024/20240716_12/input_sounding_2024-07-16T12_-78.0_41.5.png", "timestamp": "20240716T12" }, "geometry": { "type": "Point", "coordinates": [ -78.0, 41.5 ] } },
{ "type": "Feature", "properties": { "lat": 41.75, "lon": -78.0, "image_url": "https://raw.githubusercontent.com/severe-weather-lab/soundings/refs/heads/main/input_multiple_soundings/flood/13_UTC_Toronto_2024/20240716_12/input_sounding_2024-07-16T12_-78.0_41.75.png", "timestamp": "20240716T12" }, "geometry": { "type": "Point", "coordinates": [ -78.0, 41.75 ] } },
{ "type": "Feature", "properties": { "lat": 42.0, "lon": -78.0, "image_url": "https://raw.githubusercontent.com/severe-weather-lab/soundings/refs/heads/main/input_multiple_soundings/flood/13_UTC_Toronto_2024/20240716_12/input_sounding_2024-07-16T12_-78.0_42.0.png", "timestamp": "20240716T12" }, "geometry": { "type": "Point", "coordinates": [ -78.0, 42.0 ] } },
{ "type": "Feature", "properties": { "lat": 42.25, "lon": -78.0, "image_url": "https://raw.githubusercontent.com/severe-weather-lab/soundings/refs/heads/main/input_multiple_soundings/flood/13_UTC_Toronto_2024/20240716_12/input_sounding_2024-07-16T12_-78.0_42.25.png", "timestamp": "20240716T12" }, "geometry": { "type": "Point", "coordinates": [ -78.0, 42.25 ] } },
{ "type": "Feature", "properties": { "lat": 42.5, "lon": -78.0, "image_url": "https://raw.githubusercontent.com/severe-weather-lab/soundings/refs/heads/main/input_multiple_soundings/flood/13_UTC_Toronto_2024/20240716_12/input_sounding_2024-07-16T12_-78.0_42.5.png", "timestamp": "20240716T12" }, "geometry": { "type": "Point", "coordinates": [ -78.0, 42.5 ] } },
{ "type": "Feature", "properties": { "lat": 42.75, "lon": -78.0, "image_url": "https://raw.githubusercontent.com/severe-weather-lab/soundings/refs/heads/main/input_multiple_soundings/flood/13_UTC_Toronto_2024/20240716_12/input_sounding_2024-07-16T12_-78.0_42.75.png", "timestamp": "20240716T12" }, "geometry": { "type": "Point", "coordinates": [ -78.0, 42.75 ] } },
{ "type": "Feature", "properties": { "lat": 43.0, "lon": -78.0, "image_url": "https://raw.githubusercontent.com/severe-weather-lab/soundings/refs/heads/main/input_multiple_soundings/flood/13_UTC_Toronto_2024/20240716_12/input_sounding_2024-07-16T12_-78.0_43.0.png", "timestamp": "20240716T12" }, "geometry": { "type": "Point", "coordinates": [ -78.0, 43.0 ] } },
{ "type": "Feature", "properties": { "lat": 43.25, "lon": -78.0, "image_url": "https://raw.githubusercontent.com/severe-weather-lab/soundings/refs/heads/main/input_multiple_soundings/flood/13_UTC_Toronto_2024/20240716_12/input_sounding_2024-07-16T12_-78.0_43.25.png", "timestamp": "20240716T12" }, "geometry": { "type": "Point", "coordinates": [ -78.0, 43.25 ] } },
{ "type": "Feature", "properties": { "lat": 43.5, "lon": -78.0, "image_url": "https://raw.githubusercontent.com/severe-weather-lab/soundings/refs/heads/main/input_multiple_soundings/flood/13_UTC_Toronto_2024/20240716_12/input_sounding_2024-07-16T12_-78.0_43.5.png", "timestamp": "20240716T12" }, "geometry": { "type": "Point", "coordinates": [ -78.0, 43.5 ] } },
{ "type": "Feature", "properties": { "lat": 43.75, "lon": -78.0, "image_url": "https://raw.githubusercontent.com/severe-weather-lab/soundings/refs/heads/main/input_multiple_soundings/flood/13_UTC_Toronto_2024/20240716_12/input_sounding_2024-07-16T12_-78.0_43.75.png", "timestamp": "20240716T12" }, "geometry": { "type": "Point", "coordinates": [ -78.0, 43.75 ] } },
{ "type": "Feature", "properties": { "lat": 44.0, "lon": -78.0, "image_url": "https://raw.githubusercontent.com/severe-weather-lab/soundings/refs/heads/main/input_multiple_soundings/flood/13_UTC_Toronto_2024/20240716_12/input_sounding_2024-07-16T12_-78.0_44.0.png", "timestamp": "20240716T12" }, "geometry": { "type": "Point", "coordinates": [ -78.0, 44.0 ] } },
{ "type": "Feature", "properties": { "lat": 44.25, "lon": -78.0, "image_url": "https://raw.githubusercontent.com/severe-weather-lab/soundings/refs/heads/main/input_multiple_soundings/flood/13_UTC_Toronto_2024/20240716_12/input_sounding_2024-07-16T12_-78.0_44.25.png", "timestamp": "20240716T12" }, "geometry": { "type": "Point", "coordinates": [ -78.0, 44.25 ] } },
{ "type": "Feature", "properties": { "lat": 44.5, "lon": -78.0, "image_url": "https://raw.githubusercontent.com/severe-weather-lab/soundings/refs/heads/main/input_multiple_soundings/flood/13_UTC_Toronto_2024/20240716_12/input_sounding_2024-07-16T12_-78.0_44.5.png", "timestamp": "20240716T12" }, "geometry": { "type": "Point", "coordinates": [ -78.0, 44.5 ] } },
{ "type": "Feature", "properties": { "lat": 44.75, "lon": -78.0, "image_url": "https://raw.githubusercontent.com/severe-weather-lab/soundings/refs/heads/main/input_multiple_soundings/flood/13_UTC_Toronto_2024/20240716_12/input_sounding_2024-07-16T12_-78.0_44.75.png", "timestamp": "20240716T12" }, "geometry": { "type": "Point", "coordinates": [ -78.0, 44.75 ] } },
{ "type": "Feature", "properties": { "lat": 45.0, "lon": -78.0, "image_url": "https://raw.githubusercontent.com/severe-weather-lab/soundings/refs/heads/main/input_multiple_soundings/flood/13_UTC_Toronto_2024/20240716_12/input_sounding_2024-07-16T12_-78.0_45.0.png", "timestamp": "20240716T12" }, "geometry": { "type": "Point", "coordinates": [ -78.0, 45.0 ] } },
{ "type": "Feature", "properties": { "lat": 45.25, "lon": -78.0, "image_url": "https://raw.githubusercontent.com/severe-weather-lab/soundings/refs/heads/main/input_multiple_soundings/flood/13_UTC_Toronto_2024/20240716_12/input_sounding_2024-07-16T12_-78.0_45.25.png", "timestamp": "20240716T12" }, "geometry": { "type": "Point", "coordinates": [ -78.0, 45.25 ] } },
{ "type": "Feature", "properties": { "lat": 45.5, "lon": -78.0, "image_url": "https://raw.githubusercontent.com/severe-weather-lab/soundings/refs/heads/main/input_multiple_soundings/flood/13_UTC_Toronto_2024/20240716_12/input_sounding_2024-07-16T12_-78.0_45.5.png", "timestamp": "20240716T12" }, "geometry": { "type": "Point", "coordinates": [ -78.0, 45.5 ] } },
{ "type": "Feature", "properties": { "lat": 45.75, "lon": -78.0, "image_url": "https://raw.githubusercontent.com/severe-weather-lab/soundings/refs/heads/main/input_multiple_soundings/flood/13_UTC_Toronto_2024/20240716_12/input_sounding_2024-07-16T12_-78.0_45.75.png", "timestamp": "20240716T12" }, "geometry": { "type": "Point", "coordinates": [ -78.0, 45.75 ] } },
{ "type": "Feature", "properties": { "lat": 46.0, "lon": -78.0, "image_url": "https://raw.githubusercontent.com/severe-weather-lab/soundings/refs/heads/main/input_multiple_soundings/flood/13_UTC_Toronto_2024/20240716_12/input_sounding_2024-07-16T12_-78.0_46.0.png", "timestamp": "20240716T12" }, "geometry": { "type": "Point", "coordinates": [ -78.0, 46.0 ] } },
{ "type": "Feature", "properties": { "lat": 41.0, "lon": -77.75, "image_url": "https://raw.githubusercontent.com/severe-weather-lab/soundings/refs/heads/main/input_multiple_soundings/flood/13_UTC_Toronto_2024/20240716_12/input_sounding_2024-07-16T12_-77.75_41.0.png", "timestamp": "20240716T12" }, "geometry": { "type": "Point", "coordinates": [ -77.75, 41.0 ] } },
{ "type": "Feature", "properties": { "lat": 41.25, "lon": -77.75, "image_url": "https://raw.githubusercontent.com/severe-weather-lab/soundings/refs/heads/main/input_multiple_soundings/flood/13_UTC_Toronto_2024/20240716_12/input_sounding_2024-07-16T12_-77.75_41.25.png", "timestamp": "20240716T12" }, "geometry": { "type": "Point", "coordinates": [ -77.75, 41.25 ] } },
{ "type": "Feature", "properties": { "lat": 41.5, "lon": -77.75, "image_url": "https://raw.githubusercontent.com/severe-weather-lab/soundings/refs/heads/main/input_multiple_soundings/flood/13_UTC_Toronto_2024/20240716_12/input_sounding_2024-07-16T12_-77.75_41.5.png", "timestamp": "20240716T12" }, "geometry": { "type": "Point", "coordinates": [ -77.75, 41.5 ] } },
{ "type": "Feature", "properties": { "lat": 41.75, "lon": -77.75, "image_url": "https://raw.githubusercontent.com/severe-weather-lab/soundings/refs/heads/main/input_multiple_soundings/flood/13_UTC_Toronto_2024/20240716_12/input_sounding_2024-07-16T12_-77.75_41.75.png", "timestamp": "20240716T12" }, "geometry": { "type": "Point", "coordinates": [ -77.75, 41.75 ] } },
{ "type": "Feature", "properties": { "lat": 42.0, "lon": -77.75, "image_url": "https://raw.githubusercontent.com/severe-weather-lab/soundings/refs/heads/main/input_multiple_soundings/flood/13_UTC_Toronto_2024/20240716_12/input_sounding_2024-07-16T12_-77.75_42.0.png", "timestamp": "20240716T12" }, "geometry": { "type": "Point", "coordinates": [ -77.75, 42.0 ] } },
{ "type": "Feature", "properties": { "lat": 42.25, "lon": -77.75, "image_url": "https://raw.githubusercontent.com/severe-weather-lab/soundings/refs/heads/main/input_multiple_soundings/flood/13_UTC_Toronto_2024/20240716_12/input_sounding_2024-07-16T12_-77.75_42.25.png", "timestamp": "20240716T12" }, "geometry": { "type": "Point", "coordinates": [ -77.75, 42.25 ] } },
{ "type": "Feature", "properties": { "lat": 42.5, "lon": -77.75, "image_url": "https://raw.githubusercontent.com/severe-weather-lab/soundings/refs/heads/main/input_multiple_soundings/flood/13_UTC_Toronto_2024/20240716_12/input_sounding_2024-07-16T12_-77.75_42.5.png", "timestamp": "20240716T12" }, "geometry": { "type": "Point", "coordinates": [ -77.75, 42.5 ] } },
{ "type": "Feature", "properties": { "lat": 42.75, "lon": -77.75, "image_url": "https://raw.githubusercontent.com/severe-weather-lab/soundings/refs/heads/main/input_multiple_soundings/flood/13_UTC_Toronto_2024/20240716_12/input_sounding_2024-07-16T12_-77.75_42.75.png", "timestamp": "20240716T12" }, "geometry": { "type": "Point", "coordinates": [ -77.75, 42.75 ] } },
{ "type": "Feature", "properties": { "lat": 43.0, "lon": -77.75, "image_url": "https://raw.githubusercontent.com/severe-weather-lab/soundings/refs/heads/main/input_multiple_soundings/flood/13_UTC_Toronto_2024/20240716_12/input_sounding_2024-07-16T12_-77.75_43.0.png", "timestamp": "20240716T12" }, "geometry": { "type": "Point", "coordinates": [ -77.75, 43.0 ] } },
{ "type": "Feature", "properties": { "lat": 43.25, "lon": -77.75, "image_url": "https://raw.githubusercontent.com/severe-weather-lab/soundings/refs/heads/main/input_multiple_soundings/flood/13_UTC_Toronto_2024/20240716_12/input_sounding_2024-07-16T12_-77.75_43.25.png", "timestamp": "20240716T12" }, "geometry": { "type": "Point", "coordinates": [ -77.75, 43.25 ] } },
{ "type": "Feature", "properties": { "lat": 43.5, "lon": -77.75, "image_url": "https://raw.githubusercontent.com/severe-weather-lab/soundings/refs/heads/main/input_multiple_soundings/flood/13_UTC_Toronto_2024/20240716_12/input_sounding_2024-07-16T12_-77.75_43.5.png", "timestamp": "20240716T12" }, "geometry": { "type": "Point", "coordinates": [ -77.75, 43.5 ] } },
{ "type": "Feature", "properties": { "lat": 43.75, "lon": -77.75, "image_url": "https://raw.githubusercontent.com/severe-weather-lab/soundings/refs/heads/main/input_multiple_soundings/flood/13_UTC_Toronto_2024/20240716_12/input_sounding_2024-07-16T12_-77.75_43.75.png", "timestamp": "20240716T12" }, "geometry": { "type": "Point", "coordinates": [ -77.75, 43.75 ] } },
{ "type": "Feature", "properties": { "lat": 44.0, "lon": -77.75, "image_url": "https://raw.githubusercontent.com/severe-weather-lab/soundings/refs/heads/main/input_multiple_soundings/flood/13_UTC_Toronto_2024/20240716_12/input_sounding_2024-07-16T12_-77.75_44.0.png", "timestamp": "20240716T12" }, "geometry": { "type": "Point", "coordinates": [ -77.75, 44.0 ] } },
{ "type": "Feature", "properties": { "lat": 44.25, "lon": -77.75, "image_url": "https://raw.githubusercontent.com/severe-weather-lab/soundings/refs/heads/main/input_multiple_soundings/flood/13_UTC_Toronto_2024/20240716_12/input_sounding_2024-07-16T12_-77.75_44.25.png", "timestamp": "20240716T12" }, "geometry": { "type": "Point", "coordinates": [ -77.75, 44.25 ] } },
{ "type": "Feature", "properties": { "lat": 44.5, "lon": -77.75, "image_url": "https://raw.githubusercontent.com/severe-weather-lab/soundings/refs/heads/main/input_multiple_soundings/flood/13_UTC_Toronto_2024/20240716_12/input_sounding_2024-07-16T12_-77.75_44.5.png", "timestamp": "20240716T12" }, "geometry": { "type": "Point", "coordinates": [ -77.75, 44.5 ] } },
{ "type": "Feature", "properties": { "lat": 44.75, "lon": -77.75, "image_url": "https://raw.githubusercontent.com/severe-weather-lab/soundings/refs/heads/main/input_multiple_soundings/flood/13_UTC_Toronto_2024/20240716_12/input_sounding_2024-07-16T12_-77.75_44.75.png", "timestamp": "20240716T12" }, "geometry": { "type": "Point", "coordinates": [ -77.75, 44.75 ] } },
{ "type": "Feature", "properties": { "lat": 45.0, "lon": -77.75, "image_url": "https://raw.githubusercontent.com/severe-weather-lab/soundings/refs/heads/main/input_multiple_soundings/flood/13_UTC_Toronto_2024/20240716_12/input_sounding_2024-07-16T12_-77.75_45.0.png", "timestamp": "20240716T12" }, "geometry": { "type": "Point", "coordinates": [ -77.75, 45.0 ] } },
{ "type": "Feature", "properties": { "lat": 45.25, "lon": -77.75, "image_url": "https://raw.githubusercontent.com/severe-weather-lab/soundings/refs/heads/main/input_multiple_soundings/flood/13_UTC_Toronto_2024/20240716_12/input_sounding_2024-07-16T12_-77.75_45.25.png", "timestamp": "20240716T12" }, "geometry": { "type": "Point", "coordinates": [ -77.75, 45.25 ] } },
{ "type": "Feature", "properties": { "lat": 45.5, "lon": -77.75, "image_url": "https://raw.githubusercontent.com/severe-weather-lab/soundings/refs/heads/main/input_multiple_soundings/flood/13_UTC_Toronto_2024/20240716_12/input_sounding_2024-07-16T12_-77.75_45.5.png", "timestamp": "20240716T12" }, "geometry": { "type": "Point", "coordinates": [ -77.75, 45.5 ] } },
{ "type": "Feature", "properties": { "lat": 45.75, "lon": -77.75, "image_url": "https://raw.githubusercontent.com/severe-weather-lab/soundings/refs/heads/main/input_multiple_soundings/flood/13_UTC_Toronto_2024/20240716_12/input_sounding_2024-07-16T12_-77.75_45.75.png", "timestamp": "20240716T12" }, "geometry": { "type": "Point", "coordinates": [ -77.75, 45.75 ] } },
{ "type": "Feature", "properties": { "lat": 46.0, "lon": -77.75, "image_url": "https://raw.githubusercontent.com/severe-weather-lab/soundings/refs/heads/main/input_multiple_soundings/flood/13_UTC_Toronto_2024/20240716_12/input_sounding_2024-07-16T12_-77.75_46.0.png", "timestamp": "20240716T12" }, "geometry": { "type": "Point", "coordinates": [ -77.75, 46.0 ] } },
{ "type": "Feature", "properties": { "lat": 41.0, "lon": -77.5, "image_url": "https://raw.githubusercontent.com/severe-weather-lab/soundings/refs/heads/main/input_multiple_soundings/flood/13_UTC_Toronto_2024/20240716_12/input_sounding_2024-07-16T12_-77.5_41.0.png", "timestamp": "20240716T12" }, "geometry": { "type": "Point", "coordinates": [ -77.5, 41.0 ] } },
{ "type": "Feature", "properties": { "lat": 41.25, "lon": -77.5, "image_url": "https://raw.githubusercontent.com/severe-weather-lab/soundings/refs/heads/main/input_multiple_soundings/flood/13_UTC_Toronto_2024/20240716_12/input_sounding_2024-07-16T12_-77.5_41.25.png", "timestamp": "20240716T12" }, "geometry": { "type": "Point", "coordinates": [ -77.5, 41.25 ] } },
{ "type": "Feature", "properties": { "lat": 41.5, "lon": -77.5, "image_url": "https://raw.githubusercontent.com/severe-weather-lab/soundings/refs/heads/main/input_multiple_soundings/flood/13_UTC_Toronto_2024/20240716_12/input_sounding_2024-07-16T12_-77.5_41.5.png", "timestamp": "20240716T12" }, "geometry": { "type": "Point", "coordinates": [ -77.5, 41.5 ] } },
{ "type": "Feature", "properties": { "lat": 41.75, "lon": -77.5, "image_url": "https://raw.githubusercontent.com/severe-weather-lab/soundings/refs/heads/main/input_multiple_soundings/flood/13_UTC_Toronto_2024/20240716_12/input_sounding_2024-07-16T12_-77.5_41.75.png", "timestamp": "20240716T12" }, "geometry": { "type": "Point", "coordinates": [ -77.5, 41.75 ] } },
{ "type": "Feature", "properties": { "lat": 42.0, "lon": -77.5, "image_url": "https://raw.githubusercontent.com/severe-weather-lab/soundings/refs/heads/main/input_multiple_soundings/flood/13_UTC_Toronto_2024/20240716_12/input_sounding_2024-07-16T12_-77.5_42.0.png", "timestamp": "20240716T12" }, "geometry": { "type": "Point", "coordinates": [ -77.5, 42.0 ] } },
{ "type": "Feature", "properties": { "lat": 42.25, "lon": -77.5, "image_url": "https://raw.githubusercontent.com/severe-weather-lab/soundings/refs/heads/main/input_multiple_soundings/flood/13_UTC_Toronto_2024/20240716_12/input_sounding_2024-07-16T12_-77.5_42.25.png", "timestamp": "20240716T12" }, "geometry": { "type": "Point", "coordinates": [ -77.5, 42.25 ] } },
{ "type": "Feature", "properties": { "lat": 42.5, "lon": -77.5, "image_url": "https://raw.githubusercontent.com/severe-weather-lab/soundings/refs/heads/main/input_multiple_soundings/flood/13_UTC_Toronto_2024/20240716_12/input_sounding_2024-07-16T12_-77.5_42.5.png", "timestamp": "20240716T12" }, "geometry": { "type": "Point", "coordinates": [ -77.5, 42.5 ] } },
{ "type": "Feature", "properties": { "lat": 42.75, "lon": -77.5, "image_url": "https://raw.githubusercontent.com/severe-weather-lab/soundings/refs/heads/main/input_multiple_soundings/flood/13_UTC_Toronto_2024/20240716_12/input_sounding_2024-07-16T12_-77.5_42.75.png", "timestamp": "20240716T12" }, "geometry": { "type": "Point", "coordinates": [ -77.5, 42.75 ] } },
{ "type": "Feature", "properties": { "lat": 43.0, "lon": -77.5, "image_url": "https://raw.githubusercontent.com/severe-weather-lab/soundings/refs/heads/main/input_multiple_soundings/flood/13_UTC_Toronto_2024/20240716_12/input_sounding_2024-07-16T12_-77.5_43.0.png", "timestamp": "20240716T12" }, "geometry": { "type": "Point", "coordinates": [ -77.5, 43.0 ] } },
{ "type": "Feature", "properties": { "lat": 43.25, "lon": -77.5, "image_url": "https://raw.githubusercontent.com/severe-weather-lab/soundings/refs/heads/main/input_multiple_soundings/flood/13_UTC_Toronto_2024/20240716_12/input_sounding_2024-07-16T12_-77.5_43.25.png", "timestamp": "20240716T12" }, "geometry": { "type": "Point", "coordinates": [ -77.5, 43.25 ] } },
{ "type": "Feature", "properties": { "lat": 43.5, "lon": -77.5, "image_url": "https://raw.githubusercontent.com/severe-weather-lab/soundings/refs/heads/main/input_multiple_soundings/flood/13_UTC_Toronto_2024/20240716_12/input_sounding_2024-07-16T12_-77.5_43.5.png", "timestamp": "20240716T12" }, "geometry": { "type": "Point", "coordinates": [ -77.5, 43.5 ] } },
{ "type": "Feature", "properties": { "lat": 43.75, "lon": -77.5, "image_url": "https://raw.githubusercontent.com/severe-weather-lab/soundings/refs/heads/main/input_multiple_soundings/flood/13_UTC_Toronto_2024/20240716_12/input_sounding_2024-07-16T12_-77.5_43.75.png", "timestamp": "20240716T12" }, "geometry": { "type": "Point", "coordinates": [ -77.5, 43.75 ] } },
{ "type": "Feature", "properties": { "lat": 44.0, "lon": -77.5, "image_url": "https://raw.githubusercontent.com/severe-weather-lab/soundings/refs/heads/main/input_multiple_soundings/flood/13_UTC_Toronto_2024/20240716_12/input_sounding_2024-07-16T12_-77.5_44.0.png", "timestamp": "20240716T12" }, "geometry": { "type": "Point", "coordinates": [ -77.5, 44.0 ] } },
{ "type": "Feature", "properties": { "lat": 44.25, "lon": -77.5, "image_url": "https://raw.githubusercontent.com/severe-weather-lab/soundings/refs/heads/main/input_multiple_soundings/flood/13_UTC_Toronto_2024/20240716_12/input_sounding_2024-07-16T12_-77.5_44.25.png", "timestamp": "20240716T12" }, "geometry": { "type": "Point", "coordinates": [ -77.5, 44.25 ] } },
{ "type": "Feature", "properties": { "lat": 44.5, "lon": -77.5, "image_url": "https://raw.githubusercontent.com/severe-weather-lab/soundings/refs/heads/main/input_multiple_soundings/flood/13_UTC_Toronto_2024/20240716_12/input_sounding_2024-07-16T12_-77.5_44.5.png", "timestamp": "20240716T12" }, "geometry": { "type": "Point", "coordinates": [ -77.5, 44.5 ] } },
{ "type": "Feature", "properties": { "lat": 44.75, "lon": -77.5, "image_url": "https://raw.githubusercontent.com/severe-weather-lab/soundings/refs/heads/main/input_multiple_soundings/flood/13_UTC_Toronto_2024/20240716_12/input_sounding_2024-07-16T12_-77.5_44.75.png", "timestamp": "20240716T12" }, "geometry": { "type": "Point", "coordinates": [ -77.5, 44.75 ] } },
{ "type": "Feature", "properties": { "lat": 45.0, "lon": -77.5, "image_url": "https://raw.githubusercontent.com/severe-weather-lab/soundings/refs/heads/main/input_multiple_soundings/flood/13_UTC_Toronto_2024/20240716_12/input_sounding_2024-07-16T12_-77.5_45.0.png", "timestamp": "20240716T12" }, "geometry": { "type": "Point", "coordinates": [ -77.5, 45.0 ] } },
{ "type": "Feature", "properties": { "lat": 45.25, "lon": -77.5, "image_url": "https://raw.githubusercontent.com/severe-weather-lab/soundings/refs/heads/main/input_multiple_soundings/flood/13_UTC_Toronto_2024/20240716_12/input_sounding_2024-07-16T12_-77.5_45.25.png", "timestamp": "20240716T12" }, "geometry": { "type": "Point", "coordinates": [ -77.5, 45.25 ] } },
{ "type": "Feature", "properties": { "lat": 45.5, "lon": -77.5, "image_url": "https://raw.githubusercontent.com/severe-weather-lab/soundings/refs/heads/main/input_multiple_soundings/flood/13_UTC_Toronto_2024/20240716_12/input_sounding_2024-07-16T12_-77.5_45.5.png", "timestamp": "20240716T12" }, "geometry": { "type": "Point", "coordinates": [ -77.5, 45.5 ] } },
{ "type": "Feature", "properties": { "lat": 45.75, "lon": -77.5, "image_url": "https://raw.githubusercontent.com/severe-weather-lab/soundings/refs/heads/main/input_multiple_soundings/flood/13_UTC_Toronto_2024/20240716_12/input_sounding_2024-07-16T12_-77.5_45.75.png", "timestamp": "20240716T12" }, "geometry": { "type": "Point", "coordinates": [ -77.5, 45.75 ] } },
{ "type": "Feature", "properties": { "lat": 46.0, "lon": -77.5, "image_url": "https://raw.githubusercontent.com/severe-weather-lab/soundings/refs/heads/main/input_multiple_soundings/flood/13_UTC_Toronto_2024/20240716_12/input_sounding_2024-07-16T12_-77.5_46.0.png", "timestamp": "20240716T12" }, "geometry": { "type": "Point", "coordinates": [ -77.5, 46.0 ] } },
{ "type": "Feature", "properties": { "lat": 41.0, "lon": -77.25, "image_url": "https://raw.githubusercontent.com/severe-weather-lab/soundings/refs/heads/main/input_multiple_soundings/flood/13_UTC_Toronto_2024/20240716_12/input_sounding_2024-07-16T12_-77.25_41.0.png", "timestamp": "20240716T12" }, "geometry": { "type": "Point", "coordinates": [ -77.25, 41.0 ] } },
{ "type": "Feature", "properties": { "lat": 41.25, "lon": -77.25, "image_url": "https://raw.githubusercontent.com/severe-weather-lab/soundings/refs/heads/main/input_multiple_soundings/flood/13_UTC_Toronto_2024/20240716_12/input_sounding_2024-07-16T12_-77.25_41.25.png", "timestamp": "20240716T12" }, "geometry": { "type": "Point", "coordinates": [ -77.25, 41.25 ] } },
{ "type": "Feature", "properties": { "lat": 41.5, "lon": -77.25, "image_url": "https://raw.githubusercontent.com/severe-weather-lab/soundings/refs/heads/main/input_multiple_soundings/flood/13_UTC_Toronto_2024/20240716_12/input_sounding_2024-07-16T12_-77.25_41.5.png", "timestamp": "20240716T12" }, "geometry": { "type": "Point", "coordinates": [ -77.25, 41.5 ] } },
{ "type": "Feature", "properties": { "lat": 41.75, "lon": -77.25, "image_url": "https://raw.githubusercontent.com/severe-weather-lab/soundings/refs/heads/main/input_multiple_soundings/flood/13_UTC_Toronto_2024/20240716_12/input_sounding_2024-07-16T12_-77.25_41.75.png", "timestamp": "20240716T12" }, "geometry": { "type": "Point", "coordinates": [ -77.25, 41.75 ] } },
{ "type": "Feature", "properties": { "lat": 42.0, "lon": -77.25, "image_url": "https://raw.githubusercontent.com/severe-weather-lab/soundings/refs/heads/main/input_multiple_soundings/flood/13_UTC_Toronto_2024/20240716_12/input_sounding_2024-07-16T12_-77.25_42.0.png", "timestamp": "20240716T12" }, "geometry": { "type": "Point", "coordinates": [ -77.25, 42.0 ] } },
{ "type": "Feature", "properties": { "lat": 42.25, "lon": -77.25, "image_url": "https://raw.githubusercontent.com/severe-weather-lab/soundings/refs/heads/main/input_multiple_soundings/flood/13_UTC_Toronto_2024/20240716_12/input_sounding_2024-07-16T12_-77.25_42.25.png", "timestamp": "20240716T12" }, "geometry": { "type": "Point", "coordinates": [ -77.25, 42.25 ] } },
{ "type": "Feature", "properties": { "lat": 42.5, "lon": -77.25, "image_url": "https://raw.githubusercontent.com/severe-weather-lab/soundings/refs/heads/main/input_multiple_soundings/flood/13_UTC_Toronto_2024/20240716_12/input_sounding_2024-07-16T12_-77.25_42.5.png", "timestamp": "20240716T12" }, "geometry": { "type": "Point", "coordinates": [ -77.25, 42.5 ] } },
{ "type": "Feature", "properties": { "lat": 42.75, "lon": -77.25, "image_url": "https://raw.githubusercontent.com/severe-weather-lab/soundings/refs/heads/main/input_multiple_soundings/flood/13_UTC_Toronto_2024/20240716_12/input_sounding_2024-07-16T12_-77.25_42.75.png", "timestamp": "20240716T12" }, "geometry": { "type": "Point", "coordinates": [ -77.25, 42.75 ] } },
{ "type": "Feature", "properties": { "lat": 43.0, "lon": -77.25, "image_url": "https://raw.githubusercontent.com/severe-weather-lab/soundings/refs/heads/main/input_multiple_soundings/flood/13_UTC_Toronto_2024/20240716_12/input_sounding_2024-07-16T12_-77.25_43.0.png", "timestamp": "20240716T12" }, "geometry": { "type": "Point", "coordinates": [ -77.25, 43.0 ] } },
{ "type": "Feature", "properties": { "lat": 43.25, "lon": -77.25, "image_url": "https://raw.githubusercontent.com/severe-weather-lab/soundings/refs/heads/main/input_multiple_soundings/flood/13_UTC_Toronto_2024/20240716_12/input_sounding_2024-07-16T12_-77.25_43.25.png", "timestamp": "20240716T12" }, "geometry": { "type": "Point", "coordinates": [ -77.25, 43.25 ] } },
{ "type": "Feature", "properties": { "lat": 43.5, "lon": -77.25, "image_url": "https://raw.githubusercontent.com/severe-weather-lab/soundings/refs/heads/main/input_multiple_soundings/flood/13_UTC_Toronto_2024/20240716_12/input_sounding_2024-07-16T12_-77.25_43.5.png", "timestamp": "20240716T12" }, "geometry": { "type": "Point", "coordinates": [ -77.25, 43.5 ] } },
{ "type": "Feature", "properties": { "lat": 43.75, "lon": -77.25, "image_url": "https://raw.githubusercontent.com/severe-weather-lab/soundings/refs/heads/main/input_multiple_soundings/flood/13_UTC_Toronto_2024/20240716_12/input_sounding_2024-07-16T12_-77.25_43.75.png", "timestamp": "20240716T12" }, "geometry": { "type": "Point", "coordinates": [ -77.25, 43.75 ] } },
{ "type": "Feature", "properties": { "lat": 44.0, "lon": -77.25, "image_url": "https://raw.githubusercontent.com/severe-weather-lab/soundings/refs/heads/main/input_multiple_soundings/flood/13_UTC_Toronto_2024/20240716_12/input_sounding_2024-07-16T12_-77.25_44.0.png", "timestamp": "20240716T12" }, "geometry": { "type": "Point", "coordinates": [ -77.25, 44.0 ] } },
{ "type": "Feature", "properties": { "lat": 44.25, "lon": -77.25, "image_url": "https://raw.githubusercontent.com/severe-weather-lab/soundings/refs/heads/main/input_multiple_soundings/flood/13_UTC_Toronto_2024/20240716_12/input_sounding_2024-07-16T12_-77.25_44.25.png", "timestamp": "20240716T12" }, "geometry": { "type": "Point", "coordinates": [ -77.25, 44.25 ] } },
{ "type": "Feature", "properties": { "lat": 44.5, "lon": -77.25, "image_url": "https://raw.githubusercontent.com/severe-weather-lab/soundings/refs/heads/main/input_multiple_soundings/flood/13_UTC_Toronto_2024/20240716_12/input_sounding_2024-07-16T12_-77.25_44.5.png", "timestamp": "20240716T12" }, "geometry": { "type": "Point", "coordinates": [ -77.25, 44.5 ] } },
{ "type": "Feature", "properties": { "lat": 44.75, "lon": -77.25, "image_url": "https://raw.githubusercontent.com/severe-weather-lab/soundings/refs/heads/main/input_multiple_soundings/flood/13_UTC_Toronto_2024/20240716_12/input_sounding_2024-07-16T12_-77.25_44.75.png", "timestamp": "20240716T12" }, "geometry": { "type": "Point", "coordinates": [ -77.25, 44.75 ] } },
{ "type": "Feature", "properties": { "lat": 45.0, "lon": -77.25, "image_url": "https://raw.githubusercontent.com/severe-weather-lab/soundings/refs/heads/main/input_multiple_soundings/flood/13_UTC_Toronto_2024/20240716_12/input_sounding_2024-07-16T12_-77.25_45.0.png", "timestamp": "20240716T12" }, "geometry": { "type": "Point", "coordinates": [ -77.25, 45.0 ] } },
{ "type": "Feature", "properties": { "lat": 45.25, "lon": -77.25, "image_url": "https://raw.githubusercontent.com/severe-weather-lab/soundings/refs/heads/main/input_multiple_soundings/flood/13_UTC_Toronto_2024/20240716_12/input_sounding_2024-07-16T12_-77.25_45.25.png", "timestamp": "20240716T12" }, "geometry": { "type": "Point", "coordinates": [ -77.25, 45.25 ] } },
{ "type": "Feature", "properties": { "lat": 45.5, "lon": -77.25, "image_url": "https://raw.githubusercontent.com/severe-weather-lab/soundings/refs/heads/main/input_multiple_soundings/flood/13_UTC_Toronto_2024/20240716_12/input_sounding_2024-07-16T12_-77.25_45.5.png", "timestamp": "20240716T12" }, "geometry": { "type": "Point", "coordinates": [ -77.25, 45.5 ] } },
{ "type": "Feature", "properties": { "lat": 45.75, "lon": -77.25, "image_url": "https://raw.githubusercontent.com/severe-weather-lab/soundings/refs/heads/main/input_multiple_soundings/flood/13_UTC_Toronto_2024/20240716_12/input_sounding_2024-07-16T12_-77.25_45.75.png", "timestamp": "20240716T12" }, "geometry": { "type": "Point", "coordinates": [ -77.25, 45.75 ] } },
{ "type": "Feature", "properties": { "lat": 46.0, "lon": -77.25, "image_url": "https://raw.githubusercontent.com/severe-weather-lab/soundings/refs/heads/main/input_multiple_soundings/flood/13_UTC_Toronto_2024/20240716_12/input_sounding_2024-07-16T12_-77.25_46.0.png", "timestamp": "20240716T12" }, "geometry": { "type": "Point", "coordinates": [ -77.25, 46.0 ] } }
]
}
