{
"type": "FeatureCollection",
"name": "geojson_wind500m_20240805T00",
"crs": { "type": "name", "properties": { "name": "urn:ogc:def:crs:OGC:1.3:CRS84" } },
"features": [
{ "type": "Feature", "properties": { "u": 0.14820546640556642, "v": 4.07036434426802, "speed": 4.073061594840043, "direction": 2.0852674187222529, "timestamp": "20240805T00" }, "geometry": { "type": "LineString", "coordinates": [ [ -117.75, 50.0 ], [ -117.73961410921811, 50.183349745237301 ] ] } },
{ "type": "Feature", "properties": { "u": -1.963680052649645, "v": 2.6233296373580006, "speed": 3.2768731643771281, "direction": -36.816503313141624, "timestamp": "20240805T00" }, "geometry": { "type": "LineString", "coordinates": [ [ -117.75, 50.25 ], [ -117.888330718257222, 50.36816800168279 ] ] } },
{ "type": "Feature", "properties": { "u": -2.263280848225516, "v": 2.0261955024827674, "speed": 3.0377472594384485, "direction": -48.163598813838874, "timestamp": "20240805T00" }, "geometry": { "type": "LineString", "coordinates": [ [ -117.75, 50.5 ], [ -117.910278381664114, 50.591270067679403 ] ] } },
{ "type": "Feature", "properties": { "u": -1.2898945814777938, "v": 1.9585788136161042, "speed": 2.3451778185185956, "direction": -33.368381486814137, "timestamp": "20240805T00" }, "geometry": { "type": "LineString", "coordinates": [ [ -117.75, 50.75 ], [ -117.841833207186724, 50.838224270883607 ] ] } },
{ "type": "Feature", "properties": { "u": -0.079801700130717385, "v": 1.4156128708030875, "speed": 1.4178603990968617, "direction": -3.2264940089337584, "timestamp": "20240805T00" }, "geometry": { "type": "LineString", "coordinates": [ [ -117.75, 51.0 ], [ -117.75571198904116, 51.063766345531668 ] ] } },
{ "type": "Feature", "properties": { "u": 1.0308028116762464, "v": 1.1423620227836611, "speed": 1.5386830172774484, "direction": 42.061306189306364, "timestamp": "20240805T00" }, "geometry": { "type": "LineString", "coordinates": [ [ -117.75, 51.25 ], [ -117.675817514204255, 51.301457748774041 ] ] } },
{ "type": "Feature", "properties": { "u": 2.3613193761865117, "v": 2.2397439260183702, "speed": 3.2545786287152501, "direction": 46.513593545790542, "timestamp": "20240805T00" }, "geometry": { "type": "LineString", "coordinates": [ [ -117.75, 51.5 ], [ -117.579135362598748, 51.600889366036867 ] ] } },
{ "type": "Feature", "properties": { "u": 2.8224669019672231, "v": 3.9120248153989072, "speed": 4.8239255351836965, "direction": 35.809880158539912, "timestamp": "20240805T00" }, "geometry": { "type": "LineString", "coordinates": [ [ -117.75, 51.75 ], [ -117.544638360011433, 51.92621733402698 ] ] } },
{ "type": "Feature", "properties": { "u": 3.3508609218873255, "v": 2.4299831185319825, "speed": 4.1392133158587026, "direction": 54.051063756842808, "timestamp": "20240805T00" }, "geometry": { "type": "LineString", "coordinates": [ [ -117.75, 52.0 ], [ -117.504833317958941, 52.10945869903297 ] ] } },
{ "type": "Feature", "properties": { "u": 2.1915628939116849, "v": -1.2193133270982379, "speed": 2.5079220298107221, "direction": 119.09012011535194, "timestamp": "20240805T00" }, "geometry": { "type": "LineString", "coordinates": [ [ -117.75, 52.25 ], [ -117.588751612385479, 52.195075976256838 ] ] } },
{ "type": "Feature", "properties": { "u": -0.53859065081941704, "v": -2.9048117714459338, "speed": 2.9543207877075481, "direction": -169.49588847616661, "timestamp": "20240805T00" }, "geometry": { "type": "LineString", "coordinates": [ [ -117.75, 52.5 ], [ -117.789852787924659, 52.369152622907841 ] ] } },
{ "type": "Feature", "properties": { "u": -2.5536770503530022, "v": -2.4173279139546251, "speed": 3.5163533271108904, "direction": -133.42883444399703, "timestamp": "20240805T00" }, "geometry": { "type": "LineString", "coordinates": [ [ -117.75, 52.75 ], [ -117.940040707550352, 52.641111355227267 ] ] } },
{ "type": "Feature", "properties": { "u": -3.7401668327146198, "v": -1.825712257161813, "speed": 4.1619794788645219, "direction": -116.01869601859464, "timestamp": "20240805T00" }, "geometry": { "type": "LineString", "coordinates": [ [ -117.75, 53.0 ], [ -118.029946456924932, 52.917760709136857 ] ] } },
{ "type": "Feature", "properties": { "u": -5.763659636758061, "v": -2.2909470693477925, "speed": 6.2022746539432854, "direction": -111.67689684648595, "timestamp": "20240805T00" }, "geometry": { "type": "LineString", "coordinates": [ [ -117.75, 53.25 ], [ -118.183918825524572, 53.146804186065417 ] ] } },
{ "type": "Feature", "properties": { "u": -7.7938820017597834, "v": -2.9381523143864574, "speed": 8.3293058342150932, "direction": -110.65553408527161, "timestamp": "20240805T00" }, "geometry": { "type": "LineString", "coordinates": [ [ -117.75, 53.5 ], [ -118.34021909325709, 53.367650796649258 ] ] } },
{ "type": "Feature", "properties": { "u": -8.7216763068569527, "v": -3.854152409056347, "speed": 9.5353095594125712, "direction": -113.84087522269002, "timestamp": "20240805T00" }, "geometry": { "type": "LineString", "coordinates": [ [ -117.75, 53.75 ], [ -118.414403672759136, 53.576389531123588 ] ] } },
{ "type": "Feature", "properties": { "u": -8.2839197707773931, "v": -4.4020866712223983, "speed": 9.3809218006350772, "direction": -117.98623979239638, "timestamp": "20240805T00" }, "geometry": { "type": "LineString", "coordinates": [ [ -117.75, 54.0 ], [ -118.384839914354529, 53.801707807602597 ] ] } },
{ "type": "Feature", "properties": { "u": -7.2658623066656602, "v": -4.1038055757332383, "speed": 8.3446974338704489, "direction": -119.45803951976991, "timestamp": "20240805T00" }, "geometry": { "type": "LineString", "coordinates": [ [ -117.75, 54.25 ], [ -118.310190470178128, 54.065143892984992 ] ] } },
{ "type": "Feature", "properties": { "u": -5.7296743061837141, "v": -3.1215622960771769, "speed": 6.5248232790806249, "direction": -118.58182391344825, "timestamp": "20240805T00" }, "geometry": { "type": "LineString", "coordinates": [ [ -117.75, 54.5 ], [ -118.194450014723117, 54.359389085762288 ] ] } },
{ "type": "Feature", "properties": { "u": -4.0485646906519932, "v": -2.5002117919873319, "speed": 4.7583542385142552, "direction": -121.69761581648255, "timestamp": "20240805T00" }, "geometry": { "type": "LineString", "coordinates": [ [ -117.75, 54.75 ], [ -118.065982498002683, 54.63737784720778 ] ] } },
{ "type": "Feature", "properties": { "u": -3.0404132269225643, "v": -2.9522866724324892, "speed": 4.2379369021574851, "direction": -134.15748898025569, "timestamp": "20240805T00" }, "geometry": { "type": "LineString", "coordinates": [ [ -117.75, 55.0 ], [ -117.988774716119011, 54.867014113854395 ] ] } },
{ "type": "Feature", "properties": { "u": -0.66099745353248807, "v": 3.8233617642067204, "speed": 3.8800789700177956, "direction": -9.8085590558559055, "timestamp": "20240805T00" }, "geometry": { "type": "LineString", "coordinates": [ [ -117.5, 50.0 ], [ -117.54632114810606, 50.172223502892194 ] ] } },
{ "type": "Feature", "properties": { "u": -2.0446189198630567, "v": 2.7833209828681271, "speed": 3.453598445264876, "direction": -36.300887760673049, "timestamp": "20240805T00" }, "geometry": { "type": "LineString", "coordinates": [ [ -117.5, 50.25 ], [ -117.644032426955363, 50.375374819048112 ] ] } },
{ "type": "Feature", "properties": { "u": -1.7949599558175131, "v": 2.0727839986088701, "speed": 2.7419545488350798, "direction": -40.891441592788887, "timestamp": "20240805T00" }, "geometry": { "type": "LineString", "coordinates": [ [ -117.5, 50.5 ], [ -117.62711337927675, 50.593368648585987 ] ] } },
{ "type": "Feature", "properties": { "u": -0.16222866194694457, "v": 1.9024159654334889, "speed": 1.9093204666302956, "direction": -4.8741100728011668, "timestamp": "20240805T00" }, "geometry": { "type": "LineString", "coordinates": [ [ -117.5, 50.75 ], [ -117.511549764250603, 50.835694412857364 ] ] } },
{ "type": "Feature", "properties": { "u": 0.80270407587045467, "v": 1.492975875111036, "speed": 1.695084303827572, "direction": 28.264863768004616, "timestamp": "20240805T00" }, "geometry": { "type": "LineString", "coordinates": [ [ -117.5, 51.0 ], [ -117.442544621516063, 51.067251165545542 ] ] } },
{ "type": "Feature", "properties": { "u": 1.7108932417859679, "v": 1.1503963104894304, "speed": 2.061690412253157, "direction": 56.08330522529053, "timestamp": "20240805T00" }, "geometry": { "type": "LineString", "coordinates": [ [ -117.5, 51.25 ], [ -117.376874304018997, 51.30181965362565 ] ] } },
{ "type": "Feature", "properties": { "u": 2.2020556674991822, "v": 2.1849913927299274, "speed": 3.1021341926275752, "direction": 45.222861979942046, "timestamp": "20240805T00" }, "geometry": { "type": "LineString", "coordinates": [ [ -117.5, 51.5 ], [ -117.340659655377806, 51.598423035708556 ] ] } },
{ "type": "Feature", "properties": { "u": 2.5941791281732849, "v": 3.8224984520027636, "speed": 4.6196601351845601, "direction": 34.163193077522813, "timestamp": "20240805T00" }, "geometry": { "type": "LineString", "coordinates": [ [ -117.5, 51.75 ], [ -117.311248493360736, 51.922184614955079 ] ] } },
{ "type": "Feature", "properties": { "u": 2.9092719851448727, "v": 2.7282976757408686, "speed": 3.9884171911927435, "direction": 46.838647708716294, "timestamp": "20240805T00" }, "geometry": { "type": "LineString", "coordinates": [ [ -117.5, 52.0 ], [ -117.287142296747049, 52.122896291700037 ] ] } },
{ "type": "Feature", "properties": { "u": 1.1218063818854944, "v": -1.1040043763116476, "speed": 1.5739362189600612, "direction": 134.54175886934306, "timestamp": "20240805T00" }, "geometry": { "type": "LineString", "coordinates": [ [ -117.5, 52.25 ], [ -117.417460972351179, 52.200270073139116 ] ] } },
{ "type": "Feature", "properties": { "u": -0.96697585097575511, "v": -2.9084364765596948, "speed": 3.0649706417114762, "direction": -161.6094400424787, "timestamp": "20240805T00" }, "geometry": { "type": "LineString", "coordinates": [ [ -117.5, 52.5 ], [ -117.571550970033698, 52.368989347902719 ] ] } },
{ "type": "Feature", "properties": { "u": -3.7034406433018789, "v": -2.85434021753816, "speed": 4.6757599035788848, "direction": -127.622397412347, "timestamp": "20240805T00" }, "geometry": { "type": "LineString", "coordinates": [ [ -117.5, 52.75 ], [ -117.775604340856859, 52.621426116327108 ] ] } },
{ "type": "Feature", "properties": { "u": -5.3412575877193103, "v": -1.6797902736409667, "speed": 5.599172080030038, "direction": -107.45801771864375, "timestamp": "20240805T00" }, "geometry": { "type": "LineString", "coordinates": [ [ -117.5, 53.0 ], [ -117.899785946478801, 52.924333771457611 ] ] } },
{ "type": "Feature", "properties": { "u": -6.9274801620656037, "v": -2.0297948553642855, "speed": 7.2187290121375112, "direction": -106.33091330725044, "timestamp": "20240805T00" }, "geometry": { "type": "LineString", "coordinates": [ [ -117.5, 53.25 ], [ -118.021537399015983, 53.158567799307917 ] ] } },
{ "type": "Feature", "properties": { "u": -8.4963294008034858, "v": -3.2326017447470061, "speed": 9.0905075395766044, "direction": -110.83033788769851, "timestamp": "20240805T00" }, "geometry": { "type": "LineString", "coordinates": [ [ -117.5, 53.5 ], [ -118.143414390136201, 53.354387308795182 ] ] } },
{ "type": "Feature", "properties": { "u": -8.2553307269175882, "v": -3.9734861405829678, "speed": 9.1618271933165492, "direction": -115.70261337857731, "timestamp": "20240805T00" }, "geometry": { "type": "LineString", "coordinates": [ [ -117.5, 53.75 ], [ -118.128878195180576, 53.571014137811581 ] ] } },
{ "type": "Feature", "properties": { "u": -7.7476546053728024, "v": -4.7311814308576965, "speed": 9.0780080202568154, "direction": -121.41073590427663, "timestamp": "20240805T00" }, "geometry": { "type": "LineString", "coordinates": [ [ -117.5, 54.0 ], [ -118.093743121882227, 53.786883719330731 ] ] } },
{ "type": "Feature", "properties": { "u": -6.8942061671818173, "v": -4.2185006778270813, "speed": 8.082439399366713, "direction": -121.46207628018259, "timestamp": "20240805T00" }, "geometry": { "type": "LineString", "coordinates": [ [ -117.5, 54.25 ], [ -118.031536166155462, 54.059977446944728 ] ] } },
{ "type": "Feature", "properties": { "u": -5.4348304942836618, "v": -2.7349271569436731, "speed": 6.0841769414920535, "direction": -116.71255381302953, "timestamp": "20240805T00" }, "geometry": { "type": "LineString", "coordinates": [ [ -117.5, 54.5 ], [ -117.921579022492622, 54.376805083020557 ] ] } },
{ "type": "Feature", "properties": { "u": -4.3230383634436995, "v": -1.960729376321048, "speed": 4.7469064009072586, "direction": -114.39683651582888, "timestamp": "20240805T00" }, "geometry": { "type": "LineString", "coordinates": [ [ -117.5, 54.75 ], [ -117.837404627421776, 54.661678856922478 ] ] } },
{ "type": "Feature", "properties": { "u": -3.6317264880921263, "v": -2.4739729157795729, "speed": 4.3943121500777407, "direction": -124.26313104431061, "timestamp": "20240805T00" }, "geometry": { "type": "LineString", "coordinates": [ [ -117.5, 55.0 ], [ -117.785212698569211, 54.888559778568485 ] ] } },
{ "type": "Feature", "properties": { "u": -1.1954740073483365, "v": 3.8691434531875135, "speed": 4.0496208666478006, "direction": -17.1699145752638, "timestamp": "20240805T00" }, "geometry": { "type": "LineString", "coordinates": [ [ -117.25, 50.0 ], [ -117.333776008901992, 50.174285741134575 ] ] } },
{ "type": "Feature", "properties": { "u": -1.9076543849762047, "v": 2.899655111955592, "speed": 3.4708997422583581, "direction": -33.340521837256496, "timestamp": "20240805T00" }, "geometry": { "type": "LineString", "coordinates": [ [ -117.25, 50.25 ], [ -117.384384010727331, 50.380615095133138 ] ] } },
{ "type": "Feature", "properties": { "u": -1.214735025291962, "v": 2.0989779573176306, "speed": 2.4251370367417087, "direction": -30.059121474712548, "timestamp": "20240805T00" }, "geometry": { "type": "LineString", "coordinates": [ [ -117.25, 50.5 ], [ -117.336023687319738, 50.594548556635928 ] ] } },
{ "type": "Feature", "properties": { "u": 0.15653130194950127, "v": 1.8491037069392535, "speed": 1.8557172649696652, "direction": 4.8386964271523167, "timestamp": "20240805T00" }, "geometry": { "type": "LineString", "coordinates": [ [ -117.25, 50.75 ], [ -117.238855855595062, 50.833292959772038 ] ] } },
{ "type": "Feature", "properties": { "u": 0.95011064352784347, "v": 1.4232819093967832, "speed": 1.7112690111613211, "direction": 33.725058535789614, "timestamp": "20240805T00" }, "geometry": { "type": "LineString", "coordinates": [ [ -117.25, 51.0 ], [ -117.181993659598263, 51.064111797720578 ] ] } },
{ "type": "Feature", "properties": { "u": 1.5259194893968038, "v": 1.0293200763709309, "speed": 1.8406330725435913, "direction": 55.998080387483185, "timestamp": "20240805T00" }, "geometry": { "type": "LineString", "coordinates": [ [ -117.25, 51.25 ], [ -117.140186076749686, 51.296365769205899 ] ] } },
{ "type": "Feature", "properties": { "u": 2.3794786663506109, "v": 1.9393629317946073, "speed": 3.0696982432865707, "direction": 50.818695315877846, "timestamp": "20240805T00" }, "geometry": { "type": "LineString", "coordinates": [ [ -117.25, 51.5 ], [ -117.077821359689764, 51.587358690621379 ] ] } },
{ "type": "Feature", "properties": { "u": 2.9072359581835419, "v": 3.4694524403110298, "speed": 4.526491041870683, "direction": 39.961404976970762, "timestamp": "20240805T00" }, "geometry": { "type": "LineString", "coordinates": [ [ -117.25, 51.75 ], [ -117.038470595070521, 51.90628164145545 ] ] } },
{ "type": "Feature", "properties": { "u": 2.4993257978614554, "v": 2.4885399588806569, "speed": 3.5269619463217268, "direction": 45.123897097277869, "timestamp": "20240805T00" }, "geometry": { "type": "LineString", "coordinates": [ [ -117.25, 52.0 ], [ -117.067136124869009, 52.112096394544174 ] ] } },
{ "type": "Feature", "properties": { "u": -0.049665654835000961, "v": -0.83805501439688956, "speed": 0.83952539236521018, "direction": -176.60844696640109, "timestamp": "20240805T00" }, "geometry": { "type": "LineString", "coordinates": [ [ -117.25, 52.25 ], [ -117.253654244550418, 52.212249774126263 ] ] } },
{ "type": "Feature", "properties": { "u": -1.928876704569553, "v": -2.8032653161870722, "speed": 3.4027726598126571, "direction": -145.46883547752779, "timestamp": "20240805T00" }, "geometry": { "type": "LineString", "coordinates": [ [ -117.25, 52.5 ], [ -117.392726417777737, 52.373726787559143 ] ] } },
{ "type": "Feature", "properties": { "u": -4.4173932477906153, "v": -2.8764103008415769, "speed": 5.2713470123312556, "direction": -123.07038804682895, "timestamp": "20240805T00" }, "geometry": { "type": "LineString", "coordinates": [ [ -117.25, 52.75 ], [ -117.578735592553585, 52.620431968430559 ] ] } },
{ "type": "Feature", "properties": { "u": -6.4017258243191701, "v": -1.6278273868894004, "speed": 6.6054458995030858, "direction": -104.26678185782778, "timestamp": "20240805T00" }, "geometry": { "type": "LineString", "coordinates": [ [ -117.25, 53.0 ], [ -117.72916056766438, 52.926674442032009 ] ] } },
{ "type": "Feature", "properties": { "u": -7.5563382133164803, "v": -1.9577526649419608, "speed": 7.805833888260385, "direction": -104.52523263107337, "timestamp": "20240805T00" }, "geometry": { "type": "LineString", "coordinates": [ [ -117.25, 53.25 ], [ -117.818881163953137, 53.161812943020635 ] ] } },
{ "type": "Feature", "properties": { "u": -8.2759601705962496, "v": -2.9413494081390725, "speed": 8.7831118110869788, "direction": -109.5656627656643, "timestamp": "20240805T00" }, "geometry": { "type": "LineString", "coordinates": [ [ -117.25, 53.5 ], [ -117.876726156056534, 53.367506783417156 ] ] } },
{ "type": "Feature", "properties": { "u": -7.9845721749985996, "v": -4.0587674251526105, "speed": 8.9569518157262529, "direction": -116.94542474239736, "timestamp": "20240805T00" }, "geometry": { "type": "LineString", "coordinates": [ [ -117.25, 53.75 ], [ -117.85825223177666, 53.567172638506641 ] ] } },
{ "type": "Feature", "properties": { "u": -7.4818663490368937, "v": -4.7547075161403267, "speed": 8.8648501188058439, "direction": -122.43585727820434, "timestamp": "20240805T00" }, "geometry": { "type": "LineString", "coordinates": [ [ -117.25, 54.0 ], [ -117.823374383584692, 53.785823985759443 ] ] } },
{ "type": "Feature", "properties": { "u": -6.1155646078120105, "v": -4.1107668860809072, "speed": 7.3687539559970512, "direction": -123.90824800602329, "timestamp": "20240805T00" }, "geometry": { "type": "LineString", "coordinates": [ [ -117.25, 54.25 ], [ -117.721503707125308, 54.064830320446809 ] ] } },
{ "type": "Feature", "properties": { "u": -4.9256767814565006, "v": -2.4780299691568031, "speed": 5.5138846817301985, "direction": -116.70624421627834, "timestamp": "20240805T00" }, "geometry": { "type": "LineString", "coordinates": [ [ -117.25, 54.5 ], [ -117.632084041963253, 54.388377028416357 ] ] } },
{ "type": "Feature", "properties": { "u": -4.3700478095977395, "v": -1.415177827465719, "speed": 4.5934786536480816, "direction": -107.94380851882134, "timestamp": "20240805T00" }, "geometry": { "type": "LineString", "coordinates": [ [ -117.25, 54.75 ], [ -117.591073622080486, 54.68625325101506 ] ] } },
{ "type": "Feature", "properties": { "u": -4.2145465591354974, "v": -1.8276352249524517, "speed": 4.5937624247024198, "direction": -113.44393327045613, "timestamp": "20240805T00" }, "geometry": { "type": "LineString", "coordinates": [ [ -117.25, 55.0 ], [ -117.58098367988832, 54.917674088966109 ] ] } },
{ "type": "Feature", "properties": { "u": -0.29834103818943558, "v": 3.6250817516106841, "speed": 3.6373376363665688, "direction": -4.7047892792305621, "timestamp": "20240805T00" }, "geometry": { "type": "LineString", "coordinates": [ [ -117.0, 50.0 ], [ -117.02090703881268, 50.163291970793274 ] ] } },
{ "type": "Feature", "properties": { "u": -0.51965733637946288, "v": 2.7934317251586434, "speed": 2.8413561111511161, "direction": -10.538174815731757, "timestamp": "20240805T00" }, "geometry": { "type": "LineString", "coordinates": [ [ -117.0, 50.25 ], [ -117.036607069716894, 50.37583025789003 ] ] } },
{ "type": "Feature", "properties": { "u": -0.28231558659451572, "v": 2.1285679780682427, "speed": 2.1472083568419094, "direction": -7.5551412327903744, "timestamp": "20240805T00" }, "geometry": { "type": "LineString", "coordinates": [ [ -117.0, 50.5 ], [ -117.019992695724611, 50.595881440453525 ] ] } },
{ "type": "Feature", "properties": { "u": 0.66554870231685392, "v": 1.878042615055326, "speed": 1.9924856684853458, "direction": 19.513524325694338, "timestamp": "20240805T00" }, "geometry": { "type": "LineString", "coordinates": [ [ -117.0, 50.75 ], [ -116.952616692286043, 50.834596514191681 ] ] } },
{ "type": "Feature", "properties": { "u": 0.72736753588503533, "v": 1.4868025793437873, "speed": 1.6551874341604962, "direction": 26.06861766687177, "timestamp": "20240805T00" }, "geometry": { "type": "LineString", "coordinates": [ [ -117.0, 51.0 ], [ -116.947937006516526, 51.066973089159632 ] ] } },
{ "type": "Feature", "properties": { "u": 1.1444986790777687, "v": 0.94812727942690711, "speed": 1.4862108075250382, "direction": 50.360919857915491, "timestamp": "20240805T00" }, "geometry": { "type": "LineString", "coordinates": [ [ -117.0, 51.25 ], [ -116.917635307119639, 51.292708436010223 ] ] } },
{ "type": "Feature", "properties": { "u": 1.7900929990184737, "v": 1.4121077356544343, "speed": 2.2800178074370487, "direction": 51.731997991264272, "timestamp": "20240805T00" }, "geometry": { "type": "LineString", "coordinates": [ [ -117.0, 51.5 ], [ -116.870469198586008, 51.563608456561013 ] ] } },
{ "type": "Feature", "properties": { "u": 3.0492063477639109, "v": 2.7567520279719466, "speed": 4.1106375533451214, "direction": 47.883632087989341, "timestamp": "20240805T00" }, "geometry": { "type": "LineString", "coordinates": [ [ -117.0, 51.75 ], [ -116.778140882430236, 51.874178019278013 ] ] } },
{ "type": "Feature", "properties": { "u": 1.2023233706733265, "v": 1.899617297559975, "speed": 2.2481386444915561, "direction": 32.330916674543261, "timestamp": "20240805T00" }, "geometry": { "type": "LineString", "coordinates": [ [ -117.0, 52.0 ], [ -116.912031672337392, 52.085568346736935 ] ] } },
{ "type": "Feature", "properties": { "u": -1.1444853020325805, "v": -0.5046381394027708, "speed": 1.2508022458840156, "direction": -113.79413136308632, "timestamp": "20240805T00" }, "geometry": { "type": "LineString", "coordinates": [ [ -117.0, 52.25 ], [ -117.084207672120186, 52.227268552279156 ] ] } },
{ "type": "Feature", "properties": { "u": -2.8856956251219272, "v": -2.3862789929444195, "speed": 3.7445382456339877, "direction": -129.58849270817547, "timestamp": "20240805T00" }, "geometry": { "type": "LineString", "coordinates": [ [ -117.0, 52.5 ], [ -117.213525830030932, 52.392509955272772 ] ] } },
{ "type": "Feature", "properties": { "u": -4.9696768500674233, "v": -2.3100388765068187, "speed": 5.4803255017443036, "direction": -114.93026669587032, "timestamp": "20240805T00" }, "geometry": { "type": "LineString", "coordinates": [ [ -117.0, 52.75 ], [ -117.369835686447857, 52.645944194751948 ] ] } },
{ "type": "Feature", "properties": { "u": -6.8567289652074157, "v": -1.3656307147730991, "speed": 6.9914003855769868, "direction": -101.26400590338625, "timestamp": "20240805T00" }, "geometry": { "type": "LineString", "coordinates": [ [ -117.0, 53.0 ], [ -117.513216940783153, 52.938485102938145 ] ] } },
{ "type": "Feature", "properties": { "u": -7.9908232565834281, "v": -1.9079991290035261, "speed": 8.2154559821249613, "direction": -103.42928437549362, "timestamp": "20240805T00" }, "geometry": { "type": "LineString", "coordinates": [ [ -117.0, 53.25 ], [ -117.601591499324101, 53.164054093288129 ] ] } },
{ "type": "Feature", "properties": { "u": -8.3035750528510892, "v": -2.9706267827904318, "speed": 8.8189558418762246, "direction": -109.68480921601211, "timestamp": "20240805T00" }, "geometry": { "type": "LineString", "coordinates": [ [ -117.0, 53.5 ], [ -117.628817390021993, 53.366187982757189 ] ] } },
{ "type": "Feature", "properties": { "u": -8.1783398627275403, "v": -4.0207259657248695, "speed": 9.1132584843036515, "direction": -116.18016495195783, "timestamp": "20240805T00" }, "geometry": { "type": "LineString", "coordinates": [ [ -117.0, 53.75 ], [ -117.623013151450778, 53.568886217760138 ] ] } },
{ "type": "Feature", "properties": { "u": -7.4634414174671786, "v": -4.5972937756789776, "speed": 8.7657325907114672, "direction": -121.63203341206223, "timestamp": "20240805T00" }, "geometry": { "type": "LineString", "coordinates": [ [ -117.0, 54.0 ], [ -117.571962385122205, 53.792914694789232 ] ] } },
{ "type": "Feature", "properties": { "u": -5.5830604808811488, "v": -3.8132808983428643, "speed": 6.7610410102914926, "direction": -124.33343010076118, "timestamp": "20240805T00" }, "geometry": { "type": "LineString", "coordinates": [ [ -117.0, 54.25 ], [ -117.43044818960422, 54.078230590164736 ] ] } },
{ "type": "Feature", "properties": { "u": -4.3428032208202731, "v": -2.0264533471333843, "speed": 4.7923327287319104, "direction": -115.0148549836891, "timestamp": "20240805T00" }, "geometry": { "type": "LineString", "coordinates": [ [ -117.0, 54.5 ], [ -117.336870623405247, 54.408718317696696 ] ] } },
{ "type": "Feature", "properties": { "u": -4.2225401433627185, "v": -0.77310934162644684, "speed": 4.2927314517006216, "direction": -100.37542727152008, "timestamp": "20240805T00" }, "geometry": { "type": "LineString", "coordinates": [ [ -117.0, 54.75 ], [ -117.329560939336616, 54.715175254881693 ] ] } },
{ "type": "Feature", "properties": { "u": -4.5571255723937636, "v": -0.95112603384142658, "speed": 4.6553232127120996, "direction": -101.78907172513026, "timestamp": "20240805T00" }, "geometry": { "type": "LineString", "coordinates": [ [ -117.0, 55.0 ], [ -117.357887656596077, 54.957156484962098 ] ] } },
{ "type": "Feature", "properties": { "u": 1.0868436229219158, "v": 2.3737665991530958, "speed": 2.6107464311841722, "direction": 24.600966207135819, "timestamp": "20240805T00" }, "geometry": { "type": "LineString", "coordinates": [ [ -116.75, 50.0 ], [ -116.673836553141854, 50.106926423385275 ] ] } },
{ "type": "Feature", "properties": { "u": 1.2639961239326318, "v": 2.0176918821605105, "speed": 2.3809172040734934, "direction": 32.065352413962103, "timestamp": "20240805T00" }, "geometry": { "type": "LineString", "coordinates": [ [ -116.75, 50.25 ], [ -116.660958258468824, 50.340887021718942 ] ] } },
{ "type": "Feature", "properties": { "u": 0.88779801840053096, "v": 2.2368259987097114, "speed": 2.4065693154321584, "direction": 21.648167346038129, "timestamp": "20240805T00" }, "geometry": { "type": "LineString", "coordinates": [ [ -116.75, 50.5 ], [ -116.687128956070381, 50.600757927869807 ] ] } },
{ "type": "Feature", "properties": { "u": 0.44030431384132346, "v": 2.2793297442705605, "speed": 2.321467633180307, "direction": 10.933313945417874, "timestamp": "20240805T00" }, "geometry": { "type": "LineString", "coordinates": [ [ -116.75, 50.75 ], [ -116.718652820270108, 50.852672511003178 ] ] } },
{ "type": "Feature", "properties": { "u": 0.34132260153099508, "v": 1.7750665155571927, "speed": 1.8075846461419836, "direction": 10.88439577941131, "timestamp": "20240805T00" }, "geometry": { "type": "LineString", "coordinates": [ [ -116.75, 51.0 ], [ -116.725569054841515, 51.079957951151222 ] ] } },
{ "type": "Feature", "properties": { "u": 1.0784153594454229, "v": 1.0704560467335043, "speed": 1.5194919662427053, "direction": 45.212219744484429, "timestamp": "20240805T00" }, "geometry": { "type": "LineString", "coordinates": [ [ -116.75, 51.25 ], [ -116.672391042032686, 51.298218740843851 ] ] } },
{ "type": "Feature", "properties": { "u": 2.6995948227761528, "v": 1.4023993035735856, "speed": 3.0421268898294636, "direction": 62.548795271642099, "timestamp": "20240805T00" }, "geometry": { "type": "LineString", "coordinates": [ [ -116.75, 51.5 ], [ -116.554657813265024, 51.563171139800609 ] ] } },
{ "type": "Feature", "properties": { "u": 2.6344403996253325, "v": 1.8832362741813911, "speed": 3.2383414093592244, "direction": 54.440825088366502, "timestamp": "20240805T00" }, "geometry": { "type": "LineString", "coordinates": [ [ -116.75, 51.75 ], [ -116.558319098253335, 51.834830462800966 ] ] } },
{ "type": "Feature", "properties": { "u": 0.30057125134428542, "v": 1.1897369948644241, "speed": 1.227117432882322, "direction": 14.17834127146067, "timestamp": "20240805T00" }, "geometry": { "type": "LineString", "coordinates": [ [ -116.75, 52.0 ], [ -116.728008619836274, 52.053591756525428 ] ] } },
{ "type": "Feature", "properties": { "u": -2.4018397960709632, "v": -0.59629775695692488, "speed": 2.4747536081279011, "direction": -103.94275705286888, "timestamp": "20240805T00" }, "geometry": { "type": "LineString", "coordinates": [ [ -116.75, 52.25 ], [ -116.926719908655485, 52.223139740677617 ] ] } },
{ "type": "Feature", "properties": { "u": -3.7800272620754338, "v": -1.8646788485680492, "speed": 4.2149298108427109, "direction": -116.25701866987892, "timestamp": "20240805T00" }, "geometry": { "type": "LineString", "coordinates": [ [ -116.75, 52.5 ], [ -117.029701522103579, 52.416005457271709 ] ] } },
{ "type": "Feature", "properties": { "u": -5.1298457157819817, "v": -2.1269005852627854, "speed": 5.5532894006451645, "direction": -112.5195304399146, "timestamp": "20240805T00" }, "geometry": { "type": "LineString", "coordinates": [ [ -116.75, 52.75 ], [ -117.131755206405842, 52.654193667330503 ] ] } },
{ "type": "Feature", "properties": { "u": -7.4652721521659489, "v": -1.6164512100107604, "speed": 7.6382722405168089, "direction": -102.21761258844337, "timestamp": "20240805T00" }, "geometry": { "type": "LineString", "coordinates": [ [ -116.75, 53.0 ], [ -117.308765579839758, 52.927186882431947 ] ] } },
{ "type": "Feature", "properties": { "u": -8.4788841201416538, "v": -2.168580779209611, "speed": 8.7518122991039782, "direction": -104.34656615331031, "timestamp": "20240805T00" }, "geometry": { "type": "LineString", "coordinates": [ [ -116.75, 53.25 ], [ -117.388335306218778, 53.152316181116682 ] ] } },
{ "type": "Feature", "properties": { "u": -8.3870210440980681, "v": -3.2774585583425795, "speed": 9.0046574946411404, "direction": -111.34443645375772, "timestamp": "20240805T00" }, "geometry": { "type": "LineString", "coordinates": [ [ -116.75, 53.5 ], [ -117.385136630841728, 53.352366731606189 ] ] } },
{ "type": "Feature", "properties": { "u": -8.3856990299052079, "v": -4.2295587127338585, "speed": 9.391970779587, "direction": -116.76535381628237, "timestamp": "20240805T00" }, "geometry": { "type": "LineString", "coordinates": [ [ -116.75, 53.75 ], [ -117.388809448791562, 53.559479337264243 ] ] } },
{ "type": "Feature", "properties": { "u": -7.4985382229856379, "v": -4.5248064376622388, "speed": 8.7579648766072502, "direction": -121.10783686682646, "timestamp": "20240805T00" }, "geometry": { "type": "LineString", "coordinates": [ [ -116.75, 54.0 ], [ -117.324652036111843, 53.796179890195397 ] ] } },
{ "type": "Feature", "properties": { "u": -5.2912055686095334, "v": -3.2557763092296956, "speed": 6.2126432172647634, "direction": -121.60475168722341, "timestamp": "20240805T00" }, "geometry": { "type": "LineString", "coordinates": [ [ -116.75, 54.25 ], [ -117.157946477676745, 54.103343409494158 ] ] } },
{ "type": "Feature", "properties": { "u": -3.955281523082772, "v": -1.3257564409222493, "speed": 4.1715563123955075, "direction": -108.53044950968639, "timestamp": "20240805T00" }, "geometry": { "type": "LineString", "coordinates": [ [ -116.75, 54.5 ], [ -117.05681062085344, 54.440281241399902 ] ] } },
{ "type": "Feature", "properties": { "u": -4.0908121117823244, "v": -0.013074481895544297, "speed": 4.0908330051447708, "direction": -90.183120138691805, "timestamp": "20240805T00" }, "geometry": { "type": "LineString", "coordinates": [ [ -116.75, 54.75 ], [ -117.069279825989994, 54.749411059374076 ] ] } },
{ "type": "Feature", "properties": { "u": -4.5977809831313294, "v": 0.14063135786534975, "speed": 4.5999312111877444, "direction": -88.248052277797299, "timestamp": "20240805T00" }, "geometry": { "type": "LineString", "coordinates": [ [ -116.75, 55.0 ], [ -117.111080473964321, 55.006334745849792 ] ] } },
{ "type": "Feature", "properties": { "u": 0.32753419758794844, "v": 1.6373823821934128, "speed": 1.6698202646114213, "direction": 11.311874572307142, "timestamp": "20240805T00" }, "geometry": { "type": "LineString", "coordinates": [ [ -116.5, 50.0 ], [ -116.477047173184715, 50.073755963161865 ] ] } },
{ "type": "Feature", "properties": { "u": 0.23899136559644468, "v": 1.8993552356185597, "speed": 1.9143320464071243, "direction": 7.1717016889452898, "timestamp": "20240805T00" }, "geometry": { "type": "LineString", "coordinates": [ [ -116.5, 50.25 ], [ -116.483164341250188, 50.335556542144978 ] ] } },
{ "type": "Feature", "properties": { "u": 0.29609315655730684, "v": 2.5131282198194254, "speed": 2.5305107402682219, "direction": 6.7195289544707144, "timestamp": "20240805T00" }, "geometry": { "type": "LineString", "coordinates": [ [ -116.5, 50.5 ], [ -116.479031620405379, 50.613203973865737 ] ] } },
{ "type": "Feature", "properties": { "u": -0.20057182287584224, "v": 2.7270371675392444, "speed": 2.734403183378816, "direction": -4.2064934797702556, "timestamp": "20240805T00" }, "geometry": { "type": "LineString", "coordinates": [ [ -116.5, 50.75 ], [ -116.514279580696339, 50.872839512051314 ] ] } },
{ "type": "Feature", "properties": { "u": 0.001566538119190386, "v": 2.3130188532431077, "speed": 2.3130193837276289, "direction": 0.038804702705554639, "timestamp": "20240805T00" }, "geometry": { "type": "LineString", "coordinates": [ [ -116.5, 51.0 ], [ -116.499887871454433, 51.104190038434375 ] ] } },
{ "type": "Feature", "properties": { "u": 1.0616301868012739, "v": 1.4426056478343108, "speed": 1.7911364293908933, "direction": 36.349781719943067, "timestamp": "20240805T00" }, "geometry": { "type": "LineString", "coordinates": [ [ -116.5, 51.25 ], [ -116.423598999381227, 51.314982236388936 ] ] } },
{ "type": "Feature", "properties": { "u": 2.9798500808445225, "v": 1.4335314095593628, "speed": 3.3067383940224784, "direction": 64.308955374709939, "timestamp": "20240805T00" }, "geometry": { "type": "LineString", "coordinates": [ [ -116.5, 51.5 ], [ -116.284378594141785, 51.564573486917091 ] ] } },
{ "type": "Feature", "properties": { "u": 2.27144055733282, "v": 0.77064858080196175, "speed": 2.398612398989989, "direction": 71.259083715756802, "timestamp": "20240805T00" }, "geometry": { "type": "LineString", "coordinates": [ [ -116.5, 51.75 ], [ -116.334730831505851, 51.784713900036124 ] ] } },
{ "type": "Feature", "properties": { "u": -1.6328905072493414, "v": -0.045229111515566418, "speed": 1.6335167832604287, "direction": -91.586618794752738, "timestamp": "20240805T00" }, "geometry": { "type": "LineString", "coordinates": [ [ -116.5, 52.0 ], [ -116.619470893340804, 51.997962652634435 ] ] } },
{ "type": "Feature", "properties": { "u": -2.8804205040768363, "v": -0.49551213883796363, "speed": 2.9227306684061789, "direction": -99.760923223315217, "timestamp": "20240805T00" }, "geometry": { "type": "LineString", "coordinates": [ [ -116.5, 52.25 ], [ -116.71193238999642, 52.227679633385677 ] ] } },
{ "type": "Feature", "properties": { "u": -3.7777853357873927, "v": -1.5051155280619382, "speed": 4.0665753154347737, "direction": -111.7229373801374, "timestamp": "20240805T00" }, "geometry": { "type": "LineString", "coordinates": [ [ -116.5, 52.5 ], [ -116.779535631713969, 52.432202003240455 ] ] } },
{ "type": "Feature", "properties": { "u": -5.8096350638065486, "v": -2.1726938325658924, "speed": 6.2026170335335378, "direction": -110.50484782842503, "timestamp": "20240805T00" }, "geometry": { "type": "LineString", "coordinates": [ [ -116.5, 52.75 ], [ -116.932344081246512, 52.652130908442977 ] ] } },
{ "type": "Feature", "properties": { "u": -8.6148155890857492, "v": -2.6094433051388379, "speed": 9.0013466768416794, "direction": -106.85165603264831, "timestamp": "20240805T00" }, "geometry": { "type": "LineString", "coordinates": [ [ -116.5, 53.0 ], [ -117.144807359963636, 52.882457508777527 ] ] } },
{ "type": "Feature", "properties": { "u": -8.7339768379371012, "v": -2.7689661400484593, "speed": 9.1623973331413993, "direction": -107.59037646376012, "timestamp": "20240805T00" }, "geometry": { "type": "LineString", "coordinates": [ [ -116.5, 53.25 ], [ -117.15754003715044, 53.125271795493312 ] ] } },
{ "type": "Feature", "properties": { "u": -8.3279470672533282, "v": -3.3479298601944163, "speed": 8.9757081449741172, "direction": -111.90069062155632, "timestamp": "20240805T00" }, "geometry": { "type": "LineString", "coordinates": [ [ -116.5, 53.5 ], [ -117.130663046427642, 53.349192348639889 ] ] } },
{ "type": "Feature", "properties": { "u": -8.4628674019298682, "v": -4.399924243450533, "speed": 9.5383152606081829, "direction": -117.47034499017946, "timestamp": "20240805T00" }, "geometry": { "type": "LineString", "coordinates": [ [ -116.5, 53.75 ], [ -117.144688014790816, 53.551805214258984 ] ] } },
{ "type": "Feature", "properties": { "u": -7.3700631367200495, "v": -4.3472848655505629, "speed": 8.5566767112872011, "direction": -120.53453565384011, "timestamp": "20240805T00" }, "geometry": { "type": "LineString", "coordinates": [ [ -116.5, 54.0 ], [ -117.064806321158244, 53.804176357407634 ] ] } },
{ "type": "Feature", "properties": { "u": -5.2598262856632152, "v": -2.637721515890906, "speed": 5.8841607176170427, "direction": -116.6330566328941, "timestamp": "20240805T00" }, "geometry": { "type": "LineString", "coordinates": [ [ -116.5, 54.25 ], [ -116.905527167411066, 54.131183715500413 ] ] } },
{ "type": "Feature", "properties": { "u": -3.9600641969578954, "v": -0.57199118038473085, "speed": 4.0011601260716496, "direction": -98.218952829123594, "timestamp": "20240805T00" }, "geometry": { "type": "LineString", "coordinates": [ [ -116.5, 54.5 ], [ -116.807181612180443, 54.4742346315142 ] ] } },
{ "type": "Feature", "properties": { "u": -3.9589334113406851, "v": 0.68548014281802305, "speed": 4.0178398153270631, "direction": -80.176763141633486, "timestamp": "20240805T00" }, "geometry": { "type": "LineString", "coordinates": [ [ -116.5, 54.75 ], [ -116.808986953235575, 54.780877483910722 ] ] } },
{ "type": "Feature", "properties": { "u": -4.5701752156436894, "v": 1.3014080009231117, "speed": 4.7518590347937018, "direction": -74.105109945223035, "timestamp": "20240805T00" }, "geometry": { "type": "LineString", "coordinates": [ [ -116.5, 55.0 ], [ -116.858912492573921, 55.058621982023567 ] ] } },
{ "type": "Feature", "properties": { "u": 0.12147047908692848, "v": 1.6669415650488704, "speed": 1.6713614984727827, "direction": 4.16779214510386, "timestamp": "20240805T00" }, "geometry": { "type": "LineString", "coordinates": [ [ -116.25, 50.0 ], [ -116.241487634298394, 50.075087457885083 ] ] } },
{ "type": "Feature", "properties": { "u": 0.021300555555322953, "v": 1.9215478585266359, "speed": 1.9216659143241486, "direction": 0.63510359327431654, "timestamp": "20240805T00" }, "geometry": { "type": "LineString", "coordinates": [ [ -116.25, 50.25 ], [ -116.248499490207038, 50.336556209843543 ] ] } },
{ "type": "Feature", "properties": { "u": -0.30225972494820519, "v": 2.0692736199879151, "speed": 2.0912327119915792, "direction": -8.3104472809166641, "timestamp": "20240805T00" }, "geometry": { "type": "LineString", "coordinates": [ [ -116.25, 50.5 ], [ -116.271405076438, 50.593210523422876 ] ] } },
{ "type": "Feature", "properties": { "u": -1.2209746193474116, "v": 3.0712852848653744, "speed": 3.3050828010991102, "direction": -21.680055554288778, "timestamp": "20240805T00" }, "geometry": { "type": "LineString", "coordinates": [ [ -116.25, 50.75 ], [ -116.336926495233286, 50.888346184002948 ] ] } },
{ "type": "Feature", "properties": { "u": -0.27826288610607691, "v": 2.6891494300555374, "speed": 2.7035078862381936, "direction": -5.9077224565957192, "timestamp": "20240805T00" }, "geometry": { "type": "LineString", "coordinates": [ [ -116.25, 51.0 ], [ -116.269917301929624, 51.121132857209709 ] ] } },
{ "type": "Feature", "properties": { "u": 1.763319494898673, "v": 2.0554717946049461, "speed": 2.7081838821443034, "direction": 40.625173098423943, "timestamp": "20240805T00" }, "geometry": { "type": "LineString", "coordinates": [ [ -116.25, 51.25 ], [ -116.123101409986489, 51.342588819576797 ] ] } },
{ "type": "Feature", "properties": { "u": 3.3160512727844895, "v": 1.4218936031735128, "speed": 3.6080434396610843, "direction": 66.790772304425275, "timestamp": "20240805T00" }, "geometry": { "type": "LineString", "coordinates": [ [ -116.25, 51.5 ], [ -116.010051137494443, 51.564049261404215 ] ] } },
{ "type": "Feature", "properties": { "u": 1.0083935119673595, "v": 0.47073104999537241, "speed": 1.1128545261657568, "direction": 64.976229026087836, "timestamp": "20240805T00" }, "geometry": { "type": "LineString", "coordinates": [ [ -116.25, 51.75 ], [ -116.17662966384934, 51.771204101351145 ] ] } },
{ "type": "Feature", "properties": { "u": -2.3313409586624876, "v": -0.078166658804613057, "speed": 2.3326510009184838, "direction": -91.920329380030836, "timestamp": "20240805T00" }, "geometry": { "type": "LineString", "coordinates": [ [ -116.25, 52.0 ], [ -116.42057321711215, 51.996478979333126 ] ] } },
{ "type": "Feature", "properties": { "u": -2.977745797624693, "v": 0.13562455865021283, "speed": 2.9808327789697606, "direction": -87.392205811363183, "timestamp": "20240805T00" }, "geometry": { "type": "LineString", "coordinates": [ [ -116.25, 52.25 ], [ -116.469093282664531, 52.256109214353614 ] ] } },
{ "type": "Feature", "properties": { "u": -4.2014458026375863, "v": -1.1953129711109136, "speed": 4.368171234213122, "direction": -105.88107336271909, "timestamp": "20240805T00" }, "geometry": { "type": "LineString", "coordinates": [ [ -116.25, 52.5 ], [ -116.560884209175839, 52.446157073373385 ] ] } },
{ "type": "Feature", "properties": { "u": -6.7682014542962889, "v": -2.1623652485255018, "speed": 7.1052357029143769, "direction": -107.71810402383292, "timestamp": "20240805T00" }, "geometry": { "type": "LineString", "coordinates": [ [ -116.25, 52.75 ], [ -116.753679113629502, 52.652596159976326 ] ] } },
{ "type": "Feature", "properties": { "u": -9.2534821898880164, "v": -2.8810175621622589, "speed": 9.6916043476847573, "direction": -107.29367149037985, "timestamp": "20240805T00" }, "geometry": { "type": "LineString", "coordinates": [ [ -116.25, 53.0 ], [ -116.942610696030627, 52.870224434136837 ] ] } },
{ "type": "Feature", "properties": { "u": -9.2468036750098861, "v": -2.9068480993998738, "speed": 9.692943003915838, "direction": -107.45119108995503, "timestamp": "20240805T00" }, "geometry": { "type": "LineString", "coordinates": [ [ -116.25, 53.25 ], [ -116.946148357707912, 53.119060896423427 ] ] } },
{ "type": "Feature", "properties": { "u": -8.4518084481441633, "v": -3.3291092835214711, "speed": 9.0838336987061741, "direction": -111.49913965719421, "timestamp": "20240805T00" }, "geometry": { "type": "LineString", "coordinates": [ [ -116.25, 53.5 ], [ -116.890042884601016, 53.3500401223639 ] ] } },
{ "type": "Feature", "properties": { "u": -8.3651814175996471, "v": -4.1644563969468535, "speed": 9.3444613130680789, "direction": -116.46559891778638, "timestamp": "20240805T00" }, "geometry": { "type": "LineString", "coordinates": [ [ -116.25, 53.75 ], [ -116.887246449146488, 53.562411874011403 ] ] } },
{ "type": "Feature", "properties": { "u": -7.066656393656876, "v": -4.1239406573759858, "speed": 8.1819630365560982, "direction": -120.26686784574858, "timestamp": "20240805T00" }, "geometry": { "type": "LineString", "coordinates": [ [ -116.25, 54.0 ], [ -116.791554682307236, 53.814236907325409 ] ] } },
{ "type": "Feature", "properties": { "u": -5.239762986386638, "v": -2.3686153395138549, "speed": 5.7502569316585985, "direction": -114.32516992780427, "timestamp": "20240805T00" }, "geometry": { "type": "LineString", "coordinates": [ [ -116.25, 54.25 ], [ -116.653980307784408, 54.143305615337212 ] ] } },
{ "type": "Feature", "properties": { "u": -4.3135916987381586, "v": -0.16192445922194482, "speed": 4.3166298050582323, "direction": -92.14977093523386, "timestamp": "20240805T00" }, "geometry": { "type": "LineString", "coordinates": [ [ -116.25, 54.5 ], [ -116.58460468982409, 54.492706105440455 ] ] } },
{ "type": "Feature", "properties": { "u": -4.0756950318865073, "v": 1.3265876946462654, "speed": 4.286155025723084, "direction": -71.970579924858328, "timestamp": "20240805T00" }, "geometry": { "type": "LineString", "coordinates": [ [ -116.25, 54.75 ], [ -116.568099967686379, 54.809756202461543 ] ] } },
{ "type": "Feature", "properties": { "u": -4.3255207832312639, "v": 2.1936334529532084, "speed": 4.8499647186429122, "direction": -63.10872844327919, "timestamp": "20240805T00" }, "geometry": { "type": "LineString", "coordinates": [ [ -116.25, 55.0 ], [ -116.589698889590849, 55.098812317700592 ] ] } },
{ "type": "Feature", "properties": { "u": -1.6411016257609183, "v": 2.4957237343622078, "speed": 2.9869468532824572, "direction": -33.327536646608493, "timestamp": "20240805T00" }, "geometry": { "type": "LineString", "coordinates": [ [ -116.0, 50.0 ], [ -116.115004545112413, 50.112419988034333 ] ] } },
{ "type": "Feature", "properties": { "u": -1.6656391303889577, "v": 2.1593841568562362, "speed": 2.7271401961697168, "direction": -37.644767668395225, "timestamp": "20240805T00" }, "geometry": { "type": "LineString", "coordinates": [ [ -116.0, 50.25 ], [ -116.11733533523099, 50.347269556615146 ] ] } },
{ "type": "Feature", "properties": { "u": -1.2257722855668824, "v": 2.2296340242877748, "speed": 2.5443634917844498, "direction": -28.800406664275407, "timestamp": "20240805T00" }, "geometry": { "type": "LineString", "coordinates": [ [ -116.0, 50.5 ], [ -116.086805311136445, 50.600433965058009 ] ] } },
{ "type": "Feature", "properties": { "u": -0.86819736753024246, "v": 2.9672120297642932, "speed": 3.0916199473034167, "direction": -16.309318061187369, "timestamp": "20240805T00" }, "geometry": { "type": "LineString", "coordinates": [ [ -116.0, 50.75 ], [ -116.061810747851993, 50.883658199538935 ] ] } },
{ "type": "Feature", "properties": { "u": 0.4652832021830936, "v": 2.6098056638025664, "speed": 2.6509571971364809, "direction": 10.108639183335296, "timestamp": "20240805T00" }, "geometry": { "type": "LineString", "coordinates": [ [ -116.0, 51.0 ], [ -115.966696291588335, 51.117558813684802 ] ] } },
{ "type": "Feature", "properties": { "u": 1.5533868812108547, "v": 2.8117080449342788, "speed": 3.2122753513150348, "direction": 28.919373057889814, "timestamp": "20240805T00" }, "geometry": { "type": "LineString", "coordinates": [ [ -116.0, 51.25 ], [ -115.888209365607636, 51.376653515537583 ] ] } },
{ "type": "Feature", "properties": { "u": 1.9297965859601858, "v": 2.109869366370662, "speed": 2.8593117364731202, "direction": 42.44766401494288, "timestamp": "20240805T00" }, "geometry": { "type": "LineString", "coordinates": [ [ -116.0, 51.5 ], [ -115.860360272632505, 51.595039160647325 ] ] } },
{ "type": "Feature", "properties": { "u": -0.70813409482626488, "v": 1.266525675504919, "speed": 1.4510483048364051, "direction": -29.210230794214841, "timestamp": "20240805T00" }, "geometry": { "type": "LineString", "coordinates": [ [ -116.0, 51.75 ], [ -116.051523572851806, 51.807050706103823 ] ] } },
{ "type": "Feature", "properties": { "u": -2.8860296987364036, "v": 1.1601025011173991, "speed": 3.1104670445268154, "direction": -68.101264720411336, "timestamp": "20240805T00" }, "geometry": { "type": "LineString", "coordinates": [ [ -116.0, 52.0 ], [ -116.211157174829154, 52.052256869419701 ] ] } },
{ "type": "Feature", "properties": { "u": -3.1429093300065549, "v": 0.95694243426235959, "speed": 3.28536419276984, "direction": -73.065733006687211, "timestamp": "20240805T00" }, "geometry": { "type": "LineString", "coordinates": [ [ -116.0, 52.25 ], [ -116.231245502143736, 52.293105515056865 ] ] } },
{ "type": "Feature", "properties": { "u": -4.8045778813646498, "v": -0.41229063331330562, "speed": 4.8222351855147334, "direction": -94.904652513164535, "timestamp": "20240805T00" }, "geometry": { "type": "LineString", "coordinates": [ [ -116.0, 52.5 ], [ -116.355512712822346, 52.481428349850752 ] ] } },
{ "type": "Feature", "properties": { "u": -8.0310216124407923, "v": -2.145477601522324, "speed": 8.312663969999333, "direction": -104.95720308209134, "timestamp": "20240805T00" }, "geometry": { "type": "LineString", "coordinates": [ [ -116.0, 52.75 ], [ -116.597656242150691, 52.653356864796294 ] ] } },
{ "type": "Feature", "properties": { "u": -9.474529496360228, "v": -2.7743303181546928, "speed": 9.8723663775020185, "direction": -106.32107833510939, "timestamp": "20240805T00" }, "geometry": { "type": "LineString", "coordinates": [ [ -116.0, 53.0 ], [ -116.709155789612666, 52.875030165848891 ] ] } },
{ "type": "Feature", "properties": { "u": -9.2776943555170153, "v": -2.9368626816877152, "speed": 9.7314323182911906, "direction": -107.56523118322845, "timestamp": "20240805T00" }, "geometry": { "type": "LineString", "coordinates": [ [ -116.0, 53.25 ], [ -116.698473971753515, 53.117708888212263 ] ] } },
{ "type": "Feature", "properties": { "u": -8.545779815657701, "v": -3.2757060362373318, "speed": 9.1520818775590218, "direction": -110.97246326628111, "timestamp": "20240805T00" }, "geometry": { "type": "LineString", "coordinates": [ [ -116.0, 53.5 ], [ -116.647159196512519, 53.352445674043366 ] ] } },
{ "type": "Feature", "properties": { "u": -8.2450764387924291, "v": -3.9989622201698838, "speed": 9.1636774452113983, "direction": -115.87394862945847, "timestamp": "20240805T00" }, "geometry": { "type": "LineString", "coordinates": [ [ -116.0, 53.75 ], [ -116.628097039534325, 53.569866566659016 ] ] } },
{ "type": "Feature", "properties": { "u": -6.8742248173438423, "v": -3.8641760283734246, "speed": 7.885862236790711, "direction": -119.34144450015567, "timestamp": "20240805T00" }, "geometry": { "type": "LineString", "coordinates": [ [ -116.0, 54.0 ], [ -116.526807648438492, 53.825938016739933 ] ] } },
{ "type": "Feature", "properties": { "u": -5.3464846451909569, "v": -2.3135641477634579, "speed": 5.8255881357232191, "direction": -113.39940102968561, "timestamp": "20240805T00" }, "geometry": { "type": "LineString", "coordinates": [ [ -116.0, 54.25 ], [ -116.412208437316792, 54.145785398749396 ] ] } },
{ "type": "Feature", "properties": { "u": -4.6573497331850078, "v": -0.27511926644769397, "speed": 4.6654685882523292, "direction": -93.380651396515859, "timestamp": "20240805T00" }, "geometry": { "type": "LineString", "coordinates": [ [ -116.0, 54.5 ], [ -116.3612699512869, 54.487607240250107 ] ] } },
{ "type": "Feature", "properties": { "u": -4.2528426938759107, "v": 1.5810537492928998, "speed": 4.5372240342534171, "direction": -69.60667867739599, "timestamp": "20240805T00" }, "geometry": { "type": "LineString", "coordinates": [ [ -116.0, 54.75 ], [ -116.331925993704928, 54.821218637355535 ] ] } },
{ "type": "Feature", "properties": { "u": -4.0751458912323626, "v": 2.7184901109638746, "speed": 4.8986735468120743, "direction": -56.293133580646263, "timestamp": "20240805T00" }, "geometry": { "type": "LineString", "coordinates": [ [ -116.0, 55.0 ], [ -116.320036038097186, 55.12245450950288 ] ] } },
{ "type": "Feature", "properties": { "u": -2.6588183578228204, "v": 2.5585367149833771, "speed": 3.6899085600883894, "direction": -46.101134082557564, "timestamp": "20240805T00" }, "geometry": { "type": "LineString", "coordinates": [ [ -115.75, 50.0 ], [ -115.936323741917064, 50.115249401575831 ] ] } },
{ "type": "Feature", "properties": { "u": -2.3811503459128338, "v": 2.7073083658498649, "speed": 3.6054674534159195, "direction": -41.332494879621123, "timestamp": "20240805T00" }, "geometry": { "type": "LineString", "coordinates": [ [ -115.75, 50.25 ], [ -115.917739259348352, 50.371950827290533 ] ] } },
{ "type": "Feature", "properties": { "u": -1.3858989830578305, "v": 2.7659393093705429, "speed": 3.0937253036366892, "direction": -26.613574885728394, "timestamp": "20240805T00" }, "geometry": { "type": "LineString", "coordinates": [ [ -115.75, 50.5 ], [ -115.848144976717577, 50.624591860782459 ] ] } },
{ "type": "Feature", "properties": { "u": -0.011426492365126717, "v": 2.4032053677390692, "speed": 2.4032325322901333, "direction": -0.27242151772732232, "timestamp": "20240805T00" }, "geometry": { "type": "LineString", "coordinates": [ [ -115.75, 50.75 ], [ -115.750813501704599, 50.858252494042297 ] ] } },
{ "type": "Feature", "properties": { "u": 0.6309197627842198, "v": 2.829863953169804, "speed": 2.8993429842848064, "direction": 12.568568641324322, "timestamp": "20240805T00" }, "geometry": { "type": "LineString", "coordinates": [ [ -115.75, 51.0 ], [ -115.704840476268359, 51.12747134924188 ] ] } },
{ "type": "Feature", "properties": { "u": 1.5683159272023874, "v": 3.1417182469390985, "speed": 3.5114111679874185, "direction": 26.527934776971538, "timestamp": "20240805T00" }, "geometry": { "type": "LineString", "coordinates": [ [ -115.75, 51.25 ], [ -115.637134985784783, 51.391518839952212 ] ] } },
{ "type": "Feature", "properties": { "u": 0.13425849557516023, "v": 2.9886762420319508, "speed": 2.9916903287807597, "direction": 2.572134378971644, "timestamp": "20240805T00" }, "geometry": { "type": "LineString", "coordinates": [ [ -115.75, 51.5 ], [ -115.740285079860087, 51.634625055947389 ] ] } },
{ "type": "Feature", "properties": { "u": -2.3904367776959305, "v": 2.9846320389166148, "speed": 3.8239006780889135, "direction": -38.691763277054747, "timestamp": "20240805T00" }, "geometry": { "type": "LineString", "coordinates": [ [ -115.75, 51.75 ], [ -115.923927289143563, 51.884442884635881 ] ] } },
{ "type": "Feature", "properties": { "u": -3.5402796725001755, "v": 3.0218355947699092, "speed": 4.6545752245867034, "direction": -49.517306142163811, "timestamp": "20240805T00" }, "geometry": { "type": "LineString", "coordinates": [ [ -115.75, 52.0 ], [ -116.009025558218454, 52.136118720485129 ] ] } },
{ "type": "Feature", "properties": { "u": -3.3718186745457239, "v": 2.1879862160096475, "speed": 4.0195080364969415, "direction": -57.020304385469146, "timestamp": "20240805T00" }, "geometry": { "type": "LineString", "coordinates": [ [ -115.75, 52.25 ], [ -115.998087940396076, 52.348557937658093 ] ] } },
{ "type": "Feature", "properties": { "u": -5.2858412129050025, "v": 0.70271934180928475, "speed": 5.3323476819687876, "direction": -82.427291582385962, "timestamp": "20240805T00" }, "geometry": { "type": "LineString", "coordinates": [ [ -115.75, 52.5 ], [ -116.141123589948819, 52.531654024405825 ] ] } },
{ "type": "Feature", "properties": { "u": -7.9090003246219682, "v": -1.4079104660941599, "speed": 8.0333366676249707, "direction": -100.09370106198411, "timestamp": "20240805T00" }, "geometry": { "type": "LineString", "coordinates": [ [ -115.75, 52.75 ], [ -116.338575606104698, 52.686580609635399 ] ] } },
{ "type": "Feature", "properties": { "u": -9.345425181793404, "v": -2.7633219656818895, "speed": 9.745405076984655, "direction": -106.47227034752383, "timestamp": "20240805T00" }, "geometry": { "type": "LineString", "coordinates": [ [ -115.75, 53.0 ], [ -116.449492505311923, 52.875526037581899 ] ] } },
{ "type": "Feature", "properties": { "u": -9.0449363675254446, "v": -2.966139373758041, "speed": 9.5188684557116421, "direction": -108.15606024108875, "timestamp": "20240805T00" }, "geometry": { "type": "LineString", "coordinates": [ [ -115.75, 53.25 ], [ -116.430950717580657, 53.116390118299186 ] ] } },
{ "type": "Feature", "properties": { "u": -8.4960205805351183, "v": -3.1913779426655831, "speed": 9.0756409623678209, "direction": -110.58778956558342, "timestamp": "20240805T00" }, "geometry": { "type": "LineString", "coordinates": [ [ -115.75, 53.5 ], [ -116.393391003636552, 53.356244236816863 ] ] } },
{ "type": "Feature", "properties": { "u": -7.9818002920277635, "v": -3.8662313581703445, "speed": 8.868871451132561, "direction": -115.84465990030729, "timestamp": "20240805T00" }, "geometry": { "type": "LineString", "coordinates": [ [ -115.75, 53.75 ], [ -116.358041074063237, 53.575845434316648 ] ] } },
{ "type": "Feature", "properties": { "u": -6.8244340728722133, "v": -3.7351165983791947, "speed": 7.7797169883272099, "direction": -118.69255861826124, "timestamp": "20240805T00" }, "geometry": { "type": "LineString", "coordinates": [ [ -115.75, 54.0 ], [ -116.272991924381444, 53.831751504577511 ] ] } },
{ "type": "Feature", "properties": { "u": -5.5725536714599899, "v": -2.372730907233457, "speed": 6.0566662760501444, "direction": -113.06376134102804, "timestamp": "20240805T00" }, "geometry": { "type": "LineString", "coordinates": [ [ -115.75, 54.25 ], [ -116.179638125462986, 54.143120229403898 ] ] } },
{ "type": "Feature", "properties": { "u": -4.8892770902286662, "v": -0.46510425298100833, "speed": 4.911349349331191, "direction": -95.434047017849238, "timestamp": "20240805T00" }, "geometry": { "type": "LineString", "coordinates": [ [ -115.75, 54.5 ], [ -116.129260523131705, 54.479049357973828 ] ] } },
{ "type": "Feature", "properties": { "u": -4.1239738762858238, "v": 1.4179920902597367, "speed": 4.3609473856407739, "direction": -71.024919597568896, "timestamp": "20240805T00" }, "geometry": { "type": "LineString", "coordinates": [ [ -115.75, 54.75 ], [ -116.071868036377296, 54.813873517579268 ] ] } },
{ "type": "Feature", "properties": { "u": -3.8908493593065194, "v": 2.9697524876217671, "speed": 4.8947051570601907, "direction": -52.646741911947963, "timestamp": "20240805T00" }, "geometry": { "type": "LineString", "coordinates": [ [ -115.75, 55.0 ], [ -116.055562560708438, 55.133772634577554 ] ] } },
{ "type": "Feature", "properties": { "u": -1.0298307696869653, "v": 1.8983689647564657, "speed": 2.1597120503772214, "direction": -28.479029118632518, "timestamp": "20240805T00" }, "geometry": { "type": "LineString", "coordinates": [ [ -115.5, 50.0 ], [ -115.572168120091717, 50.085512115529568 ] ] } },
{ "type": "Feature", "properties": { "u": -0.51567644601675999, "v": 1.8615929189050171, "speed": 1.9316962475228288, "direction": -15.48316623797102, "timestamp": "20240805T00" }, "geometry": { "type": "LineString", "coordinates": [ [ -115.5, 50.25 ], [ -115.5363266373611, 50.333855536887611 ] ] } },
{ "type": "Feature", "properties": { "u": 0.1831708297446682, "v": 1.6971578868940604, "speed": 1.7070138973998024, "direction": 6.1599737879749092, "timestamp": "20240805T00" }, "geometry": { "type": "LineString", "coordinates": [ [ -115.5, 50.5 ], [ -115.487028421955429, 50.576448553463699 ] ] } },
{ "type": "Feature", "properties": { "u": 1.1074142531406781, "v": 2.6852882691945736, "speed": 2.9046754408596347, "direction": 22.411275885014163, "timestamp": "20240805T00" }, "geometry": { "type": "LineString", "coordinates": [ [ -115.5, 50.75 ], [ -115.421158361302915, 50.870958931044804 ] ] } },
{ "type": "Feature", "properties": { "u": 1.2036270066390564, "v": 3.2983735439794137, "speed": 3.5111231830760667, "direction": 20.047800144520263, "timestamp": "20240805T00" }, "geometry": { "type": "LineString", "coordinates": [ [ -115.5, 51.0 ], [ -115.413847646600104, 51.148575384863939 ] ] } },
{ "type": "Feature", "properties": { "u": 0.85292099596968751, "v": 3.2696998079512971, "speed": 3.3791139459158037, "direction": 14.620149279381295, "timestamp": "20240805T00" }, "geometry": { "type": "LineString", "coordinates": [ [ -115.5, 51.25 ], [ -115.438618910472783, 51.397283775132941 ] ] } },
{ "type": "Feature", "properties": { "u": -1.2378802171496663, "v": 3.863710628273485, "speed": 4.0571673925343523, "direction": -17.764750363552352, "timestamp": "20240805T00" }, "geometry": { "type": "LineString", "coordinates": [ [ -115.5, 51.5 ], [ -115.589572785698749, 51.6740410192916 ] ] } },
{ "type": "Feature", "properties": { "u": -3.4263282057049227, "v": 4.2544780437051308, "speed": 5.4626283415200554, "direction": -38.846102944608617, "timestamp": "20240805T00" }, "geometry": { "type": "LineString", "coordinates": [ [ -115.5, 51.75 ], [ -115.749298363418262, 51.941643155121852 ] ] } },
{ "type": "Feature", "properties": { "u": -3.8448267783703756, "v": 3.9939491280814079, "speed": 5.5438544888350165, "direction": -43.910154991892036, "timestamp": "20240805T00" }, "geometry": { "type": "LineString", "coordinates": [ [ -115.5, 52.0 ], [ -115.781307832897099, 52.179907618382046 ] ] } },
{ "type": "Feature", "properties": { "u": -3.4023197406550771, "v": 2.907028644671676, "speed": 4.4751083962953206, "direction": -49.48857942605796, "timestamp": "20240805T00" }, "geometry": { "type": "LineString", "coordinates": [ [ -115.5, 52.25 ], [ -115.750332114060598, 52.38094723624647 ] ] } },
{ "type": "Feature", "properties": { "u": -5.0802307390868826, "v": 1.6138037352433789, "speed": 5.330394625001861, "direction": -72.376848558638386, "timestamp": "20240805T00" }, "geometry": { "type": "LineString", "coordinates": [ [ -115.5, 52.5 ], [ -115.875909529705297, 52.572693861947897 ] ] } },
{ "type": "Feature", "properties": { "u": -7.8811185590316732, "v": -0.58087131433475014, "speed": 7.9024958858154717, "direction": -94.215316027936709, "timestamp": "20240805T00" }, "geometry": { "type": "LineString", "coordinates": [ [ -115.5, 52.75 ], [ -116.086500688111514, 52.723834625480414 ] ] } },
{ "type": "Feature", "properties": { "u": -9.2095730943641048, "v": -2.3567341420856049, "speed": 9.5063364340268954, "direction": -104.35398485285397, "timestamp": "20240805T00" }, "geometry": { "type": "LineString", "coordinates": [ [ -115.5, 53.0 ], [ -116.189324159288148, 52.893840804410559 ] ] } },
{ "type": "Feature", "properties": { "u": -9.0030325731605174, "v": -2.7971533205914021, "speed": 9.4275480487921559, "direction": -107.25950366723772, "timestamp": "20240805T00" }, "geometry": { "type": "LineString", "coordinates": [ [ -115.5, 53.25 ], [ -116.177795977991266, 53.124002102676066 ] ] } },
{ "type": "Feature", "properties": { "u": -8.3382732208194916, "v": -3.0571721742102147, "speed": 8.8810529785493717, "direction": -110.13512426693535, "timestamp": "20240805T00" }, "geometry": { "type": "LineString", "coordinates": [ [ -115.5, 53.5 ], [ -116.131445030680581, 53.362289541702239 ] ] } },
{ "type": "Feature", "properties": { "u": -7.6874657159395374, "v": -3.7200759296745676, "speed": 8.5402631139965397, "direction": -115.82301176973868, "timestamp": "20240805T00" }, "geometry": { "type": "LineString", "coordinates": [ [ -115.5, 53.75 ], [ -116.085619125977487, 53.582429012176824 ] ] } },
{ "type": "Feature", "properties": { "u": -6.7528301309650214, "v": -3.8698848169619704, "speed": 7.7831049892842801, "direction": -119.81598646535834, "timestamp": "20240805T00" }, "geometry": { "type": "LineString", "coordinates": [ [ -115.5, 54.0 ], [ -116.017504541402644, 53.825680864100811 ] ] } },
{ "type": "Feature", "properties": { "u": -5.8871988001087656, "v": -2.7161784715100641, "speed": 6.4835742612464031, "direction": -114.76719545938452, "timestamp": "20240805T00" }, "geometry": { "type": "LineString", "coordinates": [ [ -115.5, 54.25 ], [ -115.953896939505654, 54.127649618400447 ] ] } },
{ "type": "Feature", "properties": { "u": -5.0172102748387308, "v": -0.8062132853944608, "speed": 5.0815724735059975, "direction": -99.128795177525916, "timestamp": "20240805T00" }, "geometry": { "type": "LineString", "coordinates": [ [ -115.5, 54.5 ], [ -115.889184281925836, 54.463684086243489 ] ] } },
{ "type": "Feature", "properties": { "u": -4.4538637094153746, "v": 1.1313541721387279, "speed": 4.5953089346487888, "direction": -75.74737897613231, "timestamp": "20240805T00" }, "geometry": { "type": "LineString", "coordinates": [ [ -115.5, 54.75 ], [ -115.847615287935028, 54.800961899645891 ] ] } },
{ "type": "Feature", "properties": { "u": -3.9097809351955499, "v": 3.0013679405288594, "speed": 4.9289549070419625, "direction": -52.488126310550186, "timestamp": "20240805T00" }, "geometry": { "type": "LineString", "coordinates": [ [ -115.5, 55.0 ], [ -115.807049326263382, 55.135196754077874 ] ] } },
{ "type": "Feature", "properties": { "u": 0.37716651687257596, "v": 1.0312897744361662, "speed": 1.0980952510171371, "direction": 20.088634670288869, "timestamp": "20240805T00" }, "geometry": { "type": "LineString", "coordinates": [ [ -115.25, 50.0 ], [ -115.223569056892231, 50.046454494343969 ] ] } },
{ "type": "Feature", "properties": { "u": 0.88418107831591353, "v": 0.96438399390689011, "speed": 1.3083625900168867, "direction": 42.515690139307665, "timestamp": "20240805T00" }, "geometry": { "type": "LineString", "coordinates": [ [ -115.25, 50.25 ], [ -115.187714189504618, 50.293440720446256 ] ] } },
{ "type": "Feature", "properties": { "u": 1.0085999483476396, "v": 1.7667114681116503, "speed": 2.034340990926566, "direction": 29.721663669148967, "timestamp": "20240805T00" }, "geometry": { "type": "LineString", "coordinates": [ [ -115.25, 50.5 ], [ -115.178574145981742, 50.579581597662688 ] ] } },
{ "type": "Feature", "properties": { "u": 2.2750777500423158, "v": 2.8040472052467296, "speed": 3.6109084034339061, "direction": 39.054320541394056, "timestamp": "20240805T00" }, "geometry": { "type": "LineString", "coordinates": [ [ -115.25, 50.75 ], [ -115.088027316816707, 50.876308432668772 ] ] } },
{ "type": "Feature", "properties": { "u": 2.3066963634995403, "v": 3.389311690285302, "speed": 4.0997904638269764, "direction": 34.23840396611709, "timestamp": "20240805T00" }, "geometry": { "type": "LineString", "coordinates": [ [ -115.25, 51.0 ], [ -115.084892936766693, 51.152671697760596 ] ] } },
{ "type": "Feature", "properties": { "u": 0.95389489238236103, "v": 3.7793981801203511, "speed": 3.897918171230661, "direction": 14.165231988328255, "timestamp": "20240805T00" }, "geometry": { "type": "LineString", "coordinates": [ [ -115.25, 51.25 ], [ -115.181352249428073, 51.420243161266683 ] ] } },
{ "type": "Feature", "properties": { "u": -1.748046849935285, "v": 4.6704770906447948, "speed": 4.9868852045948016, "direction": -20.519661840261985, "timestamp": "20240805T00" }, "geometry": { "type": "LineString", "coordinates": [ [ -115.25, 51.5 ], [ -115.376488349770355, 51.710381850929949 ] ] } },
{ "type": "Feature", "properties": { "u": -3.840275159568431, "v": 4.603418326682382, "speed": 5.9949289897073479, "direction": -39.835624249266282, "timestamp": "20240805T00" }, "geometry": { "type": "LineString", "coordinates": [ [ -115.25, 51.75 ], [ -115.529416989523114, 51.957361185886597 ] ] } },
{ "type": "Feature", "properties": { "u": -3.97369589069933, "v": 4.1753300727648295, "speed": 5.7639951637987252, "direction": -43.582599823771844, "timestamp": "20240805T00" }, "geometry": { "type": "LineString", "coordinates": [ [ -115.25, 52.0 ], [ -115.540736577755141, 52.188077931205626 ] ] } },
{ "type": "Feature", "properties": { "u": -3.5682119962810526, "v": 2.6830343197782449, "speed": 4.4643935771291403, "direction": -53.059512329552255, "timestamp": "20240805T00" }, "geometry": { "type": "LineString", "coordinates": [ [ -115.25, 52.25 ], [ -115.512537950731655, 52.37085740179181 ] ] } },
{ "type": "Feature", "properties": { "u": -5.0871650481541675, "v": 1.5879336903260735, "speed": 5.3292383726039105, "direction": -72.664501919192517, "timestamp": "20240805T00" }, "geometry": { "type": "LineString", "coordinates": [ [ -115.25, 52.5 ], [ -115.626422630978482, 52.571528544609279 ] ] } },
{ "type": "Feature", "properties": { "u": -7.3772277370460904, "v": -0.15578946785004866, "speed": 7.3788725048299337, "direction": -91.209770499254205, "timestamp": "20240805T00" }, "geometry": { "type": "LineString", "coordinates": [ [ -115.25, 52.75 ], [ -115.799001910290329, 52.742982456403148 ] ] } },
{ "type": "Feature", "properties": { "u": -8.9921876995713887, "v": -1.8385679791594696, "speed": 9.1782226949618924, "direction": -101.55558578139291, "timestamp": "20240805T00" }, "geometry": { "type": "LineString", "coordinates": [ [ -115.25, 53.0 ], [ -115.923053154870075, 52.917181622560385 ] ] } },
{ "type": "Feature", "properties": { "u": -8.9399665166045885, "v": -2.4606570346604291, "speed": 9.2724233272772345, "direction": -105.3891576759158, "timestamp": "20240805T00" }, "geometry": { "type": "LineString", "coordinates": [ [ -115.25, 53.25 ], [ -115.923048031215103, 53.139159593033312 ] ] } },
{ "type": "Feature", "properties": { "u": -8.3057769158652466, "v": -2.8478193785016899, "speed": 8.7804330980134324, "direction": -108.9254125178377, "timestamp": "20240805T00" }, "geometry": { "type": "LineString", "coordinates": [ [ -115.25, 53.5 ], [ -115.878984133833541, 53.371719847815243 ] ] } },
{ "type": "Feature", "properties": { "u": -7.4600922911547229, "v": -3.5880882253941837, "speed": 8.2781250356441536, "direction": -115.6862061451889, "timestamp": "20240805T00" }, "geometry": { "type": "LineString", "coordinates": [ [ -115.25, 53.75 ], [ -115.818298173766024, 53.588374404261522 ] ] } },
{ "type": "Feature", "properties": { "u": -6.5248224503602303, "v": -3.9452599122195715, "speed": 7.6248530335798383, "direction": -121.15942302204091, "timestamp": "20240805T00" }, "geometry": { "type": "LineString", "coordinates": [ [ -115.25, 54.0 ], [ -115.750031125383103, 53.822285589539661 ] ] } },
{ "type": "Feature", "properties": { "u": -6.09877201881653, "v": -3.2071671197456895, "speed": 6.8906415573208655, "direction": -117.73857886401385, "timestamp": "20240805T00" }, "geometry": { "type": "LineString", "coordinates": [ [ -115.25, 54.25 ], [ -115.720209015879064, 54.105533012624065 ] ] } },
{ "type": "Feature", "properties": { "u": -5.2729312306968392, "v": -1.1538011768447394, "speed": 5.3976903319240526, "direction": -102.34269042765415, "timestamp": "20240805T00" }, "geometry": { "type": "LineString", "coordinates": [ [ -115.25, 54.5 ], [ -115.659020519820459, 54.448026974016003 ] ] } },
{ "type": "Feature", "properties": { "u": -4.5302917599394563, "v": 0.95101339563672993, "speed": 4.6290355268517693, "direction": -78.144434766972381, "timestamp": "20240805T00" }, "geometry": { "type": "LineString", "coordinates": [ [ -115.25, 54.75 ], [ -115.603580346707048, 54.792838441244896 ] ] } },
{ "type": "Feature", "properties": { "u": -4.0721610797625853, "v": 2.8105241478284584, "speed": 4.9478825617692328, "direction": -55.387338087899927, "timestamp": "20240805T00" }, "geometry": { "type": "LineString", "coordinates": [ [ -115.25, 55.0 ], [ -115.569801629989414, 55.12660018683912 ] ] } },
{ "type": "Feature", "properties": { "u": 2.6275900823466012, "v": 0.025434567323391999, "speed": 2.627713180326412, "direction": 89.445405180118485, "timestamp": "20240805T00" }, "geometry": { "type": "LineString", "coordinates": [ [ -115.0, 50.0 ], [ -114.815864662237445, 50.001145701230783 ] ] } },
{ "type": "Feature", "properties": { "u": 3.0669954863677473, "v": -0.062532203364736194, "speed": 3.0676328968534978, "direction": 91.168027476349366, "timestamp": "20240805T00" }, "geometry": { "type": "LineString", "coordinates": [ [ -115.0, 50.25 ], [ -114.783946632269107, 50.247183234082669 ] ] } },
{ "type": "Feature", "properties": { "u": 3.1326751164316446, "v": 0.84396770102752439, "speed": 3.2443697177553155, "direction": 74.922044622458387, "timestamp": "20240805T00" }, "geometry": { "type": "LineString", "coordinates": [ [ -115.0, 50.5 ], [ -114.778153869708774, 50.538016563109345 ] ] } },
{ "type": "Feature", "properties": { "u": 3.3715661171998264, "v": 2.4148596211177233, "speed": 4.1471683197520148, "direction": 54.388144613391006, "timestamp": "20240805T00" }, "geometry": { "type": "LineString", "coordinates": [ [ -115.0, 50.75 ], [ -114.759963539477909, 50.858777460410707 ] ] } },
{ "type": "Feature", "properties": { "u": 2.1584103847987266, "v": 4.1711535453009967, "speed": 4.696515441014121, "direction": 27.359814190479192, "timestamp": "20240805T00" }, "geometry": { "type": "LineString", "coordinates": [ [ -115.0, 51.0 ], [ -114.845506844539457, 51.187889799337881 ] ] } },
{ "type": "Feature", "properties": { "u": -0.051138044483385603, "v": 5.087834965335019, "speed": 5.0880919541689869, "direction": -0.5758629124869491, "timestamp": "20240805T00" }, "geometry": { "type": "LineString", "coordinates": [ [ -115.0, 51.25 ], [ -115.003680187146898, 51.47918175519527 ] ] } },
{ "type": "Feature", "properties": { "u": -2.6153981049880781, "v": 5.568138541231761, "speed": 6.1517862496941325, "direction": -25.159810295048729, "timestamp": "20240805T00" }, "geometry": { "type": "LineString", "coordinates": [ [ -115.0, 51.5 ], [ -115.189249727663025, 51.750817051406834 ] ] } },
{ "type": "Feature", "properties": { "u": -3.9589161088778275, "v": 5.2460540300806295, "speed": 6.5722218194197897, "direction": -37.03990046154442, "timestamp": "20240805T00" }, "geometry": { "type": "LineString", "coordinates": [ [ -115.0, 51.75 ], [ -115.288049260783055, 51.986308740093719 ] ] } },
{ "type": "Feature", "properties": { "u": -4.2460009695993595, "v": 4.436462919962552, "speed": 6.1409060792395573, "direction": -43.74333874042933, "timestamp": "20240805T00" }, "geometry": { "type": "LineString", "coordinates": [ [ -115.0, 52.0 ], [ -115.310659855459917, 52.199840672070387 ] ] } },
{ "type": "Feature", "properties": { "u": -4.4588731444979723, "v": 3.0842670208205298, "speed": 5.4216466847671274, "direction": -55.327829964929663, "timestamp": "20240805T00" }, "geometry": { "type": "LineString", "coordinates": [ [ -115.0, 52.25 ], [ -115.328070030353842, 52.388930946883811 ] ] } },
{ "type": "Feature", "properties": { "u": -5.2905634181695005, "v": 1.5426522435176473, "speed": 5.5108835249988166, "direction": -73.744074665846696, "timestamp": "20240805T00" }, "geometry": { "type": "LineString", "coordinates": [ [ -115.0, 52.5 ], [ -115.391473007534614, 52.56948883979809 ] ] } },
{ "type": "Feature", "properties": { "u": -7.0870026960216412, "v": 0.22778718904536377, "speed": 7.0906624667171396, "direction": -88.159059113986203, "timestamp": "20240805T00" }, "geometry": { "type": "LineString", "coordinates": [ [ -115.0, 52.75 ], [ -115.527403810351458, 52.76026068419123 ] ] } },
{ "type": "Feature", "properties": { "u": -8.8020753147202608, "v": -1.2126221489760447, "speed": 8.8852114393634469, "direction": -97.844004730436552, "timestamp": "20240805T00" }, "geometry": { "type": "LineString", "coordinates": [ [ -115.0, 53.0 ], [ -115.658823498564075, 52.945377380676753 ] ] } },
{ "type": "Feature", "properties": { "u": -8.9135543505263346, "v": -2.0635910214563458, "speed": 9.1493092123734776, "direction": -103.03499294589002, "timestamp": "20240805T00" }, "geometry": { "type": "LineString", "coordinates": [ [ -115.0, 53.25 ], [ -115.671059583456824, 53.157045449483945 ] ] } },
{ "type": "Feature", "properties": { "u": -8.4031009978169067, "v": -2.6159934661381832, "speed": 8.800882239547871, "direction": -107.292037415008, "timestamp": "20240805T00" }, "geometry": { "type": "LineString", "coordinates": [ [ -115.0, 53.5 ], [ -115.63635434182342, 53.382162456480259 ] ] } },
{ "type": "Feature", "properties": { "u": -7.4286430357777649, "v": -3.3029787930235441, "speed": 8.1298466320203584, "direction": -113.97124544660952, "timestamp": "20240805T00" }, "geometry": { "type": "LineString", "coordinates": [ [ -115.0, 53.75 ], [ -115.565902418633314, 53.601217171485423 ] ] } },
{ "type": "Feature", "properties": { "u": -6.4144776195379238, "v": -3.6927877090961214, "speed": 7.4015001314601285, "direction": -119.9288527143391, "timestamp": "20240805T00" }, "geometry": { "type": "LineString", "coordinates": [ [ -115.0, 54.0 ], [ -115.49157482632576, 53.833658211301973 ] ] } },
{ "type": "Feature", "properties": { "u": -5.9404831882527658, "v": -3.3107872542487513, "speed": 6.8007832455394226, "direction": -119.1320717309726, "timestamp": "20240805T00" }, "geometry": { "type": "LineString", "coordinates": [ [ -115.0, 54.25 ], [ -115.4580051107299, 54.100865438997801 ] ] } },
{ "type": "Feature", "properties": { "u": -5.5912485031049357, "v": -1.7327771681906436, "speed": 5.8535951805771447, "direction": -107.21866933086736, "timestamp": "20240805T00" }, "geometry": { "type": "LineString", "coordinates": [ [ -115.0, 54.5 ], [ -115.433712345018222, 54.421946974405827 ] ] } },
{ "type": "Feature", "properties": { "u": -4.8388062197927253, "v": 0.44009799052880771, "speed": 4.8587788459624566, "direction": -84.803145811739043, "timestamp": "20240805T00" }, "geometry": { "type": "LineString", "coordinates": [ [ -115.0, 54.75 ], [ -115.377659292492325, 54.769824233807604 ] ] } },
{ "type": "Feature", "properties": { "u": -4.4911868987812031, "v": 2.3115558651865817, "speed": 5.0511434623916998, "direction": -62.765705031883947, "timestamp": "20240805T00" }, "geometry": { "type": "LineString", "coordinates": [ [ -115.0, 55.0 ], [ -115.35270925257727, 55.104124138071469 ] ] } },
{ "type": "Feature", "properties": { "u": 4.1409873166244999, "v": -0.64826078363242667, "speed": 4.1914219544255751, "direction": 98.89729187292599, "timestamp": "20240805T00" }, "geometry": { "type": "LineString", "coordinates": [ [ -114.75, 50.0 ], [ -114.459809340756777, 49.970799063800342 ] ] } },
{ "type": "Feature", "properties": { "u": 3.585161672367243, "v": -0.2819370442453476, "speed": 3.5962303477292563, "direction": 94.496485100040886, "timestamp": "20240805T00" }, "geometry": { "type": "LineString", "coordinates": [ [ -114.75, 50.25 ], [ -114.497444606091676, 50.237300133142099 ] ] } },
{ "type": "Feature", "properties": { "u": 3.4504633611138384, "v": 0.698311843425381, "speed": 3.5204171396380231, "direction": 78.558895797270594, "timestamp": "20240805T00" }, "geometry": { "type": "LineString", "coordinates": [ [ -114.75, 50.5 ], [ -114.505649112683372, 50.531455488442582 ] ] } },
{ "type": "Feature", "properties": { "u": 2.8843881725948992, "v": 2.6729488076272281, "speed": 3.93247383442041, "direction": 47.178875025853316, "timestamp": "20240805T00" }, "geometry": { "type": "LineString", "coordinates": [ [ -114.75, 50.75 ], [ -114.544647856914494, 50.870403099442669 ] ] } },
{ "type": "Feature", "properties": { "u": 1.1729941186951942, "v": 5.1631691819473522, "speed": 5.2947361788765646, "direction": 12.799481468831081, "timestamp": "20240805T00" }, "geometry": { "type": "LineString", "coordinates": [ [ -114.75, 51.0 ], [ -114.666040265553676, 51.232575188376003 ] ] } },
{ "type": "Feature", "properties": { "u": -0.70593938156169522, "v": 6.1965549171442396, "speed": 6.2366371749224081, "direction": -6.4993713397422166, "timestamp": "20240805T00" }, "geometry": { "type": "LineString", "coordinates": [ [ -114.75, 51.25 ], [ -114.800803449071111, 51.529124095366861 ] ] } },
{ "type": "Feature", "properties": { "u": -2.890949085780476, "v": 6.7574973037658248, "speed": 7.3499222055051279, "direction": -23.16189655057612, "timestamp": "20240805T00" }, "geometry": { "type": "LineString", "coordinates": [ [ -114.75, 51.5 ], [ -114.959188546144532, 51.804391770439899 ] ] } },
{ "type": "Feature", "properties": { "u": -4.2901374421981782, "v": 6.3860108684432699, "speed": 7.6932707013874335, "direction": -33.893300614132741, "timestamp": "20240805T00" }, "geometry": { "type": "LineString", "coordinates": [ [ -114.75, 51.75 ], [ -115.062148801565073, 52.037658147227177 ] ] } },
{ "type": "Feature", "properties": { "u": -4.982169298778242, "v": 5.1308229958622471, "speed": 7.1517379381907817, "direction": -44.157853991435886, "timestamp": "20240805T00" }, "geometry": { "type": "LineString", "coordinates": [ [ -114.75, 52.0 ], [ -115.114521818369084, 52.231118152966765 ] ] } },
{ "type": "Feature", "properties": { "u": -5.3639002792160371, "v": 3.2598522917862698, "speed": 6.2767876473271009, "direction": -58.711311060897359, "timestamp": "20240805T00" }, "geometry": { "type": "LineString", "coordinates": [ [ -114.75, 52.25 ], [ -115.144659114621561, 52.396840193323705 ] ] } },
{ "type": "Feature", "properties": { "u": -5.9693053087248593, "v": 1.5815913454384352, "speed": 6.1752762733934867, "direction": -75.160235396129664, "timestamp": "20240805T00" }, "geometry": { "type": "LineString", "coordinates": [ [ -114.75, 52.5 ], [ -115.191696227300383, 52.571242853398125 ] ] } },
{ "type": "Feature", "properties": { "u": -7.4213435404394001, "v": 0.54657116570603703, "speed": 7.4414434073238009, "direction": -85.787853839602278, "timestamp": "20240805T00" }, "geometry": { "type": "LineString", "coordinates": [ [ -114.75, 52.75 ], [ -115.302284940339035, 52.774620322779555 ] ] } },
{ "type": "Feature", "properties": { "u": -8.7531747776672297, "v": -0.73349136109096891, "speed": 8.783853269789109, "direction": -94.790033837560557, "timestamp": "20240805T00" }, "geometry": { "type": "LineString", "coordinates": [ [ -114.75, 53.0 ], [ -115.405163359136608, 52.966959848599508 ] ] } },
{ "type": "Feature", "properties": { "u": -8.8870925558859106, "v": -1.8194823811700014, "speed": 9.0714348496955441, "direction": -101.57045225229045, "timestamp": "20240805T00" }, "geometry": { "type": "LineString", "coordinates": [ [ -114.75, 53.25 ], [ -115.419067399397505, 53.168041334181531 ] ] } },
{ "type": "Feature", "properties": { "u": -8.5076107591292853, "v": -2.4180442179000874, "speed": 8.8445677491086254, "direction": -105.8662791274358, "timestamp": "20240805T00" }, "geometry": { "type": "LineString", "coordinates": [ [ -114.75, 53.5 ], [ -115.394268710625056, 53.391079089283778 ] ] } },
{ "type": "Feature", "properties": { "u": -7.6215719919855776, "v": -2.8794837996640608, "speed": 8.1473791234695092, "direction": -110.69691954083937, "timestamp": "20240805T00" }, "geometry": { "type": "LineString", "coordinates": [ [ -114.75, 53.75 ], [ -115.330599445050737, 53.620293522537658 ] ] } },
{ "type": "Feature", "properties": { "u": -6.5148003815621598, "v": -3.1930175386980899, "speed": 7.2552039953426579, "direction": -116.1102815826943, "timestamp": "20240805T00" }, "geometry": { "type": "LineString", "coordinates": [ [ -114.75, 54.0 ], [ -115.249263082056572, 53.856170381139727 ] ] } },
{ "type": "Feature", "properties": { "u": -5.870008704608483, "v": -3.0030427850100665, "speed": 6.5935777966730909, "direction": -117.09387006442989, "timestamp": "20240805T00" }, "geometry": { "type": "LineString", "coordinates": [ [ -114.75, 54.25 ], [ -115.202571600918958, 54.114727802477027 ] ] } },
{ "type": "Feature", "properties": { "u": -5.4043537832589914, "v": -2.026481796020132, "speed": 5.7717993974346298, "direction": -110.55464288827856, "timestamp": "20240805T00" }, "geometry": { "type": "LineString", "coordinates": [ [ -114.75, 54.5 ], [ -115.169214948386525, 54.408717036215307 ] ] } },
{ "type": "Feature", "properties": { "u": -5.0013473891053675, "v": -0.018775562277340008, "speed": 5.0013826316579602, "direction": -90.215093121745696, "timestamp": "20240805T00" }, "geometry": { "type": "LineString", "coordinates": [ [ -114.75, 54.75 ], [ -115.140345310533789, 54.749154253951474 ] ] } },
{ "type": "Feature", "properties": { "u": -4.6083460868810775, "v": 2.1066392966248353, "speed": 5.0670289897094651, "direction": -65.433170108800667, "timestamp": "20240805T00" }, "geometry": { "type": "LineString", "coordinates": [ [ -114.75, 55.0 ], [ -115.111910190012878, 55.094893662010129 ] ] } },
{ "type": "Feature", "properties": { "u": 4.7321283410868089, "v": -1.1860542451462361, "speed": 4.8785001085319655, "direction": 104.0706776130374, "timestamp": "20240805T00" }, "geometry": { "type": "LineString", "coordinates": [ [ -114.5, 50.0 ], [ -114.168383567027476, 49.946574133101521 ] ] } },
{ "type": "Feature", "properties": { "u": 3.1937705785258008, "v": -0.40356295039314483, "speed": 3.2191665945065733, "direction": 97.201693370587847, "timestamp": "20240805T00" }, "geometry": { "type": "LineString", "coordinates": [ [ -114.5, 50.25 ], [ -114.275016007582224, 50.231821488721032 ] ] } },
{ "type": "Feature", "properties": { "u": 2.2705955369595863, "v": 1.1417192484250007, "speed": 2.5414812481474147, "direction": 63.30546479031922, "timestamp": "20240805T00" }, "geometry": { "type": "LineString", "coordinates": [ [ -114.5, 50.5 ], [ -114.339203615246007, 50.5514287949741 ] ] } },
{ "type": "Feature", "properties": { "u": 1.3565181979965573, "v": 3.5502266164174094, "speed": 3.8005592548221681, "direction": 20.911527266767575, "timestamp": "20240805T00" }, "geometry": { "type": "LineString", "coordinates": [ [ -114.5, 50.75 ], [ -114.403423567694603, 50.909920117856643 ] ] } },
{ "type": "Feature", "properties": { "u": 0.66536769843777088, "v": 5.6916280218160011, "speed": 5.7303877454187599, "direction": 6.667776878968354, "timestamp": "20240805T00" }, "geometry": { "type": "LineString", "coordinates": [ [ -114.5, 51.0 ], [ -114.452374786557215, 51.256379640622342 ] ] } },
{ "type": "Feature", "properties": { "u": -0.68844282880030694, "v": 6.7893219228533805, "speed": 6.8241369931049958, "direction": -5.7900486314512314, "timestamp": "20240805T00" }, "geometry": { "type": "LineString", "coordinates": [ [ -114.5, 51.25 ], [ -114.54954429672695, 51.555825311840245 ] ] } },
{ "type": "Feature", "properties": { "u": -2.7230586467982394, "v": 7.054548791229994, "speed": 7.5618587028419961, "direction": -21.106608174830956, "timestamp": "20240805T00" }, "geometry": { "type": "LineString", "coordinates": [ [ -114.5, 51.5 ], [ -114.697040024741995, 51.817772468073422 ] ] } },
{ "type": "Feature", "properties": { "u": -4.443127613479426, "v": 6.6175674354342222, "speed": 7.9707955532796628, "direction": -33.877965487109407, "timestamp": "20240805T00" }, "geometry": { "type": "LineString", "coordinates": [ [ -114.5, 51.75 ], [ -114.823280309415367, 52.048088623217758 ] ] } },
{ "type": "Feature", "properties": { "u": -5.5122178523790479, "v": 5.3077107538974344, "speed": 7.6522113862023415, "direction": -46.082816626262456, "timestamp": "20240805T00" }, "geometry": { "type": "LineString", "coordinates": [ [ -114.5, 52.0 ], [ -114.903302969910825, 52.239086069995381 ] ] } },
{ "type": "Feature", "properties": { "u": -6.1224770054493858, "v": 3.4843067839375474, "speed": 7.0445098088404769, "direction": -60.355759522773916, "timestamp": "20240805T00" }, "geometry": { "type": "LineString", "coordinates": [ [ -114.5, 52.25 ], [ -114.950472832916773, 52.406950756033226 ] ] } },
{ "type": "Feature", "properties": { "u": -6.8750050258390054, "v": 1.9024933314051351, "speed": 7.1333845390075945, "direction": -74.531844452443423, "timestamp": "20240805T00" }, "geometry": { "type": "LineString", "coordinates": [ [ -114.5, 52.5 ], [ -115.008713095667218, 52.585697897811045 ] ] } },
{ "type": "Feature", "properties": { "u": -7.9951753038769606, "v": 0.75152289591720223, "speed": 8.0304180963889937, "direction": -84.630143659669841, "timestamp": "20240805T00" }, "geometry": { "type": "LineString", "coordinates": [ [ -114.5, 52.75 ], [ -115.094988615153156, 52.783852382698974 ] ] } },
{ "type": "Feature", "properties": { "u": -8.714993185817697, "v": -0.57355766027418686, "speed": 8.733846496161247, "direction": -93.765362700905541, "timestamp": "20240805T00" }, "geometry": { "type": "LineString", "coordinates": [ [ -114.5, 53.0 ], [ -115.152305518340697, 52.974164069357016 ] ] } },
{ "type": "Feature", "properties": { "u": -8.7885837806141076, "v": -1.7669021882566918, "speed": 8.9644379752296608, "direction": -101.36750066227916, "timestamp": "20240805T00" }, "geometry": { "type": "LineString", "coordinates": [ [ -114.5, 53.25 ], [ -115.161651137028855, 53.170409811339788 ] ] } },
{ "type": "Feature", "properties": { "u": -8.5788807691980242, "v": -2.26341507763911, "speed": 8.8724429029326384, "direction": -104.77987731369591, "timestamp": "20240805T00" }, "geometry": { "type": "LineString", "coordinates": [ [ -114.5, 53.5 ], [ -115.149665882497771, 53.39804436587211 ] ] } },
{ "type": "Feature", "properties": { "u": -7.887801065677408, "v": -2.4358590981258055, "speed": 8.2553507010680001, "direction": -107.16139182891646, "timestamp": "20240805T00" }, "geometry": { "type": "LineString", "coordinates": [ [ -114.5, 53.75 ], [ -115.100880359880961, 53.640276617201543 ] ] } },
{ "type": "Feature", "properties": { "u": -6.7354943571225121, "v": -2.5158694776570476, "speed": 7.1900266663925212, "direction": -110.48187205845639, "timestamp": "20240805T00" }, "geometry": { "type": "LineString", "coordinates": [ [ -114.5, 54.0 ], [ -115.016176010769087, 53.886672546051486 ] ] } },
{ "type": "Feature", "properties": { "u": -5.8333096751667801, "v": -2.4686865409934047, "speed": 6.3341862148247863, "direction": -112.93833032495519, "timestamp": "20240805T00" }, "geometry": { "type": "LineString", "coordinates": [ [ -114.5, 54.25 ], [ -114.949742143699652, 54.138797903558853 ] ] } },
{ "type": "Feature", "properties": { "u": -5.2703306973974922, "v": -1.8778882700891739, "speed": 5.5948949958751548, "direction": -109.61165327706384, "timestamp": "20240805T00" }, "geometry": { "type": "LineString", "coordinates": [ [ -114.5, 54.5 ], [ -114.908818796825145, 54.415410438284269 ] ] } },
{ "type": "Feature", "properties": { "u": -4.9185463315997842, "v": -0.23427992396101782, "speed": 4.9241227745523242, "direction": -92.727048236109155, "timestamp": "20240805T00" }, "geometry": { "type": "LineString", "coordinates": [ [ -114.5, 54.75 ], [ -114.883882851122365, 54.739446850272024 ] ] } },
{ "type": "Feature", "properties": { "u": -4.592294464406196, "v": 1.398356151232703, "speed": 4.8004758486535613, "direction": -73.064479104495277, "timestamp": "20240805T00" }, "geometry": { "type": "LineString", "coordinates": [ [ -114.5, 55.0 ], [ -114.860649597680961, 55.062989015821294 ] ] } },
{ "type": "Feature", "properties": { "u": 4.1816128082423294, "v": -0.35694470391319422, "speed": 4.1968196529881983, "direction": 94.878971215994412, "timestamp": "20240805T00" }, "geometry": { "type": "LineString", "coordinates": [ [ -114.25, 50.0 ], [ -113.956962401779847, 49.98392140973364 ] ] } },
{ "type": "Feature", "properties": { "u": 1.9494670347495955, "v": 0.77963405237603323, "speed": 2.0995835242256153, "direction": 68.202461079527751, "timestamp": "20240805T00" }, "geometry": { "type": "LineString", "coordinates": [ [ -114.25, 50.25 ], [ -114.112670512555326, 50.285118651007927 ] ] } },
{ "type": "Feature", "properties": { "u": 0.32205910345544597, "v": 2.2028349995101615, "speed": 2.2262533775797984, "direction": 8.3178326720742852, "timestamp": "20240805T00" }, "geometry": { "type": "LineString", "coordinates": [ [ -114.25, 50.5 ], [ -114.227192794282473, 50.599226801779736 ] ] } },
{ "type": "Feature", "properties": { "u": 0.0044665178845140208, "v": 4.0942942170000531, "speed": 4.0942966532900487, "direction": 0.062504673289012797, "timestamp": "20240805T00" }, "geometry": { "type": "LineString", "coordinates": [ [ -114.25, 50.75 ], [ -114.249682009159372, 50.934427667432438 ] ] } },
{ "type": "Feature", "properties": { "u": -0.038688318138934918, "v": 5.7545215167902706, "speed": 5.7546515683543014, "direction": -0.38520039278717444, "timestamp": "20240805T00" }, "geometry": { "type": "LineString", "coordinates": [ [ -114.25, 51.0 ], [ -114.252769204777195, 51.2592126809365 ] ] } },
{ "type": "Feature", "properties": { "u": -1.0467179689044164, "v": 6.5440088378915942, "speed": 6.6271917262767248, "direction": -9.0875156770721492, "timestamp": "20240805T00" }, "geometry": { "type": "LineString", "coordinates": [ [ -114.25, 51.25 ], [ -114.325327831842188, 51.544775172877998 ] ] } },
{ "type": "Feature", "properties": { "u": -2.8675384546875486, "v": 6.7858245121088743, "speed": 7.366830464877653, "direction": -22.90783769586562, "timestamp": "20240805T00" }, "geometry": { "type": "LineString", "coordinates": [ [ -114.25, 51.5 ], [ -114.457494557168133, 51.805667770815717 ] ] } },
{ "type": "Feature", "properties": { "u": -4.7111500737253511, "v": 6.4984680175096043, "speed": 8.0265198929397528, "direction": -35.940729249678313, "timestamp": "20240805T00" }, "geometry": { "type": "LineString", "coordinates": [ [ -114.25, 51.75 ], [ -114.592781523743696, 52.042723784572502 ] ] } },
{ "type": "Feature", "properties": { "u": -5.7612399289378322, "v": 5.3056376231939533, "speed": 7.8320927029395397, "direction": -47.357427100212014, "timestamp": "20240805T00" }, "geometry": { "type": "LineString", "coordinates": [ [ -114.25, 52.0 ], [ -114.671522740199137, 52.238992685729457 ] ] } },
{ "type": "Feature", "properties": { "u": -6.4605804394729089, "v": 3.8282154325829429, "speed": 7.5096160363340934, "direction": -59.351148093112414, "timestamp": "20240805T00" }, "geometry": { "type": "LineString", "coordinates": [ [ -114.25, 52.25 ], [ -114.725349432960826, 52.422442136602832 ] ] } },
{ "type": "Feature", "properties": { "u": -7.2396461681954509, "v": 2.2289363481523314, "speed": 7.575000586454216, "direction": -72.88749039865904, "timestamp": "20240805T00" }, "geometry": { "type": "LineString", "coordinates": [ [ -114.25, 52.5 ], [ -114.785694563119051, 52.60040253820506 ] ] } },
{ "type": "Feature", "properties": { "u": -8.2027838664610986, "v": 0.79041552787933589, "speed": 8.2407778678100083, "direction": -84.49600483691097, "timestamp": "20240805T00" }, "geometry": { "type": "LineString", "coordinates": [ [ -114.25, 52.75 ], [ -114.860438524185909, 52.785604303057625 ] ] } },
{ "type": "Feature", "properties": { "u": -8.6540327677575934, "v": -0.62853097856163898, "speed": 8.6768274349807033, "direction": -94.154023040937005, "timestamp": "20240805T00" }, "geometry": { "type": "LineString", "coordinates": [ [ -114.25, 53.0 ], [ -114.89774271304033, 52.971687793758484 ] ] } },
{ "type": "Feature", "properties": { "u": -8.6242701631727563, "v": -1.898867318059718, "speed": 8.830839877326909, "direction": -102.41710012390293, "timestamp": "20240805T00" }, "geometry": { "type": "LineString", "coordinates": [ [ -114.25, 53.25 ], [ -114.899280737596683, 53.164465436123436 ] ] } },
{ "type": "Feature", "properties": { "u": -8.606297680906561, "v": -2.2730670240892588, "speed": 8.9014152508676752, "direction": -104.79492870483953, "timestamp": "20240805T00" }, "geometry": { "type": "LineString", "coordinates": [ [ -114.25, 53.5 ], [ -114.901742124448177, 53.397609593509493 ] ] } },
{ "type": "Feature", "properties": { "u": -8.1223473535593271, "v": -2.0108254613701586, "speed": 8.3675531410303403, "direction": -103.90496990647442, "timestamp": "20240805T00" }, "geometry": { "type": "LineString", "coordinates": [ [ -114.25, 53.75 ], [ -114.868747729595, 53.65942227651486 ] ] } },
{ "type": "Feature", "properties": { "u": -7.0314036562458497, "v": -1.8245545055850902, "speed": 7.2642712312329278, "direction": -104.54665570050233, "timestamp": "20240805T00" }, "geometry": { "type": "LineString", "coordinates": [ [ -114.25, 54.0 ], [ -114.7888530814446, 53.917812860108782 ] ] } },
{ "type": "Feature", "properties": { "u": -5.9810037919063559, "v": -1.8492652323155714, "speed": 6.2603664635745861, "direction": -107.1810742215519, "timestamp": "20240805T00" }, "geometry": { "type": "LineString", "coordinates": [ [ -114.25, 54.25 ], [ -114.711129207369027, 54.16669976431011 ] ] } },
{ "type": "Feature", "properties": { "u": -5.2798820615279425, "v": -1.5707156099358319, "speed": 5.5085662482120199, "direction": -106.56725011845661, "timestamp": "20240805T00" }, "geometry": { "type": "LineString", "coordinates": [ [ -114.25, 54.5 ], [ -114.659559694771801, 54.429247044597489 ] ] } },
{ "type": "Feature", "properties": { "u": -4.9416201514813096, "v": -0.50224320630542851, "speed": 4.9670774062627734, "direction": -95.803347978891679, "timestamp": "20240805T00" }, "geometry": { "type": "LineString", "coordinates": [ [ -114.25, 54.75 ], [ -114.635683717306236, 54.727376432148404 ] ] } },
{ "type": "Feature", "properties": { "u": -4.6479919501626572, "v": 0.75673073722005224, "speed": 4.7091900128823072, "direction": -80.752915930590973, "timestamp": "20240805T00" }, "geometry": { "type": "LineString", "coordinates": [ [ -114.25, 55.0 ], [ -114.615023723945214, 55.034086970145047 ] ] } },
{ "type": "Feature", "properties": { "u": 2.9053096828592833, "v": 1.1182450753580016, "speed": 3.1130847084328321, "direction": 68.948432607988252, "timestamp": "20240805T00" }, "geometry": { "type": "LineString", "coordinates": [ [ -114.0, 50.0 ], [ -113.796402725313854, 50.050371399790897 ] ] } },
{ "type": "Feature", "properties": { "u": 0.41550076318219176, "v": 2.4251479381872967, "speed": 2.460484384485925, "direction": 9.722095801602908, "timestamp": "20240805T00" }, "geometry": { "type": "LineString", "coordinates": [ [ -114.0, 50.25 ], [ -113.970730201730234, 50.359240898116546 ] ] } },
{ "type": "Feature", "properties": { "u": -0.99641470715181235, "v": 3.5106798348957695, "speed": 3.6493444852154231, "direction": -15.84520723375336, "timestamp": "20240805T00" }, "geometry": { "type": "LineString", "coordinates": [ [ -114.0, 50.5 ], [ -114.070562933828484, 50.658138731301612 ] ] } },
{ "type": "Feature", "properties": { "u": -0.87824953850504162, "v": 4.6779965581776324, "speed": 4.7597241569450315, "direction": -10.632967830271866, "timestamp": "20240805T00" }, "geometry": { "type": "LineString", "coordinates": [ [ -114.0, 50.75 ], [ -114.06252640563757, 50.96072056568368 ] ] } },
{ "type": "Feature", "properties": { "u": -0.69162125536839458, "v": 5.5994055716933069, "speed": 5.6419573480475194, "direction": -7.0413334520727533, "timestamp": "20240805T00" }, "geometry": { "type": "LineString", "coordinates": [ [ -114.0, 51.0 ], [ -114.049504371771917, 51.252225476202398 ] ] } },
{ "type": "Feature", "properties": { "u": -1.3867117108759144, "v": 5.9418148434164193, "speed": 6.1014861306508017, "direction": -13.136658277041269, "timestamp": "20240805T00" }, "geometry": { "type": "LineString", "coordinates": [ [ -114.0, 51.25 ], [ -114.099795732636352, 51.517649317271008 ] ] } },
{ "type": "Feature", "properties": { "u": -3.043928528849408, "v": 6.1957740207816148, "speed": 6.9031236846326101, "direction": -26.164474897450123, "timestamp": "20240805T00" }, "geometry": { "type": "LineString", "coordinates": [ [ -114.0, 51.5 ], [ -114.220258110614893, 51.779088919855027 ] ] } },
{ "type": "Feature", "properties": { "u": -4.7765377507522011, "v": 6.0791666785550262, "speed": 7.7312082102356197, "direction": -38.157515894704915, "timestamp": "20240805T00" }, "geometry": { "type": "LineString", "coordinates": [ [ -114.0, 51.75 ], [ -114.34753910675731, 52.023836336871845 ] ] } },
{ "type": "Feature", "properties": { "u": -5.7169516453624762, "v": 5.183636252253371, "speed": 7.7170992549719157, "direction": -47.800984248246017, "timestamp": "20240805T00" }, "geometry": { "type": "LineString", "coordinates": [ [ -114.0, 52.0 ], [ -114.418282375471819, 52.233497128479883 ] ] } },
{ "type": "Feature", "properties": { "u": -6.3334144641160206, "v": 3.9204033122890749, "speed": 7.448603956801648, "direction": -58.242363201002959, "timestamp": "20240805T00" }, "geometry": { "type": "LineString", "coordinates": [ [ -114.0, 52.25 ], [ -114.465992955652922, 52.426594743796805 ] ] } },
{ "type": "Feature", "properties": { "u": -6.9698080230938544, "v": 2.3346560808811634, "speed": 7.3504314767759622, "direction": -71.480847586929343, "timestamp": "20240805T00" }, "geometry": { "type": "LineString", "coordinates": [ [ -114.0, 52.5 ], [ -114.515728003442675, 52.605164688327982 ] ] } },
{ "type": "Feature", "properties": { "u": -7.8734440598815407, "v": 0.6134250939713416, "speed": 7.8973040786079443, "direction": -85.545048352349895, "timestamp": "20240805T00" }, "geometry": { "type": "LineString", "coordinates": [ [ -114.0, 52.75 ], [ -114.585929563721152, 52.777631760989699 ] ] } },
{ "type": "Feature", "properties": { "u": -8.5199078127578609, "v": -0.82173705581462642, "speed": 8.55944396130913, "direction": -95.509083347954757, "timestamp": "20240805T00" }, "geometry": { "type": "LineString", "coordinates": [ [ -114.0, 53.0 ], [ -114.637703640555927, 52.962984817305646 ] ] } },
{ "type": "Feature", "properties": { "u": -8.6036451402256482, "v": -1.9885674260693482, "speed": 8.830464886230649, "direction": -103.01428443088368, "timestamp": "20240805T00" }, "geometry": { "type": "LineString", "coordinates": [ [ -114.0, 53.25 ], [ -114.64772797662576, 53.1604248907176 ] ] } },
{ "type": "Feature", "properties": { "u": -8.6635412613226901, "v": -2.2476555310532573, "speed": 8.9503576784905672, "direction": -104.54407375844487, "timestamp": "20240805T00" }, "geometry": { "type": "LineString", "coordinates": [ [ -114.0, 53.5 ], [ -114.656077095662823, 53.398754255357964 ] ] } },
{ "type": "Feature", "properties": { "u": -8.3314008794431054, "v": -1.5983983674405344, "speed": 8.4833435598837976, "direction": -100.86036304887607, "timestamp": "20240805T00" }, "geometry": { "type": "LineString", "coordinates": [ [ -114.0, 53.75 ], [ -114.634673100534442, 53.678000073538712 ] ] } },
{ "type": "Feature", "properties": { "u": -7.4167354535501397, "v": -1.1836475667841533, "speed": 7.5105916112049149, "direction": -99.067451579509196, "timestamp": "20240805T00" }, "geometry": { "type": "LineString", "coordinates": [ [ -114.0, 54.0 ], [ -114.568383063864474, 53.946682542036747 ] ] } },
{ "type": "Feature", "properties": { "u": -6.2746241701242536, "v": -1.2839575538328782, "speed": 6.4046432747149931, "direction": -101.56461559912526, "timestamp": "20240805T00" }, "geometry": { "type": "LineString", "coordinates": [ [ -114.0, 54.25 ], [ -114.483767034895266, 54.19216407415167 ] ] } },
{ "type": "Feature", "properties": { "u": -5.441910916150599, "v": -1.2664177059492805, "speed": 5.5873256773935136, "direction": -103.1004531099898, "timestamp": "20240805T00" }, "geometry": { "type": "LineString", "coordinates": [ [ -114.0, 54.5 ], [ -114.422128249802029, 54.442954157389671 ] ] } },
{ "type": "Feature", "properties": { "u": -5.0663144853160587, "v": -0.47418297950032351, "speed": 5.088456736788781, "direction": -95.347035741287769, "timestamp": "20240805T00" }, "geometry": { "type": "LineString", "coordinates": [ [ -114.0, 54.75 ], [ -114.39541586440096, 54.728640406328815 ] ] } },
{ "type": "Feature", "properties": { "u": -4.6668358983525247, "v": 0.500693362148249, "speed": 4.6936181294446113, "direction": -83.876300693849757, "timestamp": "20240805T00" }, "geometry": { "type": "LineString", "coordinates": [ [ -114.0, 55.0 ], [ -114.366503607778029, 55.022553755051725 ] ] } },
{ "type": "Feature", "properties": { "u": 1.5410528901004259, "v": 2.7611870523553987, "speed": 3.1621192178951714, "direction": 29.166430427651974, "timestamp": "20240805T00" }, "geometry": { "type": "LineString", "coordinates": [ [ -113.75, 50.0 ], [ -113.64200663515399, 50.124377795151148 ] ] } },
{ "type": "Feature", "properties": { "u": -0.75913089861780292, "v": 4.0590728795600333, "speed": 4.1294494018956147, "direction": -10.593127147960306, "timestamp": "20240805T00" }, "geometry": { "type": "LineString", "coordinates": [ [ -113.75, 50.25 ], [ -113.803476696631591, 50.4328411207009 ] ] } },
{ "type": "Feature", "properties": { "u": -1.7557219024913595, "v": 4.8410954373401056, "speed": 5.1496373107552991, "direction": -19.934208233435708, "timestamp": "20240805T00" }, "geometry": { "type": "LineString", "coordinates": [ [ -113.75, 50.5 ], [ -113.874334664610529, 50.718067362042348 ] ] } },
{ "type": "Feature", "properties": { "u": -1.5868830930693352, "v": 5.3679486378175092, "speed": 5.5975950665724428, "direction": -16.468832481940897, "timestamp": "20240805T00" }, "geometry": { "type": "LineString", "coordinates": [ [ -113.75, 50.75 ], [ -113.862977111431846, 50.991799488189976 ] ] } },
{ "type": "Feature", "properties": { "u": -1.3249591396549443, "v": 5.5883322633447463, "speed": 5.7432546702453466, "direction": -13.338187582660497, "timestamp": "20240805T00" }, "geometry": { "type": "LineString", "coordinates": [ [ -113.75, 51.0 ], [ -113.844836978075733, 51.251726678529046 ] ] } },
{ "type": "Feature", "properties": { "u": -1.7549059731159002, "v": 5.5997514031170628, "speed": 5.8682970912513781, "direction": -17.400468226501694, "timestamp": "20240805T00" }, "geometry": { "type": "LineString", "coordinates": [ [ -113.75, 51.25 ], [ -113.87629310470335, 51.502241054194464 ] ] } },
{ "type": "Feature", "properties": { "u": -3.0960062108855637, "v": 5.8179491931159308, "speed": 6.590431493576145, "direction": -28.019556938285778, "timestamp": "20240805T00" }, "geometry": { "type": "LineString", "coordinates": [ [ -113.75, 51.5 ], [ -113.974026442144947, 51.762069783473692 ] ] } },
{ "type": "Feature", "properties": { "u": -4.4967687720558498, "v": 5.6740039948036465, "speed": 7.239837755252835, "direction": -38.397572623395092, "timestamp": "20240805T00" }, "geometry": { "type": "LineString", "coordinates": [ [ -113.75, 51.75 ], [ -114.077183220123885, 52.005585765531698 ] ] } },
{ "type": "Feature", "properties": { "u": -5.4564262081827275, "v": 4.8011222333906263, "speed": 7.2679681937458378, "direction": -48.655376131666472, "timestamp": "20240805T00" }, "geometry": { "type": "LineString", "coordinates": [ [ -113.75, 52.0 ], [ -114.14922095856744, 52.21626676726985 ] ] } },
{ "type": "Feature", "properties": { "u": -6.1051526516260779, "v": 3.6631627433757314, "speed": 7.119806892333032, "direction": -59.035752475811442, "timestamp": "20240805T00" }, "geometry": { "type": "LineString", "coordinates": [ [ -113.75, 52.25 ], [ -114.199198160796598, 52.415007330782693 ] ] } },
{ "type": "Feature", "properties": { "u": -6.6159601442401232, "v": 2.2649950677437403, "speed": 6.9929343831525594, "direction": -71.101196704129819, "timestamp": "20240805T00" }, "geometry": { "type": "LineString", "coordinates": [ [ -113.75, 52.5 ], [ -114.239545178969038, 52.602026804853324 ] ] } },
{ "type": "Feature", "properties": { "u": -7.6340784758468416, "v": 0.53299904483165972, "speed": 7.6526624227898292, "direction": -86.006182113836147, "timestamp": "20240805T00" }, "geometry": { "type": "LineString", "coordinates": [ [ -113.75, 52.75 ], [ -114.318116346130907, 52.774008965983406 ] ] } },
{ "type": "Feature", "properties": { "u": -8.569011054698338, "v": -0.90785832046213066, "speed": 8.6169691415006611, "direction": -96.047737264061595, "timestamp": "20240805T00" }, "geometry": { "type": "LineString", "coordinates": [ [ -113.75, 53.0 ], [ -114.391378952171578, 52.959105481060263 ] ] } },
{ "type": "Feature", "properties": { "u": -8.7492134721542616, "v": -1.8671680766521777, "speed": 8.9462312181048969, "direction": -102.04676670400083, "timestamp": "20240805T00" }, "geometry": { "type": "LineString", "coordinates": [ [ -113.75, 53.25 ], [ -114.408687131677382, 53.165893329880532 ] ] } },
{ "type": "Feature", "properties": { "u": -8.7562004603847523, "v": -2.0605211272008912, "speed": 8.9953762466104425, "direction": -103.24199968013333, "timestamp": "20240805T00" }, "geometry": { "type": "LineString", "coordinates": [ [ -113.75, 53.5 ], [ -114.413094039008897, 53.407183733008971 ] ] } },
{ "type": "Feature", "properties": { "u": -8.4977049185916353, "v": -1.2818349947104328, "speed": 8.5938402264133789, "direction": -98.578100703944429, "timestamp": "20240805T00" }, "geometry": { "type": "LineString", "coordinates": [ [ -113.75, 53.75 ], [ -114.39734188237378, 53.692259684922952 ] ] } },
{ "type": "Feature", "properties": { "u": -7.7307793913906, "v": -0.65750984903347076, "speed": 7.7586899151806312, "direction": -94.861359108191195, "timestamp": "20240805T00" }, "geometry": { "type": "LineString", "coordinates": [ [ -113.75, 54.0 ], [ -114.342449886349343, 53.970382439232729 ] ] } },
{ "type": "Feature", "properties": { "u": -6.5998455091871975, "v": -0.77097631358101071, "speed": 6.6447246159070721, "direction": -96.662941205539866, "timestamp": "20240805T00" }, "geometry": { "type": "LineString", "coordinates": [ [ -113.75, 54.25 ], [ -114.258841263823953, 54.215271337226078 ] ] } },
{ "type": "Feature", "properties": { "u": -5.6970264627894744, "v": -0.99520976768855218, "speed": 5.7832994907255371, "direction": -99.908973756651918, "timestamp": "20240805T00" }, "geometry": { "type": "LineString", "coordinates": [ [ -113.75, 54.5 ], [ -114.191917526190281, 54.455170731185198 ] ] } },
{ "type": "Feature", "properties": { "u": -5.2081087155703623, "v": -0.4165100454426498, "speed": 5.2247370279426129, "direction": -94.572405611717173, "timestamp": "20240805T00" }, "geometry": { "type": "LineString", "coordinates": [ [ -113.75, 54.75 ], [ -114.156482624722599, 54.731238286241322 ] ] } },
{ "type": "Feature", "properties": { "u": -4.6542649094950157, "v": 0.44682176397919127, "speed": 4.6756637535778944, "direction": -84.516259122116679, "timestamp": "20240805T00" }, "geometry": { "type": "LineString", "coordinates": [ [ -113.75, 55.0 ], [ -114.115516362271663, 55.020127106485546 ] ] } },
{ "type": "Feature", "properties": { "u": 1.102271431071395, "v": 4.1157374558552675, "speed": 4.2607859736539417, "direction": 14.99302363810723, "timestamp": "20240805T00" }, "geometry": { "type": "LineString", "coordinates": [ [ -113.5, 50.0 ], [ -113.42275540860426, 50.185393579092583 ] ] } },
{ "type": "Feature", "properties": { "u": -1.0141871254884163, "v": 5.137158537837502, "speed": 5.2363129555425925, "direction": -11.167824295712483, "timestamp": "20240805T00" }, "geometry": { "type": "LineString", "coordinates": [ [ -113.5, 50.25 ], [ -113.57144403861858, 50.481403537740427 ] ] } },
{ "type": "Feature", "properties": { "u": -2.0291752347342289, "v": 5.7315376565753695, "speed": 6.0801378308390506, "direction": -19.495836587582634, "timestamp": "20240805T00" }, "geometry": { "type": "LineString", "coordinates": [ [ -113.5, 50.5 ], [ -113.643699763549492, 50.75817737191781 ] ] } },
{ "type": "Feature", "properties": { "u": -2.0077507850240455, "v": 5.9870625568004483, "speed": 6.3147431676835915, "direction": -18.538786111864777, "timestamp": "20240805T00" }, "geometry": { "type": "LineString", "coordinates": [ [ -113.5, 50.75 ], [ -113.64294051348692, 51.019687502558575 ] ] } },
{ "type": "Feature", "properties": { "u": -1.8137708158442745, "v": 5.9051481108247117, "speed": 6.1774216938124811, "direction": -17.074380555730645, "timestamp": "20240805T00" }, "geometry": { "type": "LineString", "coordinates": [ [ -113.5, 51.0 ], [ -113.629824790779139, 51.26599766264976 ] ] } },
{ "type": "Feature", "properties": { "u": -2.1091434467079484, "v": 5.7464967334852304, "speed": 6.1213324355688696, "direction": -20.154710951981656, "timestamp": "20240805T00" }, "geometry": { "type": "LineString", "coordinates": [ [ -113.5, 51.25 ], [ -113.651786066165428, 51.508851204211048 ] ] } },
{ "type": "Feature", "properties": { "u": -3.0780953607636965, "v": 5.6008862356219273, "speed": 6.390977833972995, "direction": -28.792003165172627, "timestamp": "20240805T00" }, "geometry": { "type": "LineString", "coordinates": [ [ -113.5, 51.5 ], [ -113.72273041631189, 51.752292172775761 ] ] } },
{ "type": "Feature", "properties": { "u": -4.1987559946223918, "v": 5.1665067490682075, "speed": 6.6575028269272867, "direction": -39.100332958332231, "timestamp": "20240805T00" }, "geometry": { "type": "LineString", "coordinates": [ [ -113.5, 51.75 ], [ -113.805499921492952, 51.982725529237307 ] ] } },
{ "type": "Feature", "properties": { "u": -5.2344121677172177, "v": 4.2001678721322682, "speed": 6.7112205220539556, "direction": -51.255939313635707, "timestamp": "20240805T00" }, "geometry": { "type": "LineString", "coordinates": [ [ -113.5, 52.0 ], [ -113.882977238838009, 52.189196750996949 ] ] } },
{ "type": "Feature", "properties": { "u": -5.9908908800292116, "v": 3.153784734078946, "speed": 6.770312524937574, "direction": -62.236334974080776, "timestamp": "20240805T00" }, "geometry": { "type": "LineString", "coordinates": [ [ -113.5, 52.25 ], [ -113.940791134702508, 52.392062375408962 ] ] } },
{ "type": "Feature", "properties": { "u": -6.4713818993433874, "v": 2.0310566780874959, "speed": 6.7826230115459794, "direction": -72.575426223329245, "timestamp": "20240805T00" }, "geometry": { "type": "LineString", "coordinates": [ [ -113.5, 52.5 ], [ -113.978847172749241, 52.591489039553494 ] ] } },
{ "type": "Feature", "properties": { "u": -7.6270652215893788, "v": 0.40210475108966337, "speed": 7.6376575024824938, "direction": -86.982116367314504, "timestamp": "20240805T00" }, "geometry": { "type": "LineString", "coordinates": [ [ -113.5, 52.75 ], [ -114.067594430565606, 52.768112826625661 ] ] } },
{ "type": "Feature", "properties": { "u": -8.7327585468263624, "v": -0.97134581378745866, "speed": 8.7866139398024821, "direction": -96.346927421871882, "timestamp": "20240805T00" }, "geometry": { "type": "LineString", "coordinates": [ [ -113.5, 53.0 ], [ -114.153635231717885, 52.956245684063632 ] ] } },
{ "type": "Feature", "properties": { "u": -8.9221071168289061, "v": -1.6026267064919497, "speed": 9.0648997658291979, "direction": -100.18311853513221, "timestamp": "20240805T00" }, "geometry": { "type": "LineString", "coordinates": [ [ -113.5, 53.25 ], [ -114.171703481005068, 53.177809607815675 ] ] } },
{ "type": "Feature", "properties": { "u": -8.8582028368499177, "v": -1.8176767479509226, "speed": 9.0427709391987463, "direction": -101.59595847992202, "timestamp": "20240805T00" }, "geometry": { "type": "LineString", "coordinates": [ [ -113.5, 53.5 ], [ -114.170818527284922, 53.418122669011218 ] ] } },
{ "type": "Feature", "properties": { "u": -8.5268193604076199, "v": -1.2331515098439985, "speed": 8.6155273228777318, "direction": -98.229081068573365, "timestamp": "20240805T00" }, "geometry": { "type": "LineString", "coordinates": [ [ -113.5, 53.75 ], [ -114.149559775057739, 53.694452634691714 ] ] } },
{ "type": "Feature", "properties": { "u": -7.8236890541592796, "v": -0.42092863905015987, "speed": 7.8350042332690766, "direction": -93.079647500088029, "timestamp": "20240805T00" }, "geometry": { "type": "LineString", "coordinates": [ [ -113.5, 54.0 ], [ -114.099570037677083, 53.981039250493239 ] ] } },
{ "type": "Feature", "properties": { "u": -6.8759825374231012, "v": -0.34197935293308357, "speed": 6.8844815151745422, "direction": -92.847279137174539, "timestamp": "20240805T00" }, "geometry": { "type": "LineString", "coordinates": [ [ -113.5, 54.25 ], [ -114.030131143146221, 54.234595524642657 ] ] } },
{ "type": "Feature", "properties": { "u": -6.061592194094457, "v": -0.58236668236721334, "speed": 6.0895033360889332, "direction": -95.48784097907776, "timestamp": "20240805T00" }, "geometry": { "type": "LineString", "coordinates": [ [ -113.5, 54.5 ], [ -113.970196837716102, 54.473767266560039 ] ] } },
{ "type": "Feature", "properties": { "u": -5.4096869879878087, "v": -0.15615641783143142, "speed": 5.4119403299403217, "direction": -91.653444993887149, "timestamp": "20240805T00" }, "geometry": { "type": "LineString", "coordinates": [ [ -113.5, 54.75 ], [ -113.922215411754166, 54.742965927124708 ] ] } },
{ "type": "Feature", "properties": { "u": -4.6896340139822321, "v": 0.5970144736620322, "speed": 4.7274827833489841, "direction": -82.744978378229476, "timestamp": "20240805T00" }, "geometry": { "type": "LineString", "coordinates": [ [ -113.5, 55.0 ], [ -113.868294026770855, 55.026892543858651 ] ] } },
{ "type": "Feature", "properties": { "u": 0.38767537543599373, "v": 4.9038998880636075, "speed": 4.9191997630579811, "direction": 4.5200888259691565, "timestamp": "20240805T00" }, "geometry": { "type": "LineString", "coordinates": [ [ -113.25, 50.0 ], [ -113.222832620781404, 50.220896391354216 ] ] } },
{ "type": "Feature", "properties": { "u": -1.1533915116478535, "v": 5.5701849764885791, "speed": 5.6883453351075994, "direction": -11.698635498086279, "timestamp": "20240805T00" }, "geometry": { "type": "LineString", "coordinates": [ [ -113.25, 50.25 ], [ -113.331250240344787, 50.500909233175165 ] ] } },
{ "type": "Feature", "properties": { "u": -1.8801254413201172, "v": 6.1946838092680556, "speed": 6.4737144802583746, "direction": -16.883373312645215, "timestamp": "20240805T00" }, "geometry": { "type": "LineString", "coordinates": [ [ -113.25, 50.5 ], [ -113.383144529233547, 50.779039811228287 ] ] } },
{ "type": "Feature", "properties": { "u": -1.8178066542939371, "v": 6.3896203501387125, "speed": 6.6431671099937022, "direction": -15.880718064404302, "timestamp": "20240805T00" }, "geometry": { "type": "LineString", "coordinates": [ [ -113.25, 50.75 ], [ -113.379417564432231, 51.037820736492733 ] ] } },
{ "type": "Feature", "properties": { "u": -1.6759707351067072, "v": 6.164492156715748, "speed": 6.3882580924023484, "direction": -15.209652965168299, "timestamp": "20240805T00" }, "geometry": { "type": "LineString", "coordinates": [ [ -113.25, 51.0 ], [ -113.369961435114348, 51.277679826879087 ] ] } },
{ "type": "Feature", "properties": { "u": -2.051825467751164, "v": 5.7496509493831889, "speed": 6.1047910521045097, "direction": -19.63949402857255, "timestamp": "20240805T00" }, "geometry": { "type": "LineString", "coordinates": [ [ -113.25, 51.25 ], [ -113.397661135469036, 51.508993286008248 ] ] } },
{ "type": "Feature", "properties": { "u": -3.0056341632706021, "v": 5.1931519399684722, "speed": 6.0002219788119238, "direction": -30.060918162693245, "timestamp": "20240805T00" }, "geometry": { "type": "LineString", "coordinates": [ [ -113.25, 51.5 ], [ -113.46748713733821, 51.733925763061642 ] ] } },
{ "type": "Feature", "properties": { "u": -4.1039530532270598, "v": 4.5176512240044184, "speed": 6.1034091493885878, "direction": -42.252832339274882, "timestamp": "20240805T00" }, "geometry": { "type": "LineString", "coordinates": [ [ -113.25, 51.75 ], [ -113.54860209480556, 51.953497802883085 ] ] } },
{ "type": "Feature", "properties": { "u": -5.1239057902722891, "v": 3.5599006648521816, "speed": 6.2391748886532188, "direction": -55.209853041394972, "timestamp": "20240805T00" }, "geometry": { "type": "LineString", "coordinates": [ [ -113.25, 52.0 ], [ -113.624892008643698, 52.160355885804151 ] ] } },
{ "type": "Feature", "properties": { "u": -5.8991801880640313, "v": 2.6721524257145157, "speed": 6.4761659550616173, "direction": -65.630893585516503, "timestamp": "20240805T00" }, "geometry": { "type": "LineString", "coordinates": [ [ -113.25, 52.25 ], [ -113.68404334697189, 52.370367226383536 ] ] } },
{ "type": "Feature", "properties": { "u": -6.4529875406632691, "v": 1.7555060661240613, "speed": 6.6875144671360349, "direction": -74.78124723321298, "timestamp": "20240805T00" }, "geometry": { "type": "LineString", "coordinates": [ [ -113.25, 52.5 ], [ -113.727486089941038, 52.579076849825405 ] ] } },
{ "type": "Feature", "properties": { "u": -7.7253069816798678, "v": 0.21250377022741906, "speed": 7.7282291512061532, "direction": -88.424334507644758, "timestamp": "20240805T00" }, "geometry": { "type": "LineString", "coordinates": [ [ -113.25, 52.75 ], [ -113.82490543083324, 52.759572241902134 ] ] } },
{ "type": "Feature", "properties": { "u": -8.8777524514283783, "v": -0.91010940165634346, "speed": 8.924280795214024, "direction": -95.853271699329085, "timestamp": "20240805T00" }, "geometry": { "type": "LineString", "coordinates": [ [ -113.25, 53.0 ], [ -113.914487830461354, 52.959004081006469 ] ] } },
{ "type": "Feature", "properties": { "u": -9.0783542806340041, "v": -1.4026097407602325, "speed": 9.1860671960083788, "direction": -98.782779782540899, "timestamp": "20240805T00" }, "geometry": { "type": "LineString", "coordinates": [ [ -113.25, 53.25 ], [ -113.933466595082351, 53.186819381046838 ] ] } },
{ "type": "Feature", "properties": { "u": -9.0053756089677943, "v": -1.6809982388226592, "speed": 9.1609248953103499, "direction": -100.57349139776315, "timestamp": "20240805T00" }, "geometry": { "type": "LineString", "coordinates": [ [ -113.25, 53.5 ], [ -113.931963702448201, 53.424279358611592 ] ] } },
{ "type": "Feature", "properties": { "u": -8.5176768803288088, "v": -1.2898995446000132, "speed": 8.6147931067929449, "direction": -98.611324205838315, "timestamp": "20240805T00" }, "geometry": { "type": "LineString", "coordinates": [ [ -113.25, 53.75 ], [ -113.898863315211173, 53.691896416909913 ] ] } },
{ "type": "Feature", "properties": { "u": -7.8435817404703752, "v": -0.37416958056125282, "speed": 7.8525013463518532, "direction": -92.731162690173193, "timestamp": "20240805T00" }, "geometry": { "type": "LineString", "coordinates": [ [ -113.25, 54.0 ], [ -113.851094517829409, 53.983145514389136 ] ] } },
{ "type": "Feature", "properties": { "u": -7.1785749461601611, "v": 0.039363486950161675, "speed": 7.1786828695620226, "direction": -89.685823567848843, "timestamp": "20240805T00" }, "geometry": { "type": "LineString", "coordinates": [ [ -113.25, 54.25 ], [ -113.803460704947469, 54.2517731300428 ] ] } },
{ "type": "Feature", "properties": { "u": -6.4665333017478233, "v": -0.10964995275369616, "speed": 6.467462876178919, "direction": -90.971444390129605, "timestamp": "20240805T00" }, "geometry": { "type": "LineString", "coordinates": [ [ -113.25, 54.5 ], [ -113.751608061398457, 54.495060812939023 ] ] } },
{ "type": "Feature", "properties": { "u": -5.6304601994515107, "v": 0.069524241200635661, "speed": 5.6308894215498562, "direction": -89.292554601235608, "timestamp": "20240805T00" }, "geometry": { "type": "LineString", "coordinates": [ [ -113.25, 54.75 ], [ -113.689446325962209, 54.753131722576605 ] ] } },
{ "type": "Feature", "properties": { "u": -4.7389754215263435, "v": 0.71641930687517608, "speed": 4.7928222029503971, "direction": -81.403349124725395, "timestamp": "20240805T00" }, "geometry": { "type": "LineString", "coordinates": [ [ -113.25, 55.0 ], [ -113.622168987080499, 55.03227113994933 ] ] } },
{ "type": "Feature", "properties": { "u": 0.1648323789494518, "v": 5.1280039676454034, "speed": 5.1306524346653157, "direction": 1.8410572814329218, "timestamp": "20240805T00" }, "geometry": { "type": "LineString", "coordinates": [ [ -113.0, 50.0 ], [ -112.988448934262621, 50.230991169713754 ] ] } },
{ "type": "Feature", "properties": { "u": -0.8677216052078679, "v": 5.5666361699736893, "speed": 5.6338600473391125, "direction": -8.8599070912362858, "timestamp": "20240805T00" }, "geometry": { "type": "LineString", "coordinates": [ [ -113.0, 50.25 ], [ -113.061126328972861, 50.500749377025841 ] ] } },
{ "type": "Feature", "properties": { "u": -1.1455908539438351, "v": 6.0252161754397928, "speed": 6.1331564765152606, "direction": -10.765307300715424, "timestamp": "20240805T00" }, "geometry": { "type": "LineString", "coordinates": [ [ -113.0, 50.5 ], [ -113.081127116090471, 50.771406134028823 ] ] } },
{ "type": "Feature", "properties": { "u": -1.0138790298388849, "v": 6.2061027857469941, "speed": 6.2883751855629324, "direction": -9.2783367081796264, "timestamp": "20240805T00" }, "geometry": { "type": "LineString", "coordinates": [ [ -113.0, 50.75 ], [ -113.072182459207482, 51.029554179538152 ] ] } },
{ "type": "Feature", "properties": { "u": -1.1214583146768073, "v": 6.0671190183778601, "speed": 6.1698948074274389, "direction": -10.47246383713127, "timestamp": "20240805T00" }, "geometry": { "type": "LineString", "coordinates": [ [ -113.0, 51.0 ], [ -113.080270941509596, 51.273293649476479 ] ] } },
{ "type": "Feature", "properties": { "u": -1.7845726149376975, "v": 5.6032134304330583, "speed": 5.8805357039109092, "direction": -17.66620500287241, "timestamp": "20240805T00" }, "geometry": { "type": "LineString", "coordinates": [ [ -113.0, 51.25 ], [ -113.128428086496783, 51.502397001370859 ] ] } },
{ "type": "Feature", "properties": { "u": -2.904026432022258, "v": 4.8303093291166883, "speed": 5.6360675770288307, "direction": -31.014672258959585, "timestamp": "20240805T00" }, "geometry": { "type": "LineString", "coordinates": [ [ -113.0, 51.5 ], [ -113.210134820522455, 51.717581501311564 ] ] } },
{ "type": "Feature", "properties": { "u": -4.0663671552170628, "v": 3.9652526249725195, "speed": 5.6796628615508125, "direction": -45.721290342111942, "timestamp": "20240805T00" }, "geometry": { "type": "LineString", "coordinates": [ [ -113.0, 51.75 ], [ -113.295867358872826, 51.928614983106868 ] ] } },
{ "type": "Feature", "properties": { "u": -4.9890600563387357, "v": 3.0877347287316375, "speed": 5.8672673367394905, "direction": -58.246589663013637, "timestamp": "20240805T00" }, "geometry": { "type": "LineString", "coordinates": [ [ -113.0, 52.0 ], [ -113.365025982584569, 52.139087149942867 ] ] } },
{ "type": "Feature", "properties": { "u": -5.725001128639672, "v": 2.3576482603658695, "speed": 6.1914572793916403, "direction": -67.617341885488457, "timestamp": "20240805T00" }, "geometry": { "type": "LineString", "coordinates": [ [ -113.0, 52.25 ], [ -113.421227793027981, 52.356200372088551 ] ] } },
{ "type": "Feature", "properties": { "u": -6.4667406169225581, "v": 1.5627414006637246, "speed": 6.6528862076473523, "direction": -76.414462915837206, "timestamp": "20240805T00" }, "geometry": { "type": "LineString", "coordinates": [ [ -113.0, 52.5 ], [ -113.478503743015111, 52.570393756786657 ] ] } },
{ "type": "Feature", "properties": { "u": -7.8550421731859359, "v": 0.12336822369096918, "speed": 7.8560109000144784, "direction": -89.100208848169544, "timestamp": "20240805T00" }, "geometry": { "type": "LineString", "coordinates": [ [ -113.0, 52.75 ], [ -113.584560123694501, 52.755557127193285 ] ] } },
{ "type": "Feature", "properties": { "u": -8.9574066644396773, "v": -0.81862984816702755, "speed": 8.9947367376960141, "direction": -95.221834925127254, "timestamp": "20240805T00" }, "geometry": { "type": "LineString", "coordinates": [ [ -113.0, 53.0 ], [ -113.670449841170765, 52.963124781614098 ] ] } },
{ "type": "Feature", "properties": { "u": -9.19877259888802, "v": -1.2611788470904604, "speed": 9.2848257609069584, "direction": -97.806748071527792, "timestamp": "20240805T00" }, "geometry": { "type": "LineString", "coordinates": [ [ -113.0, 53.25 ], [ -113.692532323893815, 53.193190142022949 ] ] } },
{ "type": "Feature", "properties": { "u": -9.1581733486540031, "v": -1.562933941519066, "speed": 9.290581337545504, "direction": -99.684794828117589, "timestamp": "20240805T00" }, "geometry": { "type": "LineString", "coordinates": [ [ -113.0, 53.5 ], [ -113.693534848040215, 53.429597570201842 ] ] } },
{ "type": "Feature", "properties": { "u": -8.5876994892170408, "v": -1.2269667075303077, "speed": 8.6749080582151645, "direction": -98.131099424459947, "timestamp": "20240805T00" }, "geometry": { "type": "LineString", "coordinates": [ [ -113.0, 53.75 ], [ -113.654197528140514, 53.694731229390527 ] ] } },
{ "type": "Feature", "properties": { "u": -8.0310027645817232, "v": -0.30506770277130435, "speed": 8.0367948653672521, "direction": -92.175406040128209, "timestamp": "20240805T00" }, "geometry": { "type": "LineString", "coordinates": [ [ -113.0, 54.0 ], [ -113.615457566988184, 53.986258211586879 ] ] } },
{ "type": "Feature", "properties": { "u": -7.5232533367051797, "v": 0.2449853802658235, "speed": 7.527241101810783, "direction": -88.134893325221995, "timestamp": "20240805T00" }, "geometry": { "type": "LineString", "coordinates": [ [ -113.0, 54.25 ], [ -113.580035052424776, 54.261035377489449 ] ] } },
{ "type": "Feature", "properties": { "u": -6.8053466871699495, "v": 0.12035674060075918, "speed": 6.806410895441374, "direction": -88.986794537884251, "timestamp": "20240805T00" }, "geometry": { "type": "LineString", "coordinates": [ [ -113.0, 54.5 ], [ -113.527889767145098, 54.505421474801835 ] ] } },
{ "type": "Feature", "properties": { "u": -5.8521834952648177, "v": 0.17205502456027905, "speed": 5.8547121700153957, "direction": -88.315981050598452, "timestamp": "20240805T00" }, "geometry": { "type": "LineString", "coordinates": [ [ -113.0, 54.75 ], [ -113.456751392381989, 54.757750226331545 ] ] } },
{ "type": "Feature", "properties": { "u": -4.8024588162099242, "v": 0.69128826503314289, "speed": 4.8519573521172834, "direction": -81.808843450892383, "timestamp": "20240805T00" }, "geometry": { "type": "LineString", "coordinates": [ [ -113.0, 55.0 ], [ -113.377154569109166, 55.031139111037525 ] ] } },
{ "type": "Feature", "properties": { "u": 0.29629775793308905, "v": 5.019226871144788, "speed": 5.0279648711360414, "direction": 3.3783951804885075, "timestamp": "20240805T00" }, "geometry": { "type": "LineString", "coordinates": [ [ -112.75, 50.0 ], [ -112.729236149465677, 50.22609130050202 ] ] } },
{ "type": "Feature", "properties": { "u": -0.30071878368623323, "v": 5.2529350867720037, "speed": 5.2615357846072026, "direction": -3.2764789959761544, "timestamp": "20240805T00" }, "geometry": { "type": "LineString", "coordinates": [ [ -112.75, 50.25 ], [ -112.77118402398834, 50.486618697602346 ] ] } },
{ "type": "Feature", "properties": { "u": -0.27981936415964381, "v": 5.4696050390879885, "speed": 5.4767579972256781, "direction": -2.9286399036747413, "timestamp": "20240805T00" }, "geometry": { "type": "LineString", "coordinates": [ [ -112.75, 50.5 ], [ -112.76981592115753, 50.74637860536432 ] ] } },
{ "type": "Feature", "properties": { "u": -0.33250339392224348, "v": 5.5764097261412866, "speed": 5.5863139851580979, "direction": -3.4123230521461823, "timestamp": "20240805T00" }, "geometry": { "type": "LineString", "coordinates": [ [ -112.75, 50.75 ], [ -112.773672363232478, 51.00118962730366 ] ] } },
{ "type": "Feature", "properties": { "u": -0.88275800859670439, "v": 5.5176818247243062, "speed": 5.5878506082960531, "direction": -9.0895572120723855, "timestamp": "20240805T00" }, "geometry": { "type": "LineString", "coordinates": [ [ -112.75, 51.0 ], [ -112.813185421649507, 51.248544226338936 ] ] } },
{ "type": "Feature", "properties": { "u": -1.80607091139918, "v": 5.2532480705437985, "speed": 5.5550434226632648, "direction": -18.973011023696419, "timestamp": "20240805T00" }, "geometry": { "type": "LineString", "coordinates": [ [ -112.75, 51.25 ], [ -112.879975227282415, 51.486632795970444 ] ] } },
{ "type": "Feature", "properties": { "u": -2.9364149896397129, "v": 4.5802252013903466, "speed": 5.4406797265444728, "direction": -32.664221393770198, "timestamp": "20240805T00" }, "geometry": { "type": "LineString", "coordinates": [ [ -112.75, 51.5 ], [ -112.962478450617155, 51.706316450513079 ] ] } },
{ "type": "Feature", "properties": { "u": -4.0456610865127605, "v": 3.6661751039347505, "speed": 5.459689873942895, "direction": -47.817152785623243, "timestamp": "20240805T00" }, "geometry": { "type": "LineString", "coordinates": [ [ -112.75, 51.75 ], [ -113.044360793030052, 51.915143022699766 ] ] } },
{ "type": "Feature", "properties": { "u": -4.886896154268717, "v": 2.8652323470119998, "speed": 5.6649192778865141, "direction": -59.616510229895233, "timestamp": "20240805T00" }, "geometry": { "type": "LineString", "coordinates": [ [ -112.75, 52.0 ], [ -113.107551131948043, 52.129064520135678 ] ] } },
{ "type": "Feature", "properties": { "u": -5.6125382413541871, "v": 2.197050613957737, "speed": 6.0272395763695359, "direction": -68.621941630449058, "timestamp": "20240805T00" }, "geometry": { "type": "LineString", "coordinates": [ [ -112.75, 52.25 ], [ -113.162953123251626, 52.348966243871971 ] ] } },
{ "type": "Feature", "properties": { "u": -6.5215995547144905, "v": 1.4398933575155124, "speed": 6.6786640605041319, "direction": -77.549503461104635, "timestamp": "20240805T00" }, "geometry": { "type": "LineString", "coordinates": [ [ -112.75, 52.5 ], [ -113.232563006966814, 52.564860061149346 ] ] } },
{ "type": "Feature", "properties": { "u": -7.8615214911475988, "v": 0.17450540671641501, "speed": 7.8634580365605578, "direction": -88.728390980542855, "timestamp": "20240805T00" }, "geometry": { "type": "LineString", "coordinates": [ [ -112.75, 52.75 ], [ -113.335042304544146, 52.757860603906146 ] ] } },
{ "type": "Feature", "properties": { "u": -8.8721543190384224, "v": -0.64777805353421236, "speed": 8.8957708304268213, "direction": -94.175897562573581, "timestamp": "20240805T00" }, "geometry": { "type": "LineString", "coordinates": [ [ -112.75, 53.0 ], [ -113.414068817781413, 52.97082080839936 ] ] } },
{ "type": "Feature", "properties": { "u": -9.0672627975886844, "v": -1.0747400312233963, "speed": 9.130734952633869, "direction": -96.759713476810262, "timestamp": "20240805T00" }, "geometry": { "type": "LineString", "coordinates": [ [ -112.75, 53.25 ], [ -113.432631569491036, 53.20158828688183 ] ] } },
{ "type": "Feature", "properties": { "u": -8.9751875605995775, "v": -1.3843507581795134, "speed": 9.0813225231578247, "direction": -98.768316099201627, "timestamp": "20240805T00" }, "geometry": { "type": "LineString", "coordinates": [ [ -112.75, 53.5 ], [ -113.429677606439682, 53.437641857739663 ] ] } },
{ "type": "Feature", "properties": { "u": -8.5689022207970584, "v": -1.0830719608256891, "speed": 8.637078796786998, "direction": -97.203737369456519, "timestamp": "20240805T00" }, "geometry": { "type": "LineString", "coordinates": [ [ -112.75, 53.75 ], [ -113.40276558160447, 53.701212974737579 ] ] } },
{ "type": "Feature", "properties": { "u": -8.2463055805340204, "v": -0.18102234153303576, "speed": 8.2482922363165958, "direction": -91.257551097527966, "timestamp": "20240805T00" }, "geometry": { "type": "LineString", "coordinates": [ [ -112.75, 54.0 ], [ -113.381957343062993, 53.991845840471484 ] ] } },
{ "type": "Feature", "properties": { "u": -7.7931990214990146, "v": 0.37140186591363888, "speed": 7.8020439844118625, "direction": -87.271509294592121, "timestamp": "20240805T00" }, "geometry": { "type": "LineString", "coordinates": [ [ -112.75, 54.25 ], [ -113.35084758557015, 54.266729813779897 ] ] } },
{ "type": "Feature", "properties": { "u": -7.0205623954847445, "v": 0.30875262204814391, "speed": 7.0273483285316161, "direction": -87.481849810772758, "timestamp": "20240805T00" }, "geometry": { "type": "LineString", "coordinates": [ [ -112.75, 54.5 ], [ -113.294584018793216, 54.513907775767933 ] ] } },
{ "type": "Feature", "properties": { "u": -5.9984482477877084, "v": 0.31407535143487375, "speed": 6.0066650237687114, "direction": -87.002762435755216, "timestamp": "20240805T00" }, "geometry": { "type": "LineString", "coordinates": [ [ -112.75, 54.75 ], [ -113.218167068159289, 54.764147538352923 ] ] } },
{ "type": "Feature", "properties": { "u": -4.8392259606014711, "v": 0.69118993320153832, "speed": 4.8883383088242143, "direction": -81.87138355370864, "timestamp": "20240805T00" }, "geometry": { "type": "LineString", "coordinates": [ [ -112.75, 55.0 ], [ -113.130042026770141, 55.031134681675745 ] ] } }
]
}
