{
"type": "FeatureCollection",
"name": "geojson_sounding_points_20260608T02",
"crs": { "type": "name", "properties": { "name": "urn:ogc:def:crs:OGC:1.3:CRS84" } },
"features": [
{ "type": "Feature", "properties": { "lat": 49.25, "lon": -103.75, "image_url": "https://raw.githubusercontent.com/severe-weather-lab/soundings/refs/heads/main/input_multiple_soundings/flood/2_UTC_SwanValley_2026/20260608_02/input_sounding_2026-06-08T02_-103.75_49.25.png", "timestamp": "20260608T02" }, "geometry": { "type": "Point", "coordinates": [ -103.75, 49.25 ] } },
{ "type": "Feature", "properties": { "lat": 49.5, "lon": -103.75, "image_url": "https://raw.githubusercontent.com/severe-weather-lab/soundings/refs/heads/main/input_multiple_soundings/flood/2_UTC_SwanValley_2026/20260608_02/input_sounding_2026-06-08T02_-103.75_49.5.png", "timestamp": "20260608T02" }, "geometry": { "type": "Point", "coordinates": [ -103.75, 49.5 ] } },
{ "type": "Feature", "properties": { "lat": 49.75, "lon": -103.75, "image_url": "https://raw.githubusercontent.com/severe-weather-lab/soundings/refs/heads/main/input_multiple_soundings/flood/2_UTC_SwanValley_2026/20260608_02/input_sounding_2026-06-08T02_-103.75_49.75.png", "timestamp": "20260608T02" }, "geometry": { "type": "Point", "coordinates": [ -103.75, 49.75 ] } },
{ "type": "Feature", "properties": { "lat": 50.0, "lon": -103.75, "image_url": "https://raw.githubusercontent.com/severe-weather-lab/soundings/refs/heads/main/input_multiple_soundings/flood/2_UTC_SwanValley_2026/20260608_02/input_sounding_2026-06-08T02_-103.75_50.0.png", "timestamp": "20260608T02" }, "geometry": { "type": "Point", "coordinates": [ -103.75, 50.0 ] } },
{ "type": "Feature", "properties": { "lat": 50.25, "lon": -103.75, "image_url": "https://raw.githubusercontent.com/severe-weather-lab/soundings/refs/heads/main/input_multiple_soundings/flood/2_UTC_SwanValley_2026/20260608_02/input_sounding_2026-06-08T02_-103.75_50.25.png", "timestamp": "20260608T02" }, "geometry": { "type": "Point", "coordinates": [ -103.75, 50.25 ] } },
{ "type": "Feature", "properties": { "lat": 50.5, "lon": -103.75, "image_url": "https://raw.githubusercontent.com/severe-weather-lab/soundings/refs/heads/main/input_multiple_soundings/flood/2_UTC_SwanValley_2026/20260608_02/input_sounding_2026-06-08T02_-103.75_50.5.png", "timestamp": "20260608T02" }, "geometry": { "type": "Point", "coordinates": [ -103.75, 50.5 ] } },
{ "type": "Feature", "properties": { "lat": 50.75, "lon": -103.75, "image_url": "https://raw.githubusercontent.com/severe-weather-lab/soundings/refs/heads/main/input_multiple_soundings/flood/2_UTC_SwanValley_2026/20260608_02/input_sounding_2026-06-08T02_-103.75_50.75.png", "timestamp": "20260608T02" }, "geometry": { "type": "Point", "coordinates": [ -103.75, 50.75 ] } },
{ "type": "Feature", "properties": { "lat": 51.0, "lon": -103.75, "image_url": "https://raw.githubusercontent.com/severe-weather-lab/soundings/refs/heads/main/input_multiple_soundings/flood/2_UTC_SwanValley_2026/20260608_02/input_sounding_2026-06-08T02_-103.75_51.0.png", "timestamp": "20260608T02" }, "geometry": { "type": "Point", "coordinates": [ -103.75, 51.0 ] } },
{ "type": "Feature", "properties": { "lat": 51.25, "lon": -103.75, "image_url": "https://raw.githubusercontent.com/severe-weather-lab/soundings/refs/heads/main/input_multiple_soundings/flood/2_UTC_SwanValley_2026/20260608_02/input_sounding_2026-06-08T02_-103.75_51.25.png", "timestamp": "20260608T02" }, "geometry": { "type": "Point", "coordinates": [ -103.75, 51.25 ] } },
{ "type": "Feature", "properties": { "lat": 51.5, "lon": -103.75, "image_url": "https://raw.githubusercontent.com/severe-weather-lab/soundings/refs/heads/main/input_multiple_soundings/flood/2_UTC_SwanValley_2026/20260608_02/input_sounding_2026-06-08T02_-103.75_51.5.png", "timestamp": "20260608T02" }, "geometry": { "type": "Point", "coordinates": [ -103.75, 51.5 ] } },
{ "type": "Feature", "properties": { "lat": 51.75, "lon": -103.75, "image_url": "https://raw.githubusercontent.com/severe-weather-lab/soundings/refs/heads/main/input_multiple_soundings/flood/2_UTC_SwanValley_2026/20260608_02/input_sounding_2026-06-08T02_-103.75_51.75.png", "timestamp": "20260608T02" }, "geometry": { "type": "Point", "coordinates": [ -103.75, 51.75 ] } },
{ "type": "Feature", "properties": { "lat": 52.0, "lon": -103.75, "image_url": "https://raw.githubusercontent.com/severe-weather-lab/soundings/refs/heads/main/input_multiple_soundings/flood/2_UTC_SwanValley_2026/20260608_02/input_sounding_2026-06-08T02_-103.75_52.0.png", "timestamp": "20260608T02" }, "geometry": { "type": "Point", "coordinates": [ -103.75, 52.0 ] } },
{ "type": "Feature", "properties": { "lat": 52.25, "lon": -103.75, "image_url": "https://raw.githubusercontent.com/severe-weather-lab/soundings/refs/heads/main/input_multiple_soundings/flood/2_UTC_SwanValley_2026/20260608_02/input_sounding_2026-06-08T02_-103.75_52.25.png", "timestamp": "20260608T02" }, "geometry": { "type": "Point", "coordinates": [ -103.75, 52.25 ] } },
{ "type": "Feature", "properties": { "lat": 52.5, "lon": -103.75, "image_url": "https://raw.githubusercontent.com/severe-weather-lab/soundings/refs/heads/main/input_multiple_soundings/flood/2_UTC_SwanValley_2026/20260608_02/input_sounding_2026-06-08T02_-103.75_52.5.png", "timestamp": "20260608T02" }, "geometry": { "type": "Point", "coordinates": [ -103.75, 52.5 ] } },
{ "type": "Feature", "properties": { "lat": 52.75, "lon": -103.75, "image_url": "https://raw.githubusercontent.com/severe-weather-lab/soundings/refs/heads/main/input_multiple_soundings/flood/2_UTC_SwanValley_2026/20260608_02/input_sounding_2026-06-08T02_-103.75_52.75.png", "timestamp": "20260608T02" }, "geometry": { "type": "Point", "coordinates": [ -103.75, 52.75 ] } },
{ "type": "Feature", "properties": { "lat": 53.0, "lon": -103.75, "image_url": "https://raw.githubusercontent.com/severe-weather-lab/soundings/refs/heads/main/input_multiple_soundings/flood/2_UTC_SwanValley_2026/20260608_02/input_sounding_2026-06-08T02_-103.75_53.0.png", "timestamp": "20260608T02" }, "geometry": { "type": "Point", "coordinates": [ -103.75, 53.0 ] } },
{ "type": "Feature", "properties": { "lat": 53.25, "lon": -103.75, "image_url": "https://raw.githubusercontent.com/severe-weather-lab/soundings/refs/heads/main/input_multiple_soundings/flood/2_UTC_SwanValley_2026/20260608_02/input_sounding_2026-06-08T02_-103.75_53.25.png", "timestamp": "20260608T02" }, "geometry": { "type": "Point", "coordinates": [ -103.75, 53.25 ] } },
{ "type": "Feature", "properties": { "lat": 53.5, "lon": -103.75, "image_url": "https://raw.githubusercontent.com/severe-weather-lab/soundings/refs/heads/main/input_multiple_soundings/flood/2_UTC_SwanValley_2026/20260608_02/input_sounding_2026-06-08T02_-103.75_53.5.png", "timestamp": "20260608T02" }, "geometry": { "type": "Point", "coordinates": [ -103.75, 53.5 ] } },
{ "type": "Feature", "properties": { "lat": 53.75, "lon": -103.75, "image_url": "https://raw.githubusercontent.com/severe-weather-lab/soundings/refs/heads/main/input_multiple_soundings/flood/2_UTC_SwanValley_2026/20260608_02/input_sounding_2026-06-08T02_-103.75_53.75.png", "timestamp": "20260608T02" }, "geometry": { "type": "Point", "coordinates": [ -103.75, 53.75 ] } },
{ "type": "Feature", "properties": { "lat": 54.0, "lon": -103.75, "image_url": "https://raw.githubusercontent.com/severe-weather-lab/soundings/refs/heads/main/input_multiple_soundings/flood/2_UTC_SwanValley_2026/20260608_02/input_sounding_2026-06-08T02_-103.75_54.0.png", "timestamp": "20260608T02" }, "geometry": { "type": "Point", "coordinates": [ -103.75, 54.0 ] } },
{ "type": "Feature", "properties": { "lat": 54.25, "lon": -103.75, "image_url": "https://raw.githubusercontent.com/severe-weather-lab/soundings/refs/heads/main/input_multiple_soundings/flood/2_UTC_SwanValley_2026/20260608_02/input_sounding_2026-06-08T02_-103.75_54.25.png", "timestamp": "20260608T02" }, "geometry": { "type": "Point", "coordinates": [ -103.75, 54.25 ] } },
{ "type": "Feature", "properties": { "lat": 49.25, "lon": -103.5, "image_url": "https://raw.githubusercontent.com/severe-weather-lab/soundings/refs/heads/main/input_multiple_soundings/flood/2_UTC_SwanValley_2026/20260608_02/input_sounding_2026-06-08T02_-103.5_49.25.png", "timestamp": "20260608T02" }, "geometry": { "type": "Point", "coordinates": [ -103.5, 49.25 ] } },
{ "type": "Feature", "properties": { "lat": 49.5, "lon": -103.5, "image_url": "https://raw.githubusercontent.com/severe-weather-lab/soundings/refs/heads/main/input_multiple_soundings/flood/2_UTC_SwanValley_2026/20260608_02/input_sounding_2026-06-08T02_-103.5_49.5.png", "timestamp": "20260608T02" }, "geometry": { "type": "Point", "coordinates": [ -103.5, 49.5 ] } },
{ "type": "Feature", "properties": { "lat": 49.75, "lon": -103.5, "image_url": "https://raw.githubusercontent.com/severe-weather-lab/soundings/refs/heads/main/input_multiple_soundings/flood/2_UTC_SwanValley_2026/20260608_02/input_sounding_2026-06-08T02_-103.5_49.75.png", "timestamp": "20260608T02" }, "geometry": { "type": "Point", "coordinates": [ -103.5, 49.75 ] } },
{ "type": "Feature", "properties": { "lat": 50.0, "lon": -103.5, "image_url": "https://raw.githubusercontent.com/severe-weather-lab/soundings/refs/heads/main/input_multiple_soundings/flood/2_UTC_SwanValley_2026/20260608_02/input_sounding_2026-06-08T02_-103.5_50.0.png", "timestamp": "20260608T02" }, "geometry": { "type": "Point", "coordinates": [ -103.5, 50.0 ] } },
{ "type": "Feature", "properties": { "lat": 50.25, "lon": -103.5, "image_url": "https://raw.githubusercontent.com/severe-weather-lab/soundings/refs/heads/main/input_multiple_soundings/flood/2_UTC_SwanValley_2026/20260608_02/input_sounding_2026-06-08T02_-103.5_50.25.png", "timestamp": "20260608T02" }, "geometry": { "type": "Point", "coordinates": [ -103.5, 50.25 ] } },
{ "type": "Feature", "properties": { "lat": 50.5, "lon": -103.5, "image_url": "https://raw.githubusercontent.com/severe-weather-lab/soundings/refs/heads/main/input_multiple_soundings/flood/2_UTC_SwanValley_2026/20260608_02/input_sounding_2026-06-08T02_-103.5_50.5.png", "timestamp": "20260608T02" }, "geometry": { "type": "Point", "coordinates": [ -103.5, 50.5 ] } },
{ "type": "Feature", "properties": { "lat": 50.75, "lon": -103.5, "image_url": "https://raw.githubusercontent.com/severe-weather-lab/soundings/refs/heads/main/input_multiple_soundings/flood/2_UTC_SwanValley_2026/20260608_02/input_sounding_2026-06-08T02_-103.5_50.75.png", "timestamp": "20260608T02" }, "geometry": { "type": "Point", "coordinates": [ -103.5, 50.75 ] } },
{ "type": "Feature", "properties": { "lat": 51.0, "lon": -103.5, "image_url": "https://raw.githubusercontent.com/severe-weather-lab/soundings/refs/heads/main/input_multiple_soundings/flood/2_UTC_SwanValley_2026/20260608_02/input_sounding_2026-06-08T02_-103.5_51.0.png", "timestamp": "20260608T02" }, "geometry": { "type": "Point", "coordinates": [ -103.5, 51.0 ] } },
{ "type": "Feature", "properties": { "lat": 51.25, "lon": -103.5, "image_url": "https://raw.githubusercontent.com/severe-weather-lab/soundings/refs/heads/main/input_multiple_soundings/flood/2_UTC_SwanValley_2026/20260608_02/input_sounding_2026-06-08T02_-103.5_51.25.png", "timestamp": "20260608T02" }, "geometry": { "type": "Point", "coordinates": [ -103.5, 51.25 ] } },
{ "type": "Feature", "properties": { "lat": 51.5, "lon": -103.5, "image_url": "https://raw.githubusercontent.com/severe-weather-lab/soundings/refs/heads/main/input_multiple_soundings/flood/2_UTC_SwanValley_2026/20260608_02/input_sounding_2026-06-08T02_-103.5_51.5.png", "timestamp": "20260608T02" }, "geometry": { "type": "Point", "coordinates": [ -103.5, 51.5 ] } },
{ "type": "Feature", "properties": { "lat": 51.75, "lon": -103.5, "image_url": "https://raw.githubusercontent.com/severe-weather-lab/soundings/refs/heads/main/input_multiple_soundings/flood/2_UTC_SwanValley_2026/20260608_02/input_sounding_2026-06-08T02_-103.5_51.75.png", "timestamp": "20260608T02" }, "geometry": { "type": "Point", "coordinates": [ -103.5, 51.75 ] } },
{ "type": "Feature", "properties": { "lat": 52.0, "lon": -103.5, "image_url": "https://raw.githubusercontent.com/severe-weather-lab/soundings/refs/heads/main/input_multiple_soundings/flood/2_UTC_SwanValley_2026/20260608_02/input_sounding_2026-06-08T02_-103.5_52.0.png", "timestamp": "20260608T02" }, "geometry": { "type": "Point", "coordinates": [ -103.5, 52.0 ] } },
{ "type": "Feature", "properties": { "lat": 52.25, "lon": -103.5, "image_url": "https://raw.githubusercontent.com/severe-weather-lab/soundings/refs/heads/main/input_multiple_soundings/flood/2_UTC_SwanValley_2026/20260608_02/input_sounding_2026-06-08T02_-103.5_52.25.png", "timestamp": "20260608T02" }, "geometry": { "type": "Point", "coordinates": [ -103.5, 52.25 ] } },
{ "type": "Feature", "properties": { "lat": 52.5, "lon": -103.5, "image_url": "https://raw.githubusercontent.com/severe-weather-lab/soundings/refs/heads/main/input_multiple_soundings/flood/2_UTC_SwanValley_2026/20260608_02/input_sounding_2026-06-08T02_-103.5_52.5.png", "timestamp": "20260608T02" }, "geometry": { "type": "Point", "coordinates": [ -103.5, 52.5 ] } },
{ "type": "Feature", "properties": { "lat": 52.75, "lon": -103.5, "image_url": "https://raw.githubusercontent.com/severe-weather-lab/soundings/refs/heads/main/input_multiple_soundings/flood/2_UTC_SwanValley_2026/20260608_02/input_sounding_2026-06-08T02_-103.5_52.75.png", "timestamp": "20260608T02" }, "geometry": { "type": "Point", "coordinates": [ -103.5, 52.75 ] } },
{ "type": "Feature", "properties": { "lat": 53.0, "lon": -103.5, "image_url": "https://raw.githubusercontent.com/severe-weather-lab/soundings/refs/heads/main/input_multiple_soundings/flood/2_UTC_SwanValley_2026/20260608_02/input_sounding_2026-06-08T02_-103.5_53.0.png", "timestamp": "20260608T02" }, "geometry": { "type": "Point", "coordinates": [ -103.5, 53.0 ] } },
{ "type": "Feature", "properties": { "lat": 53.25, "lon": -103.5, "image_url": "https://raw.githubusercontent.com/severe-weather-lab/soundings/refs/heads/main/input_multiple_soundings/flood/2_UTC_SwanValley_2026/20260608_02/input_sounding_2026-06-08T02_-103.5_53.25.png", "timestamp": "20260608T02" }, "geometry": { "type": "Point", "coordinates": [ -103.5, 53.25 ] } },
{ "type": "Feature", "properties": { "lat": 53.5, "lon": -103.5, "image_url": "https://raw.githubusercontent.com/severe-weather-lab/soundings/refs/heads/main/input_multiple_soundings/flood/2_UTC_SwanValley_2026/20260608_02/input_sounding_2026-06-08T02_-103.5_53.5.png", "timestamp": "20260608T02" }, "geometry": { "type": "Point", "coordinates": [ -103.5, 53.5 ] } },
{ "type": "Feature", "properties": { "lat": 53.75, "lon": -103.5, "image_url": "https://raw.githubusercontent.com/severe-weather-lab/soundings/refs/heads/main/input_multiple_soundings/flood/2_UTC_SwanValley_2026/20260608_02/input_sounding_2026-06-08T02_-103.5_53.75.png", "timestamp": "20260608T02" }, "geometry": { "type": "Point", "coordinates": [ -103.5, 53.75 ] } },
{ "type": "Feature", "properties": { "lat": 54.0, "lon": -103.5, "image_url": "https://raw.githubusercontent.com/severe-weather-lab/soundings/refs/heads/main/input_multiple_soundings/flood/2_UTC_SwanValley_2026/20260608_02/input_sounding_2026-06-08T02_-103.5_54.0.png", "timestamp": "20260608T02" }, "geometry": { "type": "Point", "coordinates": [ -103.5, 54.0 ] } },
{ "type": "Feature", "properties": { "lat": 54.25, "lon": -103.5, "image_url": "https://raw.githubusercontent.com/severe-weather-lab/soundings/refs/heads/main/input_multiple_soundings/flood/2_UTC_SwanValley_2026/20260608_02/input_sounding_2026-06-08T02_-103.5_54.25.png", "timestamp": "20260608T02" }, "geometry": { "type": "Point", "coordinates": [ -103.5, 54.25 ] } },
{ "type": "Feature", "properties": { "lat": 49.25, "lon": -103.25, "image_url": "https://raw.githubusercontent.com/severe-weather-lab/soundings/refs/heads/main/input_multiple_soundings/flood/2_UTC_SwanValley_2026/20260608_02/input_sounding_2026-06-08T02_-103.25_49.25.png", "timestamp": "20260608T02" }, "geometry": { "type": "Point", "coordinates": [ -103.25, 49.25 ] } },
{ "type": "Feature", "properties": { "lat": 49.5, "lon": -103.25, "image_url": "https://raw.githubusercontent.com/severe-weather-lab/soundings/refs/heads/main/input_multiple_soundings/flood/2_UTC_SwanValley_2026/20260608_02/input_sounding_2026-06-08T02_-103.25_49.5.png", "timestamp": "20260608T02" }, "geometry": { "type": "Point", "coordinates": [ -103.25, 49.5 ] } },
{ "type": "Feature", "properties": { "lat": 49.75, "lon": -103.25, "image_url": "https://raw.githubusercontent.com/severe-weather-lab/soundings/refs/heads/main/input_multiple_soundings/flood/2_UTC_SwanValley_2026/20260608_02/input_sounding_2026-06-08T02_-103.25_49.75.png", "timestamp": "20260608T02" }, "geometry": { "type": "Point", "coordinates": [ -103.25, 49.75 ] } },
{ "type": "Feature", "properties": { "lat": 50.0, "lon": -103.25, "image_url": "https://raw.githubusercontent.com/severe-weather-lab/soundings/refs/heads/main/input_multiple_soundings/flood/2_UTC_SwanValley_2026/20260608_02/input_sounding_2026-06-08T02_-103.25_50.0.png", "timestamp": "20260608T02" }, "geometry": { "type": "Point", "coordinates": [ -103.25, 50.0 ] } },
{ "type": "Feature", "properties": { "lat": 50.25, "lon": -103.25, "image_url": "https://raw.githubusercontent.com/severe-weather-lab/soundings/refs/heads/main/input_multiple_soundings/flood/2_UTC_SwanValley_2026/20260608_02/input_sounding_2026-06-08T02_-103.25_50.25.png", "timestamp": "20260608T02" }, "geometry": { "type": "Point", "coordinates": [ -103.25, 50.25 ] } },
{ "type": "Feature", "properties": { "lat": 50.5, "lon": -103.25, "image_url": "https://raw.githubusercontent.com/severe-weather-lab/soundings/refs/heads/main/input_multiple_soundings/flood/2_UTC_SwanValley_2026/20260608_02/input_sounding_2026-06-08T02_-103.25_50.5.png", "timestamp": "20260608T02" }, "geometry": { "type": "Point", "coordinates": [ -103.25, 50.5 ] } },
{ "type": "Feature", "properties": { "lat": 50.75, "lon": -103.25, "image_url": "https://raw.githubusercontent.com/severe-weather-lab/soundings/refs/heads/main/input_multiple_soundings/flood/2_UTC_SwanValley_2026/20260608_02/input_sounding_2026-06-08T02_-103.25_50.75.png", "timestamp": "20260608T02" }, "geometry": { "type": "Point", "coordinates": [ -103.25, 50.75 ] } },
{ "type": "Feature", "properties": { "lat": 51.0, "lon": -103.25, "image_url": "https://raw.githubusercontent.com/severe-weather-lab/soundings/refs/heads/main/input_multiple_soundings/flood/2_UTC_SwanValley_2026/20260608_02/input_sounding_2026-06-08T02_-103.25_51.0.png", "timestamp": "20260608T02" }, "geometry": { "type": "Point", "coordinates": [ -103.25, 51.0 ] } },
{ "type": "Feature", "properties": { "lat": 51.25, "lon": -103.25, "image_url": "https://raw.githubusercontent.com/severe-weather-lab/soundings/refs/heads/main/input_multiple_soundings/flood/2_UTC_SwanValley_2026/20260608_02/input_sounding_2026-06-08T02_-103.25_51.25.png", "timestamp": "20260608T02" }, "geometry": { "type": "Point", "coordinates": [ -103.25, 51.25 ] } },
{ "type": "Feature", "properties": { "lat": 51.5, "lon": -103.25, "image_url": "https://raw.githubusercontent.com/severe-weather-lab/soundings/refs/heads/main/input_multiple_soundings/flood/2_UTC_SwanValley_2026/20260608_02/input_sounding_2026-06-08T02_-103.25_51.5.png", "timestamp": "20260608T02" }, "geometry": { "type": "Point", "coordinates": [ -103.25, 51.5 ] } },
{ "type": "Feature", "properties": { "lat": 51.75, "lon": -103.25, "image_url": "https://raw.githubusercontent.com/severe-weather-lab/soundings/refs/heads/main/input_multiple_soundings/flood/2_UTC_SwanValley_2026/20260608_02/input_sounding_2026-06-08T02_-103.25_51.75.png", "timestamp": "20260608T02" }, "geometry": { "type": "Point", "coordinates": [ -103.25, 51.75 ] } },
{ "type": "Feature", "properties": { "lat": 52.0, "lon": -103.25, "image_url": "https://raw.githubusercontent.com/severe-weather-lab/soundings/refs/heads/main/input_multiple_soundings/flood/2_UTC_SwanValley_2026/20260608_02/input_sounding_2026-06-08T02_-103.25_52.0.png", "timestamp": "20260608T02" }, "geometry": { "type": "Point", "coordinates": [ -103.25, 52.0 ] } },
{ "type": "Feature", "properties": { "lat": 52.25, "lon": -103.25, "image_url": "https://raw.githubusercontent.com/severe-weather-lab/soundings/refs/heads/main/input_multiple_soundings/flood/2_UTC_SwanValley_2026/20260608_02/input_sounding_2026-06-08T02_-103.25_52.25.png", "timestamp": "20260608T02" }, "geometry": { "type": "Point", "coordinates": [ -103.25, 52.25 ] } },
{ "type": "Feature", "properties": { "lat": 52.5, "lon": -103.25, "image_url": "https://raw.githubusercontent.com/severe-weather-lab/soundings/refs/heads/main/input_multiple_soundings/flood/2_UTC_SwanValley_2026/20260608_02/input_sounding_2026-06-08T02_-103.25_52.5.png", "timestamp": "20260608T02" }, "geometry": { "type": "Point", "coordinates": [ -103.25, 52.5 ] } },
{ "type": "Feature", "properties": { "lat": 52.75, "lon": -103.25, "image_url": "https://raw.githubusercontent.com/severe-weather-lab/soundings/refs/heads/main/input_multiple_soundings/flood/2_UTC_SwanValley_2026/20260608_02/input_sounding_2026-06-08T02_-103.25_52.75.png", "timestamp": "20260608T02" }, "geometry": { "type": "Point", "coordinates": [ -103.25, 52.75 ] } },
{ "type": "Feature", "properties": { "lat": 53.0, "lon": -103.25, "image_url": "https://raw.githubusercontent.com/severe-weather-lab/soundings/refs/heads/main/input_multiple_soundings/flood/2_UTC_SwanValley_2026/20260608_02/input_sounding_2026-06-08T02_-103.25_53.0.png", "timestamp": "20260608T02" }, "geometry": { "type": "Point", "coordinates": [ -103.25, 53.0 ] } },
{ "type": "Feature", "properties": { "lat": 53.25, "lon": -103.25, "image_url": "https://raw.githubusercontent.com/severe-weather-lab/soundings/refs/heads/main/input_multiple_soundings/flood/2_UTC_SwanValley_2026/20260608_02/input_sounding_2026-06-08T02_-103.25_53.25.png", "timestamp": "20260608T02" }, "geometry": { "type": "Point", "coordinates": [ -103.25, 53.25 ] } },
{ "type": "Feature", "properties": { "lat": 53.5, "lon": -103.25, "image_url": "https://raw.githubusercontent.com/severe-weather-lab/soundings/refs/heads/main/input_multiple_soundings/flood/2_UTC_SwanValley_2026/20260608_02/input_sounding_2026-06-08T02_-103.25_53.5.png", "timestamp": "20260608T02" }, "geometry": { "type": "Point", "coordinates": [ -103.25, 53.5 ] } },
{ "type": "Feature", "properties": { "lat": 53.75, "lon": -103.25, "image_url": "https://raw.githubusercontent.com/severe-weather-lab/soundings/refs/heads/main/input_multiple_soundings/flood/2_UTC_SwanValley_2026/20260608_02/input_sounding_2026-06-08T02_-103.25_53.75.png", "timestamp": "20260608T02" }, "geometry": { "type": "Point", "coordinates": [ -103.25, 53.75 ] } },
{ "type": "Feature", "properties": { "lat": 54.0, "lon": -103.25, "image_url": "https://raw.githubusercontent.com/severe-weather-lab/soundings/refs/heads/main/input_multiple_soundings/flood/2_UTC_SwanValley_2026/20260608_02/input_sounding_2026-06-08T02_-103.25_54.0.png", "timestamp": "20260608T02" }, "geometry": { "type": "Point", "coordinates": [ -103.25, 54.0 ] } },
{ "type": "Feature", "properties": { "lat": 54.25, "lon": -103.25, "image_url": "https://raw.githubusercontent.com/severe-weather-lab/soundings/refs/heads/main/input_multiple_soundings/flood/2_UTC_SwanValley_2026/20260608_02/input_sounding_2026-06-08T02_-103.25_54.25.png", "timestamp": "20260608T02" }, "geometry": { "type": "Point", "coordinates": [ -103.25, 54.25 ] } },
{ "type": "Feature", "properties": { "lat": 49.25, "lon": -103.0, "image_url": "https://raw.githubusercontent.com/severe-weather-lab/soundings/refs/heads/main/input_multiple_soundings/flood/2_UTC_SwanValley_2026/20260608_02/input_sounding_2026-06-08T02_-103.0_49.25.png", "timestamp": "20260608T02" }, "geometry": { "type": "Point", "coordinates": [ -103.0, 49.25 ] } },
{ "type": "Feature", "properties": { "lat": 49.5, "lon": -103.0, "image_url": "https://raw.githubusercontent.com/severe-weather-lab/soundings/refs/heads/main/input_multiple_soundings/flood/2_UTC_SwanValley_2026/20260608_02/input_sounding_2026-06-08T02_-103.0_49.5.png", "timestamp": "20260608T02" }, "geometry": { "type": "Point", "coordinates": [ -103.0, 49.5 ] } },
{ "type": "Feature", "properties": { "lat": 49.75, "lon": -103.0, "image_url": "https://raw.githubusercontent.com/severe-weather-lab/soundings/refs/heads/main/input_multiple_soundings/flood/2_UTC_SwanValley_2026/20260608_02/input_sounding_2026-06-08T02_-103.0_49.75.png", "timestamp": "20260608T02" }, "geometry": { "type": "Point", "coordinates": [ -103.0, 49.75 ] } },
{ "type": "Feature", "properties": { "lat": 50.0, "lon": -103.0, "image_url": "https://raw.githubusercontent.com/severe-weather-lab/soundings/refs/heads/main/input_multiple_soundings/flood/2_UTC_SwanValley_2026/20260608_02/input_sounding_2026-06-08T02_-103.0_50.0.png", "timestamp": "20260608T02" }, "geometry": { "type": "Point", "coordinates": [ -103.0, 50.0 ] } },
{ "type": "Feature", "properties": { "lat": 50.25, "lon": -103.0, "image_url": "https://raw.githubusercontent.com/severe-weather-lab/soundings/refs/heads/main/input_multiple_soundings/flood/2_UTC_SwanValley_2026/20260608_02/input_sounding_2026-06-08T02_-103.0_50.25.png", "timestamp": "20260608T02" }, "geometry": { "type": "Point", "coordinates": [ -103.0, 50.25 ] } },
{ "type": "Feature", "properties": { "lat": 50.5, "lon": -103.0, "image_url": "https://raw.githubusercontent.com/severe-weather-lab/soundings/refs/heads/main/input_multiple_soundings/flood/2_UTC_SwanValley_2026/20260608_02/input_sounding_2026-06-08T02_-103.0_50.5.png", "timestamp": "20260608T02" }, "geometry": { "type": "Point", "coordinates": [ -103.0, 50.5 ] } },
{ "type": "Feature", "properties": { "lat": 50.75, "lon": -103.0, "image_url": "https://raw.githubusercontent.com/severe-weather-lab/soundings/refs/heads/main/input_multiple_soundings/flood/2_UTC_SwanValley_2026/20260608_02/input_sounding_2026-06-08T02_-103.0_50.75.png", "timestamp": "20260608T02" }, "geometry": { "type": "Point", "coordinates": [ -103.0, 50.75 ] } },
{ "type": "Feature", "properties": { "lat": 51.0, "lon": -103.0, "image_url": "https://raw.githubusercontent.com/severe-weather-lab/soundings/refs/heads/main/input_multiple_soundings/flood/2_UTC_SwanValley_2026/20260608_02/input_sounding_2026-06-08T02_-103.0_51.0.png", "timestamp": "20260608T02" }, "geometry": { "type": "Point", "coordinates": [ -103.0, 51.0 ] } },
{ "type": "Feature", "properties": { "lat": 51.25, "lon": -103.0, "image_url": "https://raw.githubusercontent.com/severe-weather-lab/soundings/refs/heads/main/input_multiple_soundings/flood/2_UTC_SwanValley_2026/20260608_02/input_sounding_2026-06-08T02_-103.0_51.25.png", "timestamp": "20260608T02" }, "geometry": { "type": "Point", "coordinates": [ -103.0, 51.25 ] } },
{ "type": "Feature", "properties": { "lat": 51.5, "lon": -103.0, "image_url": "https://raw.githubusercontent.com/severe-weather-lab/soundings/refs/heads/main/input_multiple_soundings/flood/2_UTC_SwanValley_2026/20260608_02/input_sounding_2026-06-08T02_-103.0_51.5.png", "timestamp": "20260608T02" }, "geometry": { "type": "Point", "coordinates": [ -103.0, 51.5 ] } },
{ "type": "Feature", "properties": { "lat": 51.75, "lon": -103.0, "image_url": "https://raw.githubusercontent.com/severe-weather-lab/soundings/refs/heads/main/input_multiple_soundings/flood/2_UTC_SwanValley_2026/20260608_02/input_sounding_2026-06-08T02_-103.0_51.75.png", "timestamp": "20260608T02" }, "geometry": { "type": "Point", "coordinates": [ -103.0, 51.75 ] } },
{ "type": "Feature", "properties": { "lat": 52.0, "lon": -103.0, "image_url": "https://raw.githubusercontent.com/severe-weather-lab/soundings/refs/heads/main/input_multiple_soundings/flood/2_UTC_SwanValley_2026/20260608_02/input_sounding_2026-06-08T02_-103.0_52.0.png", "timestamp": "20260608T02" }, "geometry": { "type": "Point", "coordinates": [ -103.0, 52.0 ] } },
{ "type": "Feature", "properties": { "lat": 52.25, "lon": -103.0, "image_url": "https://raw.githubusercontent.com/severe-weather-lab/soundings/refs/heads/main/input_multiple_soundings/flood/2_UTC_SwanValley_2026/20260608_02/input_sounding_2026-06-08T02_-103.0_52.25.png", "timestamp": "20260608T02" }, "geometry": { "type": "Point", "coordinates": [ -103.0, 52.25 ] } },
{ "type": "Feature", "properties": { "lat": 52.5, "lon": -103.0, "image_url": "https://raw.githubusercontent.com/severe-weather-lab/soundings/refs/heads/main/input_multiple_soundings/flood/2_UTC_SwanValley_2026/20260608_02/input_sounding_2026-06-08T02_-103.0_52.5.png", "timestamp": "20260608T02" }, "geometry": { "type": "Point", "coordinates": [ -103.0, 52.5 ] } },
{ "type": "Feature", "properties": { "lat": 52.75, "lon": -103.0, "image_url": "https://raw.githubusercontent.com/severe-weather-lab/soundings/refs/heads/main/input_multiple_soundings/flood/2_UTC_SwanValley_2026/20260608_02/input_sounding_2026-06-08T02_-103.0_52.75.png", "timestamp": "20260608T02" }, "geometry": { "type": "Point", "coordinates": [ -103.0, 52.75 ] } },
{ "type": "Feature", "properties": { "lat": 53.0, "lon": -103.0, "image_url": "https://raw.githubusercontent.com/severe-weather-lab/soundings/refs/heads/main/input_multiple_soundings/flood/2_UTC_SwanValley_2026/20260608_02/input_sounding_2026-06-08T02_-103.0_53.0.png", "timestamp": "20260608T02" }, "geometry": { "type": "Point", "coordinates": [ -103.0, 53.0 ] } },
{ "type": "Feature", "properties": { "lat": 53.25, "lon": -103.0, "image_url": "https://raw.githubusercontent.com/severe-weather-lab/soundings/refs/heads/main/input_multiple_soundings/flood/2_UTC_SwanValley_2026/20260608_02/input_sounding_2026-06-08T02_-103.0_53.25.png", "timestamp": "20260608T02" }, "geometry": { "type": "Point", "coordinates": [ -103.0, 53.25 ] } },
{ "type": "Feature", "properties": { "lat": 53.5, "lon": -103.0, "image_url": "https://raw.githubusercontent.com/severe-weather-lab/soundings/refs/heads/main/input_multiple_soundings/flood/2_UTC_SwanValley_2026/20260608_02/input_sounding_2026-06-08T02_-103.0_53.5.png", "timestamp": "20260608T02" }, "geometry": { "type": "Point", "coordinates": [ -103.0, 53.5 ] } },
{ "type": "Feature", "properties": { "lat": 53.75, "lon": -103.0, "image_url": "https://raw.githubusercontent.com/severe-weather-lab/soundings/refs/heads/main/input_multiple_soundings/flood/2_UTC_SwanValley_2026/20260608_02/input_sounding_2026-06-08T02_-103.0_53.75.png", "timestamp": "20260608T02" }, "geometry": { "type": "Point", "coordinates": [ -103.0, 53.75 ] } },
{ "type": "Feature", "properties": { "lat": 54.0, "lon": -103.0, "image_url": "https://raw.githubusercontent.com/severe-weather-lab/soundings/refs/heads/main/input_multiple_soundings/flood/2_UTC_SwanValley_2026/20260608_02/input_sounding_2026-06-08T02_-103.0_54.0.png", "timestamp": "20260608T02" }, "geometry": { "type": "Point", "coordinates": [ -103.0, 54.0 ] } },
{ "type": "Feature", "properties": { "lat": 54.25, "lon": -103.0, "image_url": "https://raw.githubusercontent.com/severe-weather-lab/soundings/refs/heads/main/input_multiple_soundings/flood/2_UTC_SwanValley_2026/20260608_02/input_sounding_2026-06-08T02_-103.0_54.25.png", "timestamp": "20260608T02" }, "geometry": { "type": "Point", "coordinates": [ -103.0, 54.25 ] } },
{ "type": "Feature", "properties": { "lat": 49.25, "lon": -102.75, "image_url": "https://raw.githubusercontent.com/severe-weather-lab/soundings/refs/heads/main/input_multiple_soundings/flood/2_UTC_SwanValley_2026/20260608_02/input_sounding_2026-06-08T02_-102.75_49.25.png", "timestamp": "20260608T02" }, "geometry": { "type": "Point", "coordinates": [ -102.75, 49.25 ] } },
{ "type": "Feature", "properties": { "lat": 49.5, "lon": -102.75, "image_url": "https://raw.githubusercontent.com/severe-weather-lab/soundings/refs/heads/main/input_multiple_soundings/flood/2_UTC_SwanValley_2026/20260608_02/input_sounding_2026-06-08T02_-102.75_49.5.png", "timestamp": "20260608T02" }, "geometry": { "type": "Point", "coordinates": [ -102.75, 49.5 ] } },
{ "type": "Feature", "properties": { "lat": 49.75, "lon": -102.75, "image_url": "https://raw.githubusercontent.com/severe-weather-lab/soundings/refs/heads/main/input_multiple_soundings/flood/2_UTC_SwanValley_2026/20260608_02/input_sounding_2026-06-08T02_-102.75_49.75.png", "timestamp": "20260608T02" }, "geometry": { "type": "Point", "coordinates": [ -102.75, 49.75 ] } },
{ "type": "Feature", "properties": { "lat": 50.0, "lon": -102.75, "image_url": "https://raw.githubusercontent.com/severe-weather-lab/soundings/refs/heads/main/input_multiple_soundings/flood/2_UTC_SwanValley_2026/20260608_02/input_sounding_2026-06-08T02_-102.75_50.0.png", "timestamp": "20260608T02" }, "geometry": { "type": "Point", "coordinates": [ -102.75, 50.0 ] } },
{ "type": "Feature", "properties": { "lat": 50.25, "lon": -102.75, "image_url": "https://raw.githubusercontent.com/severe-weather-lab/soundings/refs/heads/main/input_multiple_soundings/flood/2_UTC_SwanValley_2026/20260608_02/input_sounding_2026-06-08T02_-102.75_50.25.png", "timestamp": "20260608T02" }, "geometry": { "type": "Point", "coordinates": [ -102.75, 50.25 ] } },
{ "type": "Feature", "properties": { "lat": 50.5, "lon": -102.75, "image_url": "https://raw.githubusercontent.com/severe-weather-lab/soundings/refs/heads/main/input_multiple_soundings/flood/2_UTC_SwanValley_2026/20260608_02/input_sounding_2026-06-08T02_-102.75_50.5.png", "timestamp": "20260608T02" }, "geometry": { "type": "Point", "coordinates": [ -102.75, 50.5 ] } },
{ "type": "Feature", "properties": { "lat": 50.75, "lon": -102.75, "image_url": "https://raw.githubusercontent.com/severe-weather-lab/soundings/refs/heads/main/input_multiple_soundings/flood/2_UTC_SwanValley_2026/20260608_02/input_sounding_2026-06-08T02_-102.75_50.75.png", "timestamp": "20260608T02" }, "geometry": { "type": "Point", "coordinates": [ -102.75, 50.75 ] } },
{ "type": "Feature", "properties": { "lat": 51.0, "lon": -102.75, "image_url": "https://raw.githubusercontent.com/severe-weather-lab/soundings/refs/heads/main/input_multiple_soundings/flood/2_UTC_SwanValley_2026/20260608_02/input_sounding_2026-06-08T02_-102.75_51.0.png", "timestamp": "20260608T02" }, "geometry": { "type": "Point", "coordinates": [ -102.75, 51.0 ] } },
{ "type": "Feature", "properties": { "lat": 51.25, "lon": -102.75, "image_url": "https://raw.githubusercontent.com/severe-weather-lab/soundings/refs/heads/main/input_multiple_soundings/flood/2_UTC_SwanValley_2026/20260608_02/input_sounding_2026-06-08T02_-102.75_51.25.png", "timestamp": "20260608T02" }, "geometry": { "type": "Point", "coordinates": [ -102.75, 51.25 ] } },
{ "type": "Feature", "properties": { "lat": 51.5, "lon": -102.75, "image_url": "https://raw.githubusercontent.com/severe-weather-lab/soundings/refs/heads/main/input_multiple_soundings/flood/2_UTC_SwanValley_2026/20260608_02/input_sounding_2026-06-08T02_-102.75_51.5.png", "timestamp": "20260608T02" }, "geometry": { "type": "Point", "coordinates": [ -102.75, 51.5 ] } },
{ "type": "Feature", "properties": { "lat": 51.75, "lon": -102.75, "image_url": "https://raw.githubusercontent.com/severe-weather-lab/soundings/refs/heads/main/input_multiple_soundings/flood/2_UTC_SwanValley_2026/20260608_02/input_sounding_2026-06-08T02_-102.75_51.75.png", "timestamp": "20260608T02" }, "geometry": { "type": "Point", "coordinates": [ -102.75, 51.75 ] } },
{ "type": "Feature", "properties": { "lat": 52.0, "lon": -102.75, "image_url": "https://raw.githubusercontent.com/severe-weather-lab/soundings/refs/heads/main/input_multiple_soundings/flood/2_UTC_SwanValley_2026/20260608_02/input_sounding_2026-06-08T02_-102.75_52.0.png", "timestamp": "20260608T02" }, "geometry": { "type": "Point", "coordinates": [ -102.75, 52.0 ] } },
{ "type": "Feature", "properties": { "lat": 52.25, "lon": -102.75, "image_url": "https://raw.githubusercontent.com/severe-weather-lab/soundings/refs/heads/main/input_multiple_soundings/flood/2_UTC_SwanValley_2026/20260608_02/input_sounding_2026-06-08T02_-102.75_52.25.png", "timestamp": "20260608T02" }, "geometry": { "type": "Point", "coordinates": [ -102.75, 52.25 ] } },
{ "type": "Feature", "properties": { "lat": 52.5, "lon": -102.75, "image_url": "https://raw.githubusercontent.com/severe-weather-lab/soundings/refs/heads/main/input_multiple_soundings/flood/2_UTC_SwanValley_2026/20260608_02/input_sounding_2026-06-08T02_-102.75_52.5.png", "timestamp": "20260608T02" }, "geometry": { "type": "Point", "coordinates": [ -102.75, 52.5 ] } },
{ "type": "Feature", "properties": { "lat": 52.75, "lon": -102.75, "image_url": "https://raw.githubusercontent.com/severe-weather-lab/soundings/refs/heads/main/input_multiple_soundings/flood/2_UTC_SwanValley_2026/20260608_02/input_sounding_2026-06-08T02_-102.75_52.75.png", "timestamp": "20260608T02" }, "geometry": { "type": "Point", "coordinates": [ -102.75, 52.75 ] } },
{ "type": "Feature", "properties": { "lat": 53.0, "lon": -102.75, "image_url": "https://raw.githubusercontent.com/severe-weather-lab/soundings/refs/heads/main/input_multiple_soundings/flood/2_UTC_SwanValley_2026/20260608_02/input_sounding_2026-06-08T02_-102.75_53.0.png", "timestamp": "20260608T02" }, "geometry": { "type": "Point", "coordinates": [ -102.75, 53.0 ] } },
{ "type": "Feature", "properties": { "lat": 53.25, "lon": -102.75, "image_url": "https://raw.githubusercontent.com/severe-weather-lab/soundings/refs/heads/main/input_multiple_soundings/flood/2_UTC_SwanValley_2026/20260608_02/input_sounding_2026-06-08T02_-102.75_53.25.png", "timestamp": "20260608T02" }, "geometry": { "type": "Point", "coordinates": [ -102.75, 53.25 ] } },
{ "type": "Feature", "properties": { "lat": 53.5, "lon": -102.75, "image_url": "https://raw.githubusercontent.com/severe-weather-lab/soundings/refs/heads/main/input_multiple_soundings/flood/2_UTC_SwanValley_2026/20260608_02/input_sounding_2026-06-08T02_-102.75_53.5.png", "timestamp": "20260608T02" }, "geometry": { "type": "Point", "coordinates": [ -102.75, 53.5 ] } },
{ "type": "Feature", "properties": { "lat": 53.75, "lon": -102.75, "image_url": "https://raw.githubusercontent.com/severe-weather-lab/soundings/refs/heads/main/input_multiple_soundings/flood/2_UTC_SwanValley_2026/20260608_02/input_sounding_2026-06-08T02_-102.75_53.75.png", "timestamp": "20260608T02" }, "geometry": { "type": "Point", "coordinates": [ -102.75, 53.75 ] } },
{ "type": "Feature", "properties": { "lat": 54.0, "lon": -102.75, "image_url": "https://raw.githubusercontent.com/severe-weather-lab/soundings/refs/heads/main/input_multiple_soundings/flood/2_UTC_SwanValley_2026/20260608_02/input_sounding_2026-06-08T02_-102.75_54.0.png", "timestamp": "20260608T02" }, "geometry": { "type": "Point", "coordinates": [ -102.75, 54.0 ] } },
{ "type": "Feature", "properties": { "lat": 54.25, "lon": -102.75, "image_url": "https://raw.githubusercontent.com/severe-weather-lab/soundings/refs/heads/main/input_multiple_soundings/flood/2_UTC_SwanValley_2026/20260608_02/input_sounding_2026-06-08T02_-102.75_54.25.png", "timestamp": "20260608T02" }, "geometry": { "type": "Point", "coordinates": [ -102.75, 54.25 ] } },
{ "type": "Feature", "properties": { "lat": 49.25, "lon": -102.5, "image_url": "https://raw.githubusercontent.com/severe-weather-lab/soundings/refs/heads/main/input_multiple_soundings/flood/2_UTC_SwanValley_2026/20260608_02/input_sounding_2026-06-08T02_-102.5_49.25.png", "timestamp": "20260608T02" }, "geometry": { "type": "Point", "coordinates": [ -102.5, 49.25 ] } },
{ "type": "Feature", "properties": { "lat": 49.5, "lon": -102.5, "image_url": "https://raw.githubusercontent.com/severe-weather-lab/soundings/refs/heads/main/input_multiple_soundings/flood/2_UTC_SwanValley_2026/20260608_02/input_sounding_2026-06-08T02_-102.5_49.5.png", "timestamp": "20260608T02" }, "geometry": { "type": "Point", "coordinates": [ -102.5, 49.5 ] } },
{ "type": "Feature", "properties": { "lat": 49.75, "lon": -102.5, "image_url": "https://raw.githubusercontent.com/severe-weather-lab/soundings/refs/heads/main/input_multiple_soundings/flood/2_UTC_SwanValley_2026/20260608_02/input_sounding_2026-06-08T02_-102.5_49.75.png", "timestamp": "20260608T02" }, "geometry": { "type": "Point", "coordinates": [ -102.5, 49.75 ] } },
{ "type": "Feature", "properties": { "lat": 50.0, "lon": -102.5, "image_url": "https://raw.githubusercontent.com/severe-weather-lab/soundings/refs/heads/main/input_multiple_soundings/flood/2_UTC_SwanValley_2026/20260608_02/input_sounding_2026-06-08T02_-102.5_50.0.png", "timestamp": "20260608T02" }, "geometry": { "type": "Point", "coordinates": [ -102.5, 50.0 ] } },
{ "type": "Feature", "properties": { "lat": 50.25, "lon": -102.5, "image_url": "https://raw.githubusercontent.com/severe-weather-lab/soundings/refs/heads/main/input_multiple_soundings/flood/2_UTC_SwanValley_2026/20260608_02/input_sounding_2026-06-08T02_-102.5_50.25.png", "timestamp": "20260608T02" }, "geometry": { "type": "Point", "coordinates": [ -102.5, 50.25 ] } },
{ "type": "Feature", "properties": { "lat": 50.5, "lon": -102.5, "image_url": "https://raw.githubusercontent.com/severe-weather-lab/soundings/refs/heads/main/input_multiple_soundings/flood/2_UTC_SwanValley_2026/20260608_02/input_sounding_2026-06-08T02_-102.5_50.5.png", "timestamp": "20260608T02" }, "geometry": { "type": "Point", "coordinates": [ -102.5, 50.5 ] } },
{ "type": "Feature", "properties": { "lat": 50.75, "lon": -102.5, "image_url": "https://raw.githubusercontent.com/severe-weather-lab/soundings/refs/heads/main/input_multiple_soundings/flood/2_UTC_SwanValley_2026/20260608_02/input_sounding_2026-06-08T02_-102.5_50.75.png", "timestamp": "20260608T02" }, "geometry": { "type": "Point", "coordinates": [ -102.5, 50.75 ] } },
{ "type": "Feature", "properties": { "lat": 51.0, "lon": -102.5, "image_url": "https://raw.githubusercontent.com/severe-weather-lab/soundings/refs/heads/main/input_multiple_soundings/flood/2_UTC_SwanValley_2026/20260608_02/input_sounding_2026-06-08T02_-102.5_51.0.png", "timestamp": "20260608T02" }, "geometry": { "type": "Point", "coordinates": [ -102.5, 51.0 ] } },
{ "type": "Feature", "properties": { "lat": 51.25, "lon": -102.5, "image_url": "https://raw.githubusercontent.com/severe-weather-lab/soundings/refs/heads/main/input_multiple_soundings/flood/2_UTC_SwanValley_2026/20260608_02/input_sounding_2026-06-08T02_-102.5_51.25.png", "timestamp": "20260608T02" }, "geometry": { "type": "Point", "coordinates": [ -102.5, 51.25 ] } },
{ "type": "Feature", "properties": { "lat": 51.5, "lon": -102.5, "image_url": "https://raw.githubusercontent.com/severe-weather-lab/soundings/refs/heads/main/input_multiple_soundings/flood/2_UTC_SwanValley_2026/20260608_02/input_sounding_2026-06-08T02_-102.5_51.5.png", "timestamp": "20260608T02" }, "geometry": { "type": "Point", "coordinates": [ -102.5, 51.5 ] } },
{ "type": "Feature", "properties": { "lat": 51.75, "lon": -102.5, "image_url": "https://raw.githubusercontent.com/severe-weather-lab/soundings/refs/heads/main/input_multiple_soundings/flood/2_UTC_SwanValley_2026/20260608_02/input_sounding_2026-06-08T02_-102.5_51.75.png", "timestamp": "20260608T02" }, "geometry": { "type": "Point", "coordinates": [ -102.5, 51.75 ] } },
{ "type": "Feature", "properties": { "lat": 52.0, "lon": -102.5, "image_url": "https://raw.githubusercontent.com/severe-weather-lab/soundings/refs/heads/main/input_multiple_soundings/flood/2_UTC_SwanValley_2026/20260608_02/input_sounding_2026-06-08T02_-102.5_52.0.png", "timestamp": "20260608T02" }, "geometry": { "type": "Point", "coordinates": [ -102.5, 52.0 ] } },
{ "type": "Feature", "properties": { "lat": 52.25, "lon": -102.5, "image_url": "https://raw.githubusercontent.com/severe-weather-lab/soundings/refs/heads/main/input_multiple_soundings/flood/2_UTC_SwanValley_2026/20260608_02/input_sounding_2026-06-08T02_-102.5_52.25.png", "timestamp": "20260608T02" }, "geometry": { "type": "Point", "coordinates": [ -102.5, 52.25 ] } },
{ "type": "Feature", "properties": { "lat": 52.5, "lon": -102.5, "image_url": "https://raw.githubusercontent.com/severe-weather-lab/soundings/refs/heads/main/input_multiple_soundings/flood/2_UTC_SwanValley_2026/20260608_02/input_sounding_2026-06-08T02_-102.5_52.5.png", "timestamp": "20260608T02" }, "geometry": { "type": "Point", "coordinates": [ -102.5, 52.5 ] } },
{ "type": "Feature", "properties": { "lat": 52.75, "lon": -102.5, "image_url": "https://raw.githubusercontent.com/severe-weather-lab/soundings/refs/heads/main/input_multiple_soundings/flood/2_UTC_SwanValley_2026/20260608_02/input_sounding_2026-06-08T02_-102.5_52.75.png", "timestamp": "20260608T02" }, "geometry": { "type": "Point", "coordinates": [ -102.5, 52.75 ] } },
{ "type": "Feature", "properties": { "lat": 53.0, "lon": -102.5, "image_url": "https://raw.githubusercontent.com/severe-weather-lab/soundings/refs/heads/main/input_multiple_soundings/flood/2_UTC_SwanValley_2026/20260608_02/input_sounding_2026-06-08T02_-102.5_53.0.png", "timestamp": "20260608T02" }, "geometry": { "type": "Point", "coordinates": [ -102.5, 53.0 ] } },
{ "type": "Feature", "properties": { "lat": 53.25, "lon": -102.5, "image_url": "https://raw.githubusercontent.com/severe-weather-lab/soundings/refs/heads/main/input_multiple_soundings/flood/2_UTC_SwanValley_2026/20260608_02/input_sounding_2026-06-08T02_-102.5_53.25.png", "timestamp": "20260608T02" }, "geometry": { "type": "Point", "coordinates": [ -102.5, 53.25 ] } },
{ "type": "Feature", "properties": { "lat": 53.5, "lon": -102.5, "image_url": "https://raw.githubusercontent.com/severe-weather-lab/soundings/refs/heads/main/input_multiple_soundings/flood/2_UTC_SwanValley_2026/20260608_02/input_sounding_2026-06-08T02_-102.5_53.5.png", "timestamp": "20260608T02" }, "geometry": { "type": "Point", "coordinates": [ -102.5, 53.5 ] } },
{ "type": "Feature", "properties": { "lat": 53.75, "lon": -102.5, "image_url": "https://raw.githubusercontent.com/severe-weather-lab/soundings/refs/heads/main/input_multiple_soundings/flood/2_UTC_SwanValley_2026/20260608_02/input_sounding_2026-06-08T02_-102.5_53.75.png", "timestamp": "20260608T02" }, "geometry": { "type": "Point", "coordinates": [ -102.5, 53.75 ] } },
{ "type": "Feature", "properties": { "lat": 54.0, "lon": -102.5, "image_url": "https://raw.githubusercontent.com/severe-weather-lab/soundings/refs/heads/main/input_multiple_soundings/flood/2_UTC_SwanValley_2026/20260608_02/input_sounding_2026-06-08T02_-102.5_54.0.png", "timestamp": "20260608T02" }, "geometry": { "type": "Point", "coordinates": [ -102.5, 54.0 ] } },
{ "type": "Feature", "properties": { "lat": 54.25, "lon": -102.5, "image_url": "https://raw.githubusercontent.com/severe-weather-lab/soundings/refs/heads/main/input_multiple_soundings/flood/2_UTC_SwanValley_2026/20260608_02/input_sounding_2026-06-08T02_-102.5_54.25.png", "timestamp": "20260608T02" }, "geometry": { "type": "Point", "coordinates": [ -102.5, 54.25 ] } },
{ "type": "Feature", "properties": { "lat": 49.25, "lon": -102.25, "image_url": "https://raw.githubusercontent.com/severe-weather-lab/soundings/refs/heads/main/input_multiple_soundings/flood/2_UTC_SwanValley_2026/20260608_02/input_sounding_2026-06-08T02_-102.25_49.25.png", "timestamp": "20260608T02" }, "geometry": { "type": "Point", "coordinates": [ -102.25, 49.25 ] } },
{ "type": "Feature", "properties": { "lat": 49.5, "lon": -102.25, "image_url": "https://raw.githubusercontent.com/severe-weather-lab/soundings/refs/heads/main/input_multiple_soundings/flood/2_UTC_SwanValley_2026/20260608_02/input_sounding_2026-06-08T02_-102.25_49.5.png", "timestamp": "20260608T02" }, "geometry": { "type": "Point", "coordinates": [ -102.25, 49.5 ] } },
{ "type": "Feature", "properties": { "lat": 49.75, "lon": -102.25, "image_url": "https://raw.githubusercontent.com/severe-weather-lab/soundings/refs/heads/main/input_multiple_soundings/flood/2_UTC_SwanValley_2026/20260608_02/input_sounding_2026-06-08T02_-102.25_49.75.png", "timestamp": "20260608T02" }, "geometry": { "type": "Point", "coordinates": [ -102.25, 49.75 ] } },
{ "type": "Feature", "properties": { "lat": 50.0, "lon": -102.25, "image_url": "https://raw.githubusercontent.com/severe-weather-lab/soundings/refs/heads/main/input_multiple_soundings/flood/2_UTC_SwanValley_2026/20260608_02/input_sounding_2026-06-08T02_-102.25_50.0.png", "timestamp": "20260608T02" }, "geometry": { "type": "Point", "coordinates": [ -102.25, 50.0 ] } },
{ "type": "Feature", "properties": { "lat": 50.25, "lon": -102.25, "image_url": "https://raw.githubusercontent.com/severe-weather-lab/soundings/refs/heads/main/input_multiple_soundings/flood/2_UTC_SwanValley_2026/20260608_02/input_sounding_2026-06-08T02_-102.25_50.25.png", "timestamp": "20260608T02" }, "geometry": { "type": "Point", "coordinates": [ -102.25, 50.25 ] } },
{ "type": "Feature", "properties": { "lat": 50.5, "lon": -102.25, "image_url": "https://raw.githubusercontent.com/severe-weather-lab/soundings/refs/heads/main/input_multiple_soundings/flood/2_UTC_SwanValley_2026/20260608_02/input_sounding_2026-06-08T02_-102.25_50.5.png", "timestamp": "20260608T02" }, "geometry": { "type": "Point", "coordinates": [ -102.25, 50.5 ] } },
{ "type": "Feature", "properties": { "lat": 50.75, "lon": -102.25, "image_url": "https://raw.githubusercontent.com/severe-weather-lab/soundings/refs/heads/main/input_multiple_soundings/flood/2_UTC_SwanValley_2026/20260608_02/input_sounding_2026-06-08T02_-102.25_50.75.png", "timestamp": "20260608T02" }, "geometry": { "type": "Point", "coordinates": [ -102.25, 50.75 ] } },
{ "type": "Feature", "properties": { "lat": 51.0, "lon": -102.25, "image_url": "https://raw.githubusercontent.com/severe-weather-lab/soundings/refs/heads/main/input_multiple_soundings/flood/2_UTC_SwanValley_2026/20260608_02/input_sounding_2026-06-08T02_-102.25_51.0.png", "timestamp": "20260608T02" }, "geometry": { "type": "Point", "coordinates": [ -102.25, 51.0 ] } },
{ "type": "Feature", "properties": { "lat": 51.25, "lon": -102.25, "image_url": "https://raw.githubusercontent.com/severe-weather-lab/soundings/refs/heads/main/input_multiple_soundings/flood/2_UTC_SwanValley_2026/20260608_02/input_sounding_2026-06-08T02_-102.25_51.25.png", "timestamp": "20260608T02" }, "geometry": { "type": "Point", "coordinates": [ -102.25, 51.25 ] } },
{ "type": "Feature", "properties": { "lat": 51.5, "lon": -102.25, "image_url": "https://raw.githubusercontent.com/severe-weather-lab/soundings/refs/heads/main/input_multiple_soundings/flood/2_UTC_SwanValley_2026/20260608_02/input_sounding_2026-06-08T02_-102.25_51.5.png", "timestamp": "20260608T02" }, "geometry": { "type": "Point", "coordinates": [ -102.25, 51.5 ] } },
{ "type": "Feature", "properties": { "lat": 51.75, "lon": -102.25, "image_url": "https://raw.githubusercontent.com/severe-weather-lab/soundings/refs/heads/main/input_multiple_soundings/flood/2_UTC_SwanValley_2026/20260608_02/input_sounding_2026-06-08T02_-102.25_51.75.png", "timestamp": "20260608T02" }, "geometry": { "type": "Point", "coordinates": [ -102.25, 51.75 ] } },
{ "type": "Feature", "properties": { "lat": 52.0, "lon": -102.25, "image_url": "https://raw.githubusercontent.com/severe-weather-lab/soundings/refs/heads/main/input_multiple_soundings/flood/2_UTC_SwanValley_2026/20260608_02/input_sounding_2026-06-08T02_-102.25_52.0.png", "timestamp": "20260608T02" }, "geometry": { "type": "Point", "coordinates": [ -102.25, 52.0 ] } },
{ "type": "Feature", "properties": { "lat": 52.25, "lon": -102.25, "image_url": "https://raw.githubusercontent.com/severe-weather-lab/soundings/refs/heads/main/input_multiple_soundings/flood/2_UTC_SwanValley_2026/20260608_02/input_sounding_2026-06-08T02_-102.25_52.25.png", "timestamp": "20260608T02" }, "geometry": { "type": "Point", "coordinates": [ -102.25, 52.25 ] } },
{ "type": "Feature", "properties": { "lat": 52.5, "lon": -102.25, "image_url": "https://raw.githubusercontent.com/severe-weather-lab/soundings/refs/heads/main/input_multiple_soundings/flood/2_UTC_SwanValley_2026/20260608_02/input_sounding_2026-06-08T02_-102.25_52.5.png", "timestamp": "20260608T02" }, "geometry": { "type": "Point", "coordinates": [ -102.25, 52.5 ] } },
{ "type": "Feature", "properties": { "lat": 52.75, "lon": -102.25, "image_url": "https://raw.githubusercontent.com/severe-weather-lab/soundings/refs/heads/main/input_multiple_soundings/flood/2_UTC_SwanValley_2026/20260608_02/input_sounding_2026-06-08T02_-102.25_52.75.png", "timestamp": "20260608T02" }, "geometry": { "type": "Point", "coordinates": [ -102.25, 52.75 ] } },
{ "type": "Feature", "properties": { "lat": 53.0, "lon": -102.25, "image_url": "https://raw.githubusercontent.com/severe-weather-lab/soundings/refs/heads/main/input_multiple_soundings/flood/2_UTC_SwanValley_2026/20260608_02/input_sounding_2026-06-08T02_-102.25_53.0.png", "timestamp": "20260608T02" }, "geometry": { "type": "Point", "coordinates": [ -102.25, 53.0 ] } },
{ "type": "Feature", "properties": { "lat": 53.25, "lon": -102.25, "image_url": "https://raw.githubusercontent.com/severe-weather-lab/soundings/refs/heads/main/input_multiple_soundings/flood/2_UTC_SwanValley_2026/20260608_02/input_sounding_2026-06-08T02_-102.25_53.25.png", "timestamp": "20260608T02" }, "geometry": { "type": "Point", "coordinates": [ -102.25, 53.25 ] } },
{ "type": "Feature", "properties": { "lat": 53.5, "lon": -102.25, "image_url": "https://raw.githubusercontent.com/severe-weather-lab/soundings/refs/heads/main/input_multiple_soundings/flood/2_UTC_SwanValley_2026/20260608_02/input_sounding_2026-06-08T02_-102.25_53.5.png", "timestamp": "20260608T02" }, "geometry": { "type": "Point", "coordinates": [ -102.25, 53.5 ] } },
{ "type": "Feature", "properties": { "lat": 53.75, "lon": -102.25, "image_url": "https://raw.githubusercontent.com/severe-weather-lab/soundings/refs/heads/main/input_multiple_soundings/flood/2_UTC_SwanValley_2026/20260608_02/input_sounding_2026-06-08T02_-102.25_53.75.png", "timestamp": "20260608T02" }, "geometry": { "type": "Point", "coordinates": [ -102.25, 53.75 ] } },
{ "type": "Feature", "properties": { "lat": 54.0, "lon": -102.25, "image_url": "https://raw.githubusercontent.com/severe-weather-lab/soundings/refs/heads/main/input_multiple_soundings/flood/2_UTC_SwanValley_2026/20260608_02/input_sounding_2026-06-08T02_-102.25_54.0.png", "timestamp": "20260608T02" }, "geometry": { "type": "Point", "coordinates": [ -102.25, 54.0 ] } },
{ "type": "Feature", "properties": { "lat": 54.25, "lon": -102.25, "image_url": "https://raw.githubusercontent.com/severe-weather-lab/soundings/refs/heads/main/input_multiple_soundings/flood/2_UTC_SwanValley_2026/20260608_02/input_sounding_2026-06-08T02_-102.25_54.25.png", "timestamp": "20260608T02" }, "geometry": { "type": "Point", "coordinates": [ -102.25, 54.25 ] } },
{ "type": "Feature", "properties": { "lat": 49.25, "lon": -102.0, "image_url": "https://raw.githubusercontent.com/severe-weather-lab/soundings/refs/heads/main/input_multiple_soundings/flood/2_UTC_SwanValley_2026/20260608_02/input_sounding_2026-06-08T02_-102.0_49.25.png", "timestamp": "20260608T02" }, "geometry": { "type": "Point", "coordinates": [ -102.0, 49.25 ] } },
{ "type": "Feature", "properties": { "lat": 49.5, "lon": -102.0, "image_url": "https://raw.githubusercontent.com/severe-weather-lab/soundings/refs/heads/main/input_multiple_soundings/flood/2_UTC_SwanValley_2026/20260608_02/input_sounding_2026-06-08T02_-102.0_49.5.png", "timestamp": "20260608T02" }, "geometry": { "type": "Point", "coordinates": [ -102.0, 49.5 ] } },
{ "type": "Feature", "properties": { "lat": 49.75, "lon": -102.0, "image_url": "https://raw.githubusercontent.com/severe-weather-lab/soundings/refs/heads/main/input_multiple_soundings/flood/2_UTC_SwanValley_2026/20260608_02/input_sounding_2026-06-08T02_-102.0_49.75.png", "timestamp": "20260608T02" }, "geometry": { "type": "Point", "coordinates": [ -102.0, 49.75 ] } },
{ "type": "Feature", "properties": { "lat": 50.0, "lon": -102.0, "image_url": "https://raw.githubusercontent.com/severe-weather-lab/soundings/refs/heads/main/input_multiple_soundings/flood/2_UTC_SwanValley_2026/20260608_02/input_sounding_2026-06-08T02_-102.0_50.0.png", "timestamp": "20260608T02" }, "geometry": { "type": "Point", "coordinates": [ -102.0, 50.0 ] } },
{ "type": "Feature", "properties": { "lat": 50.25, "lon": -102.0, "image_url": "https://raw.githubusercontent.com/severe-weather-lab/soundings/refs/heads/main/input_multiple_soundings/flood/2_UTC_SwanValley_2026/20260608_02/input_sounding_2026-06-08T02_-102.0_50.25.png", "timestamp": "20260608T02" }, "geometry": { "type": "Point", "coordinates": [ -102.0, 50.25 ] } },
{ "type": "Feature", "properties": { "lat": 50.5, "lon": -102.0, "image_url": "https://raw.githubusercontent.com/severe-weather-lab/soundings/refs/heads/main/input_multiple_soundings/flood/2_UTC_SwanValley_2026/20260608_02/input_sounding_2026-06-08T02_-102.0_50.5.png", "timestamp": "20260608T02" }, "geometry": { "type": "Point", "coordinates": [ -102.0, 50.5 ] } },
{ "type": "Feature", "properties": { "lat": 50.75, "lon": -102.0, "image_url": "https://raw.githubusercontent.com/severe-weather-lab/soundings/refs/heads/main/input_multiple_soundings/flood/2_UTC_SwanValley_2026/20260608_02/input_sounding_2026-06-08T02_-102.0_50.75.png", "timestamp": "20260608T02" }, "geometry": { "type": "Point", "coordinates": [ -102.0, 50.75 ] } },
{ "type": "Feature", "properties": { "lat": 51.0, "lon": -102.0, "image_url": "https://raw.githubusercontent.com/severe-weather-lab/soundings/refs/heads/main/input_multiple_soundings/flood/2_UTC_SwanValley_2026/20260608_02/input_sounding_2026-06-08T02_-102.0_51.0.png", "timestamp": "20260608T02" }, "geometry": { "type": "Point", "coordinates": [ -102.0, 51.0 ] } },
{ "type": "Feature", "properties": { "lat": 51.25, "lon": -102.0, "image_url": "https://raw.githubusercontent.com/severe-weather-lab/soundings/refs/heads/main/input_multiple_soundings/flood/2_UTC_SwanValley_2026/20260608_02/input_sounding_2026-06-08T02_-102.0_51.25.png", "timestamp": "20260608T02" }, "geometry": { "type": "Point", "coordinates": [ -102.0, 51.25 ] } },
{ "type": "Feature", "properties": { "lat": 51.5, "lon": -102.0, "image_url": "https://raw.githubusercontent.com/severe-weather-lab/soundings/refs/heads/main/input_multiple_soundings/flood/2_UTC_SwanValley_2026/20260608_02/input_sounding_2026-06-08T02_-102.0_51.5.png", "timestamp": "20260608T02" }, "geometry": { "type": "Point", "coordinates": [ -102.0, 51.5 ] } },
{ "type": "Feature", "properties": { "lat": 51.75, "lon": -102.0, "image_url": "https://raw.githubusercontent.com/severe-weather-lab/soundings/refs/heads/main/input_multiple_soundings/flood/2_UTC_SwanValley_2026/20260608_02/input_sounding_2026-06-08T02_-102.0_51.75.png", "timestamp": "20260608T02" }, "geometry": { "type": "Point", "coordinates": [ -102.0, 51.75 ] } },
{ "type": "Feature", "properties": { "lat": 52.0, "lon": -102.0, "image_url": "https://raw.githubusercontent.com/severe-weather-lab/soundings/refs/heads/main/input_multiple_soundings/flood/2_UTC_SwanValley_2026/20260608_02/input_sounding_2026-06-08T02_-102.0_52.0.png", "timestamp": "20260608T02" }, "geometry": { "type": "Point", "coordinates": [ -102.0, 52.0 ] } },
{ "type": "Feature", "properties": { "lat": 52.25, "lon": -102.0, "image_url": "https://raw.githubusercontent.com/severe-weather-lab/soundings/refs/heads/main/input_multiple_soundings/flood/2_UTC_SwanValley_2026/20260608_02/input_sounding_2026-06-08T02_-102.0_52.25.png", "timestamp": "20260608T02" }, "geometry": { "type": "Point", "coordinates": [ -102.0, 52.25 ] } },
{ "type": "Feature", "properties": { "lat": 52.5, "lon": -102.0, "image_url": "https://raw.githubusercontent.com/severe-weather-lab/soundings/refs/heads/main/input_multiple_soundings/flood/2_UTC_SwanValley_2026/20260608_02/input_sounding_2026-06-08T02_-102.0_52.5.png", "timestamp": "20260608T02" }, "geometry": { "type": "Point", "coordinates": [ -102.0, 52.5 ] } },
{ "type": "Feature", "properties": { "lat": 52.75, "lon": -102.0, "image_url": "https://raw.githubusercontent.com/severe-weather-lab/soundings/refs/heads/main/input_multiple_soundings/flood/2_UTC_SwanValley_2026/20260608_02/input_sounding_2026-06-08T02_-102.0_52.75.png", "timestamp": "20260608T02" }, "geometry": { "type": "Point", "coordinates": [ -102.0, 52.75 ] } },
{ "type": "Feature", "properties": { "lat": 53.0, "lon": -102.0, "image_url": "https://raw.githubusercontent.com/severe-weather-lab/soundings/refs/heads/main/input_multiple_soundings/flood/2_UTC_SwanValley_2026/20260608_02/input_sounding_2026-06-08T02_-102.0_53.0.png", "timestamp": "20260608T02" }, "geometry": { "type": "Point", "coordinates": [ -102.0, 53.0 ] } },
{ "type": "Feature", "properties": { "lat": 53.25, "lon": -102.0, "image_url": "https://raw.githubusercontent.com/severe-weather-lab/soundings/refs/heads/main/input_multiple_soundings/flood/2_UTC_SwanValley_2026/20260608_02/input_sounding_2026-06-08T02_-102.0_53.25.png", "timestamp": "20260608T02" }, "geometry": { "type": "Point", "coordinates": [ -102.0, 53.25 ] } },
{ "type": "Feature", "properties": { "lat": 53.5, "lon": -102.0, "image_url": "https://raw.githubusercontent.com/severe-weather-lab/soundings/refs/heads/main/input_multiple_soundings/flood/2_UTC_SwanValley_2026/20260608_02/input_sounding_2026-06-08T02_-102.0_53.5.png", "timestamp": "20260608T02" }, "geometry": { "type": "Point", "coordinates": [ -102.0, 53.5 ] } },
{ "type": "Feature", "properties": { "lat": 53.75, "lon": -102.0, "image_url": "https://raw.githubusercontent.com/severe-weather-lab/soundings/refs/heads/main/input_multiple_soundings/flood/2_UTC_SwanValley_2026/20260608_02/input_sounding_2026-06-08T02_-102.0_53.75.png", "timestamp": "20260608T02" }, "geometry": { "type": "Point", "coordinates": [ -102.0, 53.75 ] } },
{ "type": "Feature", "properties": { "lat": 54.0, "lon": -102.0, "image_url": "https://raw.githubusercontent.com/severe-weather-lab/soundings/refs/heads/main/input_multiple_soundings/flood/2_UTC_SwanValley_2026/20260608_02/input_sounding_2026-06-08T02_-102.0_54.0.png", "timestamp": "20260608T02" }, "geometry": { "type": "Point", "coordinates": [ -102.0, 54.0 ] } },
{ "type": "Feature", "properties": { "lat": 54.25, "lon": -102.0, "image_url": "https://raw.githubusercontent.com/severe-weather-lab/soundings/refs/heads/main/input_multiple_soundings/flood/2_UTC_SwanValley_2026/20260608_02/input_sounding_2026-06-08T02_-102.0_54.25.png", "timestamp": "20260608T02" }, "geometry": { "type": "Point", "coordinates": [ -102.0, 54.25 ] } },
{ "type": "Feature", "properties": { "lat": 49.25, "lon": -101.75, "image_url": "https://raw.githubusercontent.com/severe-weather-lab/soundings/refs/heads/main/input_multiple_soundings/flood/2_UTC_SwanValley_2026/20260608_02/input_sounding_2026-06-08T02_-101.75_49.25.png", "timestamp": "20260608T02" }, "geometry": { "type": "Point", "coordinates": [ -101.75, 49.25 ] } },
{ "type": "Feature", "properties": { "lat": 49.5, "lon": -101.75, "image_url": "https://raw.githubusercontent.com/severe-weather-lab/soundings/refs/heads/main/input_multiple_soundings/flood/2_UTC_SwanValley_2026/20260608_02/input_sounding_2026-06-08T02_-101.75_49.5.png", "timestamp": "20260608T02" }, "geometry": { "type": "Point", "coordinates": [ -101.75, 49.5 ] } },
{ "type": "Feature", "properties": { "lat": 49.75, "lon": -101.75, "image_url": "https://raw.githubusercontent.com/severe-weather-lab/soundings/refs/heads/main/input_multiple_soundings/flood/2_UTC_SwanValley_2026/20260608_02/input_sounding_2026-06-08T02_-101.75_49.75.png", "timestamp": "20260608T02" }, "geometry": { "type": "Point", "coordinates": [ -101.75, 49.75 ] } },
{ "type": "Feature", "properties": { "lat": 50.0, "lon": -101.75, "image_url": "https://raw.githubusercontent.com/severe-weather-lab/soundings/refs/heads/main/input_multiple_soundings/flood/2_UTC_SwanValley_2026/20260608_02/input_sounding_2026-06-08T02_-101.75_50.0.png", "timestamp": "20260608T02" }, "geometry": { "type": "Point", "coordinates": [ -101.75, 50.0 ] } },
{ "type": "Feature", "properties": { "lat": 50.25, "lon": -101.75, "image_url": "https://raw.githubusercontent.com/severe-weather-lab/soundings/refs/heads/main/input_multiple_soundings/flood/2_UTC_SwanValley_2026/20260608_02/input_sounding_2026-06-08T02_-101.75_50.25.png", "timestamp": "20260608T02" }, "geometry": { "type": "Point", "coordinates": [ -101.75, 50.25 ] } },
{ "type": "Feature", "properties": { "lat": 50.5, "lon": -101.75, "image_url": "https://raw.githubusercontent.com/severe-weather-lab/soundings/refs/heads/main/input_multiple_soundings/flood/2_UTC_SwanValley_2026/20260608_02/input_sounding_2026-06-08T02_-101.75_50.5.png", "timestamp": "20260608T02" }, "geometry": { "type": "Point", "coordinates": [ -101.75, 50.5 ] } },
{ "type": "Feature", "properties": { "lat": 50.75, "lon": -101.75, "image_url": "https://raw.githubusercontent.com/severe-weather-lab/soundings/refs/heads/main/input_multiple_soundings/flood/2_UTC_SwanValley_2026/20260608_02/input_sounding_2026-06-08T02_-101.75_50.75.png", "timestamp": "20260608T02" }, "geometry": { "type": "Point", "coordinates": [ -101.75, 50.75 ] } },
{ "type": "Feature", "properties": { "lat": 51.0, "lon": -101.75, "image_url": "https://raw.githubusercontent.com/severe-weather-lab/soundings/refs/heads/main/input_multiple_soundings/flood/2_UTC_SwanValley_2026/20260608_02/input_sounding_2026-06-08T02_-101.75_51.0.png", "timestamp": "20260608T02" }, "geometry": { "type": "Point", "coordinates": [ -101.75, 51.0 ] } },
{ "type": "Feature", "properties": { "lat": 51.25, "lon": -101.75, "image_url": "https://raw.githubusercontent.com/severe-weather-lab/soundings/refs/heads/main/input_multiple_soundings/flood/2_UTC_SwanValley_2026/20260608_02/input_sounding_2026-06-08T02_-101.75_51.25.png", "timestamp": "20260608T02" }, "geometry": { "type": "Point", "coordinates": [ -101.75, 51.25 ] } },
{ "type": "Feature", "properties": { "lat": 51.5, "lon": -101.75, "image_url": "https://raw.githubusercontent.com/severe-weather-lab/soundings/refs/heads/main/input_multiple_soundings/flood/2_UTC_SwanValley_2026/20260608_02/input_sounding_2026-06-08T02_-101.75_51.5.png", "timestamp": "20260608T02" }, "geometry": { "type": "Point", "coordinates": [ -101.75, 51.5 ] } },
{ "type": "Feature", "properties": { "lat": 51.75, "lon": -101.75, "image_url": "https://raw.githubusercontent.com/severe-weather-lab/soundings/refs/heads/main/input_multiple_soundings/flood/2_UTC_SwanValley_2026/20260608_02/input_sounding_2026-06-08T02_-101.75_51.75.png", "timestamp": "20260608T02" }, "geometry": { "type": "Point", "coordinates": [ -101.75, 51.75 ] } },
{ "type": "Feature", "properties": { "lat": 52.0, "lon": -101.75, "image_url": "https://raw.githubusercontent.com/severe-weather-lab/soundings/refs/heads/main/input_multiple_soundings/flood/2_UTC_SwanValley_2026/20260608_02/input_sounding_2026-06-08T02_-101.75_52.0.png", "timestamp": "20260608T02" }, "geometry": { "type": "Point", "coordinates": [ -101.75, 52.0 ] } },
{ "type": "Feature", "properties": { "lat": 52.25, "lon": -101.75, "image_url": "https://raw.githubusercontent.com/severe-weather-lab/soundings/refs/heads/main/input_multiple_soundings/flood/2_UTC_SwanValley_2026/20260608_02/input_sounding_2026-06-08T02_-101.75_52.25.png", "timestamp": "20260608T02" }, "geometry": { "type": "Point", "coordinates": [ -101.75, 52.25 ] } },
{ "type": "Feature", "properties": { "lat": 52.5, "lon": -101.75, "image_url": "https://raw.githubusercontent.com/severe-weather-lab/soundings/refs/heads/main/input_multiple_soundings/flood/2_UTC_SwanValley_2026/20260608_02/input_sounding_2026-06-08T02_-101.75_52.5.png", "timestamp": "20260608T02" }, "geometry": { "type": "Point", "coordinates": [ -101.75, 52.5 ] } },
{ "type": "Feature", "properties": { "lat": 52.75, "lon": -101.75, "image_url": "https://raw.githubusercontent.com/severe-weather-lab/soundings/refs/heads/main/input_multiple_soundings/flood/2_UTC_SwanValley_2026/20260608_02/input_sounding_2026-06-08T02_-101.75_52.75.png", "timestamp": "20260608T02" }, "geometry": { "type": "Point", "coordinates": [ -101.75, 52.75 ] } },
{ "type": "Feature", "properties": { "lat": 53.0, "lon": -101.75, "image_url": "https://raw.githubusercontent.com/severe-weather-lab/soundings/refs/heads/main/input_multiple_soundings/flood/2_UTC_SwanValley_2026/20260608_02/input_sounding_2026-06-08T02_-101.75_53.0.png", "timestamp": "20260608T02" }, "geometry": { "type": "Point", "coordinates": [ -101.75, 53.0 ] } },
{ "type": "Feature", "properties": { "lat": 53.25, "lon": -101.75, "image_url": "https://raw.githubusercontent.com/severe-weather-lab/soundings/refs/heads/main/input_multiple_soundings/flood/2_UTC_SwanValley_2026/20260608_02/input_sounding_2026-06-08T02_-101.75_53.25.png", "timestamp": "20260608T02" }, "geometry": { "type": "Point", "coordinates": [ -101.75, 53.25 ] } },
{ "type": "Feature", "properties": { "lat": 53.5, "lon": -101.75, "image_url": "https://raw.githubusercontent.com/severe-weather-lab/soundings/refs/heads/main/input_multiple_soundings/flood/2_UTC_SwanValley_2026/20260608_02/input_sounding_2026-06-08T02_-101.75_53.5.png", "timestamp": "20260608T02" }, "geometry": { "type": "Point", "coordinates": [ -101.75, 53.5 ] } },
{ "type": "Feature", "properties": { "lat": 53.75, "lon": -101.75, "image_url": "https://raw.githubusercontent.com/severe-weather-lab/soundings/refs/heads/main/input_multiple_soundings/flood/2_UTC_SwanValley_2026/20260608_02/input_sounding_2026-06-08T02_-101.75_53.75.png", "timestamp": "20260608T02" }, "geometry": { "type": "Point", "coordinates": [ -101.75, 53.75 ] } },
{ "type": "Feature", "properties": { "lat": 54.0, "lon": -101.75, "image_url": "https://raw.githubusercontent.com/severe-weather-lab/soundings/refs/heads/main/input_multiple_soundings/flood/2_UTC_SwanValley_2026/20260608_02/input_sounding_2026-06-08T02_-101.75_54.0.png", "timestamp": "20260608T02" }, "geometry": { "type": "Point", "coordinates": [ -101.75, 54.0 ] } },
{ "type": "Feature", "properties": { "lat": 54.25, "lon": -101.75, "image_url": "https://raw.githubusercontent.com/severe-weather-lab/soundings/refs/heads/main/input_multiple_soundings/flood/2_UTC_SwanValley_2026/20260608_02/input_sounding_2026-06-08T02_-101.75_54.25.png", "timestamp": "20260608T02" }, "geometry": { "type": "Point", "coordinates": [ -101.75, 54.25 ] } },
{ "type": "Feature", "properties": { "lat": 49.25, "lon": -101.5, "image_url": "https://raw.githubusercontent.com/severe-weather-lab/soundings/refs/heads/main/input_multiple_soundings/flood/2_UTC_SwanValley_2026/20260608_02/input_sounding_2026-06-08T02_-101.5_49.25.png", "timestamp": "20260608T02" }, "geometry": { "type": "Point", "coordinates": [ -101.5, 49.25 ] } },
{ "type": "Feature", "properties": { "lat": 49.5, "lon": -101.5, "image_url": "https://raw.githubusercontent.com/severe-weather-lab/soundings/refs/heads/main/input_multiple_soundings/flood/2_UTC_SwanValley_2026/20260608_02/input_sounding_2026-06-08T02_-101.5_49.5.png", "timestamp": "20260608T02" }, "geometry": { "type": "Point", "coordinates": [ -101.5, 49.5 ] } },
{ "type": "Feature", "properties": { "lat": 49.75, "lon": -101.5, "image_url": "https://raw.githubusercontent.com/severe-weather-lab/soundings/refs/heads/main/input_multiple_soundings/flood/2_UTC_SwanValley_2026/20260608_02/input_sounding_2026-06-08T02_-101.5_49.75.png", "timestamp": "20260608T02" }, "geometry": { "type": "Point", "coordinates": [ -101.5, 49.75 ] } },
{ "type": "Feature", "properties": { "lat": 50.0, "lon": -101.5, "image_url": "https://raw.githubusercontent.com/severe-weather-lab/soundings/refs/heads/main/input_multiple_soundings/flood/2_UTC_SwanValley_2026/20260608_02/input_sounding_2026-06-08T02_-101.5_50.0.png", "timestamp": "20260608T02" }, "geometry": { "type": "Point", "coordinates": [ -101.5, 50.0 ] } },
{ "type": "Feature", "properties": { "lat": 50.25, "lon": -101.5, "image_url": "https://raw.githubusercontent.com/severe-weather-lab/soundings/refs/heads/main/input_multiple_soundings/flood/2_UTC_SwanValley_2026/20260608_02/input_sounding_2026-06-08T02_-101.5_50.25.png", "timestamp": "20260608T02" }, "geometry": { "type": "Point", "coordinates": [ -101.5, 50.25 ] } },
{ "type": "Feature", "properties": { "lat": 50.5, "lon": -101.5, "image_url": "https://raw.githubusercontent.com/severe-weather-lab/soundings/refs/heads/main/input_multiple_soundings/flood/2_UTC_SwanValley_2026/20260608_02/input_sounding_2026-06-08T02_-101.5_50.5.png", "timestamp": "20260608T02" }, "geometry": { "type": "Point", "coordinates": [ -101.5, 50.5 ] } },
{ "type": "Feature", "properties": { "lat": 50.75, "lon": -101.5, "image_url": "https://raw.githubusercontent.com/severe-weather-lab/soundings/refs/heads/main/input_multiple_soundings/flood/2_UTC_SwanValley_2026/20260608_02/input_sounding_2026-06-08T02_-101.5_50.75.png", "timestamp": "20260608T02" }, "geometry": { "type": "Point", "coordinates": [ -101.5, 50.75 ] } },
{ "type": "Feature", "properties": { "lat": 51.0, "lon": -101.5, "image_url": "https://raw.githubusercontent.com/severe-weather-lab/soundings/refs/heads/main/input_multiple_soundings/flood/2_UTC_SwanValley_2026/20260608_02/input_sounding_2026-06-08T02_-101.5_51.0.png", "timestamp": "20260608T02" }, "geometry": { "type": "Point", "coordinates": [ -101.5, 51.0 ] } },
{ "type": "Feature", "properties": { "lat": 51.25, "lon": -101.5, "image_url": "https://raw.githubusercontent.com/severe-weather-lab/soundings/refs/heads/main/input_multiple_soundings/flood/2_UTC_SwanValley_2026/20260608_02/input_sounding_2026-06-08T02_-101.5_51.25.png", "timestamp": "20260608T02" }, "geometry": { "type": "Point", "coordinates": [ -101.5, 51.25 ] } },
{ "type": "Feature", "properties": { "lat": 51.5, "lon": -101.5, "image_url": "https://raw.githubusercontent.com/severe-weather-lab/soundings/refs/heads/main/input_multiple_soundings/flood/2_UTC_SwanValley_2026/20260608_02/input_sounding_2026-06-08T02_-101.5_51.5.png", "timestamp": "20260608T02" }, "geometry": { "type": "Point", "coordinates": [ -101.5, 51.5 ] } },
{ "type": "Feature", "properties": { "lat": 51.75, "lon": -101.5, "image_url": "https://raw.githubusercontent.com/severe-weather-lab/soundings/refs/heads/main/input_multiple_soundings/flood/2_UTC_SwanValley_2026/20260608_02/input_sounding_2026-06-08T02_-101.5_51.75.png", "timestamp": "20260608T02" }, "geometry": { "type": "Point", "coordinates": [ -101.5, 51.75 ] } },
{ "type": "Feature", "properties": { "lat": 52.0, "lon": -101.5, "image_url": "https://raw.githubusercontent.com/severe-weather-lab/soundings/refs/heads/main/input_multiple_soundings/flood/2_UTC_SwanValley_2026/20260608_02/input_sounding_2026-06-08T02_-101.5_52.0.png", "timestamp": "20260608T02" }, "geometry": { "type": "Point", "coordinates": [ -101.5, 52.0 ] } },
{ "type": "Feature", "properties": { "lat": 52.25, "lon": -101.5, "image_url": "https://raw.githubusercontent.com/severe-weather-lab/soundings/refs/heads/main/input_multiple_soundings/flood/2_UTC_SwanValley_2026/20260608_02/input_sounding_2026-06-08T02_-101.5_52.25.png", "timestamp": "20260608T02" }, "geometry": { "type": "Point", "coordinates": [ -101.5, 52.25 ] } },
{ "type": "Feature", "properties": { "lat": 52.5, "lon": -101.5, "image_url": "https://raw.githubusercontent.com/severe-weather-lab/soundings/refs/heads/main/input_multiple_soundings/flood/2_UTC_SwanValley_2026/20260608_02/input_sounding_2026-06-08T02_-101.5_52.5.png", "timestamp": "20260608T02" }, "geometry": { "type": "Point", "coordinates": [ -101.5, 52.5 ] } },
{ "type": "Feature", "properties": { "lat": 52.75, "lon": -101.5, "image_url": "https://raw.githubusercontent.com/severe-weather-lab/soundings/refs/heads/main/input_multiple_soundings/flood/2_UTC_SwanValley_2026/20260608_02/input_sounding_2026-06-08T02_-101.5_52.75.png", "timestamp": "20260608T02" }, "geometry": { "type": "Point", "coordinates": [ -101.5, 52.75 ] } },
{ "type": "Feature", "properties": { "lat": 53.0, "lon": -101.5, "image_url": "https://raw.githubusercontent.com/severe-weather-lab/soundings/refs/heads/main/input_multiple_soundings/flood/2_UTC_SwanValley_2026/20260608_02/input_sounding_2026-06-08T02_-101.5_53.0.png", "timestamp": "20260608T02" }, "geometry": { "type": "Point", "coordinates": [ -101.5, 53.0 ] } },
{ "type": "Feature", "properties": { "lat": 53.25, "lon": -101.5, "image_url": "https://raw.githubusercontent.com/severe-weather-lab/soundings/refs/heads/main/input_multiple_soundings/flood/2_UTC_SwanValley_2026/20260608_02/input_sounding_2026-06-08T02_-101.5_53.25.png", "timestamp": "20260608T02" }, "geometry": { "type": "Point", "coordinates": [ -101.5, 53.25 ] } },
{ "type": "Feature", "properties": { "lat": 53.5, "lon": -101.5, "image_url": "https://raw.githubusercontent.com/severe-weather-lab/soundings/refs/heads/main/input_multiple_soundings/flood/2_UTC_SwanValley_2026/20260608_02/input_sounding_2026-06-08T02_-101.5_53.5.png", "timestamp": "20260608T02" }, "geometry": { "type": "Point", "coordinates": [ -101.5, 53.5 ] } },
{ "type": "Feature", "properties": { "lat": 53.75, "lon": -101.5, "image_url": "https://raw.githubusercontent.com/severe-weather-lab/soundings/refs/heads/main/input_multiple_soundings/flood/2_UTC_SwanValley_2026/20260608_02/input_sounding_2026-06-08T02_-101.5_53.75.png", "timestamp": "20260608T02" }, "geometry": { "type": "Point", "coordinates": [ -101.5, 53.75 ] } },
{ "type": "Feature", "properties": { "lat": 54.0, "lon": -101.5, "image_url": "https://raw.githubusercontent.com/severe-weather-lab/soundings/refs/heads/main/input_multiple_soundings/flood/2_UTC_SwanValley_2026/20260608_02/input_sounding_2026-06-08T02_-101.5_54.0.png", "timestamp": "20260608T02" }, "geometry": { "type": "Point", "coordinates": [ -101.5, 54.0 ] } },
{ "type": "Feature", "properties": { "lat": 54.25, "lon": -101.5, "image_url": "https://raw.githubusercontent.com/severe-weather-lab/soundings/refs/heads/main/input_multiple_soundings/flood/2_UTC_SwanValley_2026/20260608_02/input_sounding_2026-06-08T02_-101.5_54.25.png", "timestamp": "20260608T02" }, "geometry": { "type": "Point", "coordinates": [ -101.5, 54.25 ] } },
{ "type": "Feature", "properties": { "lat": 49.25, "lon": -101.25, "image_url": "https://raw.githubusercontent.com/severe-weather-lab/soundings/refs/heads/main/input_multiple_soundings/flood/2_UTC_SwanValley_2026/20260608_02/input_sounding_2026-06-08T02_-101.25_49.25.png", "timestamp": "20260608T02" }, "geometry": { "type": "Point", "coordinates": [ -101.25, 49.25 ] } },
{ "type": "Feature", "properties": { "lat": 49.5, "lon": -101.25, "image_url": "https://raw.githubusercontent.com/severe-weather-lab/soundings/refs/heads/main/input_multiple_soundings/flood/2_UTC_SwanValley_2026/20260608_02/input_sounding_2026-06-08T02_-101.25_49.5.png", "timestamp": "20260608T02" }, "geometry": { "type": "Point", "coordinates": [ -101.25, 49.5 ] } },
{ "type": "Feature", "properties": { "lat": 49.75, "lon": -101.25, "image_url": "https://raw.githubusercontent.com/severe-weather-lab/soundings/refs/heads/main/input_multiple_soundings/flood/2_UTC_SwanValley_2026/20260608_02/input_sounding_2026-06-08T02_-101.25_49.75.png", "timestamp": "20260608T02" }, "geometry": { "type": "Point", "coordinates": [ -101.25, 49.75 ] } },
{ "type": "Feature", "properties": { "lat": 50.0, "lon": -101.25, "image_url": "https://raw.githubusercontent.com/severe-weather-lab/soundings/refs/heads/main/input_multiple_soundings/flood/2_UTC_SwanValley_2026/20260608_02/input_sounding_2026-06-08T02_-101.25_50.0.png", "timestamp": "20260608T02" }, "geometry": { "type": "Point", "coordinates": [ -101.25, 50.0 ] } },
{ "type": "Feature", "properties": { "lat": 50.25, "lon": -101.25, "image_url": "https://raw.githubusercontent.com/severe-weather-lab/soundings/refs/heads/main/input_multiple_soundings/flood/2_UTC_SwanValley_2026/20260608_02/input_sounding_2026-06-08T02_-101.25_50.25.png", "timestamp": "20260608T02" }, "geometry": { "type": "Point", "coordinates": [ -101.25, 50.25 ] } },
{ "type": "Feature", "properties": { "lat": 50.5, "lon": -101.25, "image_url": "https://raw.githubusercontent.com/severe-weather-lab/soundings/refs/heads/main/input_multiple_soundings/flood/2_UTC_SwanValley_2026/20260608_02/input_sounding_2026-06-08T02_-101.25_50.5.png", "timestamp": "20260608T02" }, "geometry": { "type": "Point", "coordinates": [ -101.25, 50.5 ] } },
{ "type": "Feature", "properties": { "lat": 50.75, "lon": -101.25, "image_url": "https://raw.githubusercontent.com/severe-weather-lab/soundings/refs/heads/main/input_multiple_soundings/flood/2_UTC_SwanValley_2026/20260608_02/input_sounding_2026-06-08T02_-101.25_50.75.png", "timestamp": "20260608T02" }, "geometry": { "type": "Point", "coordinates": [ -101.25, 50.75 ] } },
{ "type": "Feature", "properties": { "lat": 51.0, "lon": -101.25, "image_url": "https://raw.githubusercontent.com/severe-weather-lab/soundings/refs/heads/main/input_multiple_soundings/flood/2_UTC_SwanValley_2026/20260608_02/input_sounding_2026-06-08T02_-101.25_51.0.png", "timestamp": "20260608T02" }, "geometry": { "type": "Point", "coordinates": [ -101.25, 51.0 ] } },
{ "type": "Feature", "properties": { "lat": 51.25, "lon": -101.25, "image_url": "https://raw.githubusercontent.com/severe-weather-lab/soundings/refs/heads/main/input_multiple_soundings/flood/2_UTC_SwanValley_2026/20260608_02/input_sounding_2026-06-08T02_-101.25_51.25.png", "timestamp": "20260608T02" }, "geometry": { "type": "Point", "coordinates": [ -101.25, 51.25 ] } },
{ "type": "Feature", "properties": { "lat": 51.5, "lon": -101.25, "image_url": "https://raw.githubusercontent.com/severe-weather-lab/soundings/refs/heads/main/input_multiple_soundings/flood/2_UTC_SwanValley_2026/20260608_02/input_sounding_2026-06-08T02_-101.25_51.5.png", "timestamp": "20260608T02" }, "geometry": { "type": "Point", "coordinates": [ -101.25, 51.5 ] } },
{ "type": "Feature", "properties": { "lat": 51.75, "lon": -101.25, "image_url": "https://raw.githubusercontent.com/severe-weather-lab/soundings/refs/heads/main/input_multiple_soundings/flood/2_UTC_SwanValley_2026/20260608_02/input_sounding_2026-06-08T02_-101.25_51.75.png", "timestamp": "20260608T02" }, "geometry": { "type": "Point", "coordinates": [ -101.25, 51.75 ] } },
{ "type": "Feature", "properties": { "lat": 52.0, "lon": -101.25, "image_url": "https://raw.githubusercontent.com/severe-weather-lab/soundings/refs/heads/main/input_multiple_soundings/flood/2_UTC_SwanValley_2026/20260608_02/input_sounding_2026-06-08T02_-101.25_52.0.png", "timestamp": "20260608T02" }, "geometry": { "type": "Point", "coordinates": [ -101.25, 52.0 ] } },
{ "type": "Feature", "properties": { "lat": 52.25, "lon": -101.25, "image_url": "https://raw.githubusercontent.com/severe-weather-lab/soundings/refs/heads/main/input_multiple_soundings/flood/2_UTC_SwanValley_2026/20260608_02/input_sounding_2026-06-08T02_-101.25_52.25.png", "timestamp": "20260608T02" }, "geometry": { "type": "Point", "coordinates": [ -101.25, 52.25 ] } },
{ "type": "Feature", "properties": { "lat": 52.5, "lon": -101.25, "image_url": "https://raw.githubusercontent.com/severe-weather-lab/soundings/refs/heads/main/input_multiple_soundings/flood/2_UTC_SwanValley_2026/20260608_02/input_sounding_2026-06-08T02_-101.25_52.5.png", "timestamp": "20260608T02" }, "geometry": { "type": "Point", "coordinates": [ -101.25, 52.5 ] } },
{ "type": "Feature", "properties": { "lat": 52.75, "lon": -101.25, "image_url": "https://raw.githubusercontent.com/severe-weather-lab/soundings/refs/heads/main/input_multiple_soundings/flood/2_UTC_SwanValley_2026/20260608_02/input_sounding_2026-06-08T02_-101.25_52.75.png", "timestamp": "20260608T02" }, "geometry": { "type": "Point", "coordinates": [ -101.25, 52.75 ] } },
{ "type": "Feature", "properties": { "lat": 53.0, "lon": -101.25, "image_url": "https://raw.githubusercontent.com/severe-weather-lab/soundings/refs/heads/main/input_multiple_soundings/flood/2_UTC_SwanValley_2026/20260608_02/input_sounding_2026-06-08T02_-101.25_53.0.png", "timestamp": "20260608T02" }, "geometry": { "type": "Point", "coordinates": [ -101.25, 53.0 ] } },
{ "type": "Feature", "properties": { "lat": 53.25, "lon": -101.25, "image_url": "https://raw.githubusercontent.com/severe-weather-lab/soundings/refs/heads/main/input_multiple_soundings/flood/2_UTC_SwanValley_2026/20260608_02/input_sounding_2026-06-08T02_-101.25_53.25.png", "timestamp": "20260608T02" }, "geometry": { "type": "Point", "coordinates": [ -101.25, 53.25 ] } },
{ "type": "Feature", "properties": { "lat": 53.5, "lon": -101.25, "image_url": "https://raw.githubusercontent.com/severe-weather-lab/soundings/refs/heads/main/input_multiple_soundings/flood/2_UTC_SwanValley_2026/20260608_02/input_sounding_2026-06-08T02_-101.25_53.5.png", "timestamp": "20260608T02" }, "geometry": { "type": "Point", "coordinates": [ -101.25, 53.5 ] } },
{ "type": "Feature", "properties": { "lat": 53.75, "lon": -101.25, "image_url": "https://raw.githubusercontent.com/severe-weather-lab/soundings/refs/heads/main/input_multiple_soundings/flood/2_UTC_SwanValley_2026/20260608_02/input_sounding_2026-06-08T02_-101.25_53.75.png", "timestamp": "20260608T02" }, "geometry": { "type": "Point", "coordinates": [ -101.25, 53.75 ] } },
{ "type": "Feature", "properties": { "lat": 54.0, "lon": -101.25, "image_url": "https://raw.githubusercontent.com/severe-weather-lab/soundings/refs/heads/main/input_multiple_soundings/flood/2_UTC_SwanValley_2026/20260608_02/input_sounding_2026-06-08T02_-101.25_54.0.png", "timestamp": "20260608T02" }, "geometry": { "type": "Point", "coordinates": [ -101.25, 54.0 ] } },
{ "type": "Feature", "properties": { "lat": 54.25, "lon": -101.25, "image_url": "https://raw.githubusercontent.com/severe-weather-lab/soundings/refs/heads/main/input_multiple_soundings/flood/2_UTC_SwanValley_2026/20260608_02/input_sounding_2026-06-08T02_-101.25_54.25.png", "timestamp": "20260608T02" }, "geometry": { "type": "Point", "coordinates": [ -101.25, 54.25 ] } },
{ "type": "Feature", "properties": { "lat": 49.25, "lon": -101.0, "image_url": "https://raw.githubusercontent.com/severe-weather-lab/soundings/refs/heads/main/input_multiple_soundings/flood/2_UTC_SwanValley_2026/20260608_02/input_sounding_2026-06-08T02_-101.0_49.25.png", "timestamp": "20260608T02" }, "geometry": { "type": "Point", "coordinates": [ -101.0, 49.25 ] } },
{ "type": "Feature", "properties": { "lat": 49.5, "lon": -101.0, "image_url": "https://raw.githubusercontent.com/severe-weather-lab/soundings/refs/heads/main/input_multiple_soundings/flood/2_UTC_SwanValley_2026/20260608_02/input_sounding_2026-06-08T02_-101.0_49.5.png", "timestamp": "20260608T02" }, "geometry": { "type": "Point", "coordinates": [ -101.0, 49.5 ] } },
{ "type": "Feature", "properties": { "lat": 49.75, "lon": -101.0, "image_url": "https://raw.githubusercontent.com/severe-weather-lab/soundings/refs/heads/main/input_multiple_soundings/flood/2_UTC_SwanValley_2026/20260608_02/input_sounding_2026-06-08T02_-101.0_49.75.png", "timestamp": "20260608T02" }, "geometry": { "type": "Point", "coordinates": [ -101.0, 49.75 ] } },
{ "type": "Feature", "properties": { "lat": 50.0, "lon": -101.0, "image_url": "https://raw.githubusercontent.com/severe-weather-lab/soundings/refs/heads/main/input_multiple_soundings/flood/2_UTC_SwanValley_2026/20260608_02/input_sounding_2026-06-08T02_-101.0_50.0.png", "timestamp": "20260608T02" }, "geometry": { "type": "Point", "coordinates": [ -101.0, 50.0 ] } },
{ "type": "Feature", "properties": { "lat": 50.25, "lon": -101.0, "image_url": "https://raw.githubusercontent.com/severe-weather-lab/soundings/refs/heads/main/input_multiple_soundings/flood/2_UTC_SwanValley_2026/20260608_02/input_sounding_2026-06-08T02_-101.0_50.25.png", "timestamp": "20260608T02" }, "geometry": { "type": "Point", "coordinates": [ -101.0, 50.25 ] } },
{ "type": "Feature", "properties": { "lat": 50.5, "lon": -101.0, "image_url": "https://raw.githubusercontent.com/severe-weather-lab/soundings/refs/heads/main/input_multiple_soundings/flood/2_UTC_SwanValley_2026/20260608_02/input_sounding_2026-06-08T02_-101.0_50.5.png", "timestamp": "20260608T02" }, "geometry": { "type": "Point", "coordinates": [ -101.0, 50.5 ] } },
{ "type": "Feature", "properties": { "lat": 50.75, "lon": -101.0, "image_url": "https://raw.githubusercontent.com/severe-weather-lab/soundings/refs/heads/main/input_multiple_soundings/flood/2_UTC_SwanValley_2026/20260608_02/input_sounding_2026-06-08T02_-101.0_50.75.png", "timestamp": "20260608T02" }, "geometry": { "type": "Point", "coordinates": [ -101.0, 50.75 ] } },
{ "type": "Feature", "properties": { "lat": 51.0, "lon": -101.0, "image_url": "https://raw.githubusercontent.com/severe-weather-lab/soundings/refs/heads/main/input_multiple_soundings/flood/2_UTC_SwanValley_2026/20260608_02/input_sounding_2026-06-08T02_-101.0_51.0.png", "timestamp": "20260608T02" }, "geometry": { "type": "Point", "coordinates": [ -101.0, 51.0 ] } },
{ "type": "Feature", "properties": { "lat": 51.25, "lon": -101.0, "image_url": "https://raw.githubusercontent.com/severe-weather-lab/soundings/refs/heads/main/input_multiple_soundings/flood/2_UTC_SwanValley_2026/20260608_02/input_sounding_2026-06-08T02_-101.0_51.25.png", "timestamp": "20260608T02" }, "geometry": { "type": "Point", "coordinates": [ -101.0, 51.25 ] } },
{ "type": "Feature", "properties": { "lat": 51.5, "lon": -101.0, "image_url": "https://raw.githubusercontent.com/severe-weather-lab/soundings/refs/heads/main/input_multiple_soundings/flood/2_UTC_SwanValley_2026/20260608_02/input_sounding_2026-06-08T02_-101.0_51.5.png", "timestamp": "20260608T02" }, "geometry": { "type": "Point", "coordinates": [ -101.0, 51.5 ] } },
{ "type": "Feature", "properties": { "lat": 51.75, "lon": -101.0, "image_url": "https://raw.githubusercontent.com/severe-weather-lab/soundings/refs/heads/main/input_multiple_soundings/flood/2_UTC_SwanValley_2026/20260608_02/input_sounding_2026-06-08T02_-101.0_51.75.png", "timestamp": "20260608T02" }, "geometry": { "type": "Point", "coordinates": [ -101.0, 51.75 ] } },
{ "type": "Feature", "properties": { "lat": 52.0, "lon": -101.0, "image_url": "https://raw.githubusercontent.com/severe-weather-lab/soundings/refs/heads/main/input_multiple_soundings/flood/2_UTC_SwanValley_2026/20260608_02/input_sounding_2026-06-08T02_-101.0_52.0.png", "timestamp": "20260608T02" }, "geometry": { "type": "Point", "coordinates": [ -101.0, 52.0 ] } },
{ "type": "Feature", "properties": { "lat": 52.25, "lon": -101.0, "image_url": "https://raw.githubusercontent.com/severe-weather-lab/soundings/refs/heads/main/input_multiple_soundings/flood/2_UTC_SwanValley_2026/20260608_02/input_sounding_2026-06-08T02_-101.0_52.25.png", "timestamp": "20260608T02" }, "geometry": { "type": "Point", "coordinates": [ -101.0, 52.25 ] } },
{ "type": "Feature", "properties": { "lat": 52.5, "lon": -101.0, "image_url": "https://raw.githubusercontent.com/severe-weather-lab/soundings/refs/heads/main/input_multiple_soundings/flood/2_UTC_SwanValley_2026/20260608_02/input_sounding_2026-06-08T02_-101.0_52.5.png", "timestamp": "20260608T02" }, "geometry": { "type": "Point", "coordinates": [ -101.0, 52.5 ] } },
{ "type": "Feature", "properties": { "lat": 52.75, "lon": -101.0, "image_url": "https://raw.githubusercontent.com/severe-weather-lab/soundings/refs/heads/main/input_multiple_soundings/flood/2_UTC_SwanValley_2026/20260608_02/input_sounding_2026-06-08T02_-101.0_52.75.png", "timestamp": "20260608T02" }, "geometry": { "type": "Point", "coordinates": [ -101.0, 52.75 ] } },
{ "type": "Feature", "properties": { "lat": 53.0, "lon": -101.0, "image_url": "https://raw.githubusercontent.com/severe-weather-lab/soundings/refs/heads/main/input_multiple_soundings/flood/2_UTC_SwanValley_2026/20260608_02/input_sounding_2026-06-08T02_-101.0_53.0.png", "timestamp": "20260608T02" }, "geometry": { "type": "Point", "coordinates": [ -101.0, 53.0 ] } },
{ "type": "Feature", "properties": { "lat": 53.25, "lon": -101.0, "image_url": "https://raw.githubusercontent.com/severe-weather-lab/soundings/refs/heads/main/input_multiple_soundings/flood/2_UTC_SwanValley_2026/20260608_02/input_sounding_2026-06-08T02_-101.0_53.25.png", "timestamp": "20260608T02" }, "geometry": { "type": "Point", "coordinates": [ -101.0, 53.25 ] } },
{ "type": "Feature", "properties": { "lat": 53.5, "lon": -101.0, "image_url": "https://raw.githubusercontent.com/severe-weather-lab/soundings/refs/heads/main/input_multiple_soundings/flood/2_UTC_SwanValley_2026/20260608_02/input_sounding_2026-06-08T02_-101.0_53.5.png", "timestamp": "20260608T02" }, "geometry": { "type": "Point", "coordinates": [ -101.0, 53.5 ] } },
{ "type": "Feature", "properties": { "lat": 53.75, "lon": -101.0, "image_url": "https://raw.githubusercontent.com/severe-weather-lab/soundings/refs/heads/main/input_multiple_soundings/flood/2_UTC_SwanValley_2026/20260608_02/input_sounding_2026-06-08T02_-101.0_53.75.png", "timestamp": "20260608T02" }, "geometry": { "type": "Point", "coordinates": [ -101.0, 53.75 ] } },
{ "type": "Feature", "properties": { "lat": 54.0, "lon": -101.0, "image_url": "https://raw.githubusercontent.com/severe-weather-lab/soundings/refs/heads/main/input_multiple_soundings/flood/2_UTC_SwanValley_2026/20260608_02/input_sounding_2026-06-08T02_-101.0_54.0.png", "timestamp": "20260608T02" }, "geometry": { "type": "Point", "coordinates": [ -101.0, 54.0 ] } },
{ "type": "Feature", "properties": { "lat": 54.25, "lon": -101.0, "image_url": "https://raw.githubusercontent.com/severe-weather-lab/soundings/refs/heads/main/input_multiple_soundings/flood/2_UTC_SwanValley_2026/20260608_02/input_sounding_2026-06-08T02_-101.0_54.25.png", "timestamp": "20260608T02" }, "geometry": { "type": "Point", "coordinates": [ -101.0, 54.25 ] } },
{ "type": "Feature", "properties": { "lat": 49.25, "lon": -100.75, "image_url": "https://raw.githubusercontent.com/severe-weather-lab/soundings/refs/heads/main/input_multiple_soundings/flood/2_UTC_SwanValley_2026/20260608_02/input_sounding_2026-06-08T02_-100.75_49.25.png", "timestamp": "20260608T02" }, "geometry": { "type": "Point", "coordinates": [ -100.75, 49.25 ] } },
{ "type": "Feature", "properties": { "lat": 49.5, "lon": -100.75, "image_url": "https://raw.githubusercontent.com/severe-weather-lab/soundings/refs/heads/main/input_multiple_soundings/flood/2_UTC_SwanValley_2026/20260608_02/input_sounding_2026-06-08T02_-100.75_49.5.png", "timestamp": "20260608T02" }, "geometry": { "type": "Point", "coordinates": [ -100.75, 49.5 ] } },
{ "type": "Feature", "properties": { "lat": 49.75, "lon": -100.75, "image_url": "https://raw.githubusercontent.com/severe-weather-lab/soundings/refs/heads/main/input_multiple_soundings/flood/2_UTC_SwanValley_2026/20260608_02/input_sounding_2026-06-08T02_-100.75_49.75.png", "timestamp": "20260608T02" }, "geometry": { "type": "Point", "coordinates": [ -100.75, 49.75 ] } },
{ "type": "Feature", "properties": { "lat": 50.0, "lon": -100.75, "image_url": "https://raw.githubusercontent.com/severe-weather-lab/soundings/refs/heads/main/input_multiple_soundings/flood/2_UTC_SwanValley_2026/20260608_02/input_sounding_2026-06-08T02_-100.75_50.0.png", "timestamp": "20260608T02" }, "geometry": { "type": "Point", "coordinates": [ -100.75, 50.0 ] } },
{ "type": "Feature", "properties": { "lat": 50.25, "lon": -100.75, "image_url": "https://raw.githubusercontent.com/severe-weather-lab/soundings/refs/heads/main/input_multiple_soundings/flood/2_UTC_SwanValley_2026/20260608_02/input_sounding_2026-06-08T02_-100.75_50.25.png", "timestamp": "20260608T02" }, "geometry": { "type": "Point", "coordinates": [ -100.75, 50.25 ] } },
{ "type": "Feature", "properties": { "lat": 50.5, "lon": -100.75, "image_url": "https://raw.githubusercontent.com/severe-weather-lab/soundings/refs/heads/main/input_multiple_soundings/flood/2_UTC_SwanValley_2026/20260608_02/input_sounding_2026-06-08T02_-100.75_50.5.png", "timestamp": "20260608T02" }, "geometry": { "type": "Point", "coordinates": [ -100.75, 50.5 ] } },
{ "type": "Feature", "properties": { "lat": 50.75, "lon": -100.75, "image_url": "https://raw.githubusercontent.com/severe-weather-lab/soundings/refs/heads/main/input_multiple_soundings/flood/2_UTC_SwanValley_2026/20260608_02/input_sounding_2026-06-08T02_-100.75_50.75.png", "timestamp": "20260608T02" }, "geometry": { "type": "Point", "coordinates": [ -100.75, 50.75 ] } },
{ "type": "Feature", "properties": { "lat": 51.0, "lon": -100.75, "image_url": "https://raw.githubusercontent.com/severe-weather-lab/soundings/refs/heads/main/input_multiple_soundings/flood/2_UTC_SwanValley_2026/20260608_02/input_sounding_2026-06-08T02_-100.75_51.0.png", "timestamp": "20260608T02" }, "geometry": { "type": "Point", "coordinates": [ -100.75, 51.0 ] } },
{ "type": "Feature", "properties": { "lat": 51.25, "lon": -100.75, "image_url": "https://raw.githubusercontent.com/severe-weather-lab/soundings/refs/heads/main/input_multiple_soundings/flood/2_UTC_SwanValley_2026/20260608_02/input_sounding_2026-06-08T02_-100.75_51.25.png", "timestamp": "20260608T02" }, "geometry": { "type": "Point", "coordinates": [ -100.75, 51.25 ] } },
{ "type": "Feature", "properties": { "lat": 51.5, "lon": -100.75, "image_url": "https://raw.githubusercontent.com/severe-weather-lab/soundings/refs/heads/main/input_multiple_soundings/flood/2_UTC_SwanValley_2026/20260608_02/input_sounding_2026-06-08T02_-100.75_51.5.png", "timestamp": "20260608T02" }, "geometry": { "type": "Point", "coordinates": [ -100.75, 51.5 ] } },
{ "type": "Feature", "properties": { "lat": 51.75, "lon": -100.75, "image_url": "https://raw.githubusercontent.com/severe-weather-lab/soundings/refs/heads/main/input_multiple_soundings/flood/2_UTC_SwanValley_2026/20260608_02/input_sounding_2026-06-08T02_-100.75_51.75.png", "timestamp": "20260608T02" }, "geometry": { "type": "Point", "coordinates": [ -100.75, 51.75 ] } },
{ "type": "Feature", "properties": { "lat": 52.0, "lon": -100.75, "image_url": "https://raw.githubusercontent.com/severe-weather-lab/soundings/refs/heads/main/input_multiple_soundings/flood/2_UTC_SwanValley_2026/20260608_02/input_sounding_2026-06-08T02_-100.75_52.0.png", "timestamp": "20260608T02" }, "geometry": { "type": "Point", "coordinates": [ -100.75, 52.0 ] } },
{ "type": "Feature", "properties": { "lat": 52.25, "lon": -100.75, "image_url": "https://raw.githubusercontent.com/severe-weather-lab/soundings/refs/heads/main/input_multiple_soundings/flood/2_UTC_SwanValley_2026/20260608_02/input_sounding_2026-06-08T02_-100.75_52.25.png", "timestamp": "20260608T02" }, "geometry": { "type": "Point", "coordinates": [ -100.75, 52.25 ] } },
{ "type": "Feature", "properties": { "lat": 52.5, "lon": -100.75, "image_url": "https://raw.githubusercontent.com/severe-weather-lab/soundings/refs/heads/main/input_multiple_soundings/flood/2_UTC_SwanValley_2026/20260608_02/input_sounding_2026-06-08T02_-100.75_52.5.png", "timestamp": "20260608T02" }, "geometry": { "type": "Point", "coordinates": [ -100.75, 52.5 ] } },
{ "type": "Feature", "properties": { "lat": 52.75, "lon": -100.75, "image_url": "https://raw.githubusercontent.com/severe-weather-lab/soundings/refs/heads/main/input_multiple_soundings/flood/2_UTC_SwanValley_2026/20260608_02/input_sounding_2026-06-08T02_-100.75_52.75.png", "timestamp": "20260608T02" }, "geometry": { "type": "Point", "coordinates": [ -100.75, 52.75 ] } },
{ "type": "Feature", "properties": { "lat": 53.0, "lon": -100.75, "image_url": "https://raw.githubusercontent.com/severe-weather-lab/soundings/refs/heads/main/input_multiple_soundings/flood/2_UTC_SwanValley_2026/20260608_02/input_sounding_2026-06-08T02_-100.75_53.0.png", "timestamp": "20260608T02" }, "geometry": { "type": "Point", "coordinates": [ -100.75, 53.0 ] } },
{ "type": "Feature", "properties": { "lat": 53.25, "lon": -100.75, "image_url": "https://raw.githubusercontent.com/severe-weather-lab/soundings/refs/heads/main/input_multiple_soundings/flood/2_UTC_SwanValley_2026/20260608_02/input_sounding_2026-06-08T02_-100.75_53.25.png", "timestamp": "20260608T02" }, "geometry": { "type": "Point", "coordinates": [ -100.75, 53.25 ] } },
{ "type": "Feature", "properties": { "lat": 53.5, "lon": -100.75, "image_url": "https://raw.githubusercontent.com/severe-weather-lab/soundings/refs/heads/main/input_multiple_soundings/flood/2_UTC_SwanValley_2026/20260608_02/input_sounding_2026-06-08T02_-100.75_53.5.png", "timestamp": "20260608T02" }, "geometry": { "type": "Point", "coordinates": [ -100.75, 53.5 ] } },
{ "type": "Feature", "properties": { "lat": 53.75, "lon": -100.75, "image_url": "https://raw.githubusercontent.com/severe-weather-lab/soundings/refs/heads/main/input_multiple_soundings/flood/2_UTC_SwanValley_2026/20260608_02/input_sounding_2026-06-08T02_-100.75_53.75.png", "timestamp": "20260608T02" }, "geometry": { "type": "Point", "coordinates": [ -100.75, 53.75 ] } },
{ "type": "Feature", "properties": { "lat": 54.0, "lon": -100.75, "image_url": "https://raw.githubusercontent.com/severe-weather-lab/soundings/refs/heads/main/input_multiple_soundings/flood/2_UTC_SwanValley_2026/20260608_02/input_sounding_2026-06-08T02_-100.75_54.0.png", "timestamp": "20260608T02" }, "geometry": { "type": "Point", "coordinates": [ -100.75, 54.0 ] } },
{ "type": "Feature", "properties": { "lat": 54.25, "lon": -100.75, "image_url": "https://raw.githubusercontent.com/severe-weather-lab/soundings/refs/heads/main/input_multiple_soundings/flood/2_UTC_SwanValley_2026/20260608_02/input_sounding_2026-06-08T02_-100.75_54.25.png", "timestamp": "20260608T02" }, "geometry": { "type": "Point", "coordinates": [ -100.75, 54.25 ] } },
{ "type": "Feature", "properties": { "lat": 49.25, "lon": -100.5, "image_url": "https://raw.githubusercontent.com/severe-weather-lab/soundings/refs/heads/main/input_multiple_soundings/flood/2_UTC_SwanValley_2026/20260608_02/input_sounding_2026-06-08T02_-100.5_49.25.png", "timestamp": "20260608T02" }, "geometry": { "type": "Point", "coordinates": [ -100.5, 49.25 ] } },
{ "type": "Feature", "properties": { "lat": 49.5, "lon": -100.5, "image_url": "https://raw.githubusercontent.com/severe-weather-lab/soundings/refs/heads/main/input_multiple_soundings/flood/2_UTC_SwanValley_2026/20260608_02/input_sounding_2026-06-08T02_-100.5_49.5.png", "timestamp": "20260608T02" }, "geometry": { "type": "Point", "coordinates": [ -100.5, 49.5 ] } },
{ "type": "Feature", "properties": { "lat": 49.75, "lon": -100.5, "image_url": "https://raw.githubusercontent.com/severe-weather-lab/soundings/refs/heads/main/input_multiple_soundings/flood/2_UTC_SwanValley_2026/20260608_02/input_sounding_2026-06-08T02_-100.5_49.75.png", "timestamp": "20260608T02" }, "geometry": { "type": "Point", "coordinates": [ -100.5, 49.75 ] } },
{ "type": "Feature", "properties": { "lat": 50.0, "lon": -100.5, "image_url": "https://raw.githubusercontent.com/severe-weather-lab/soundings/refs/heads/main/input_multiple_soundings/flood/2_UTC_SwanValley_2026/20260608_02/input_sounding_2026-06-08T02_-100.5_50.0.png", "timestamp": "20260608T02" }, "geometry": { "type": "Point", "coordinates": [ -100.5, 50.0 ] } },
{ "type": "Feature", "properties": { "lat": 50.25, "lon": -100.5, "image_url": "https://raw.githubusercontent.com/severe-weather-lab/soundings/refs/heads/main/input_multiple_soundings/flood/2_UTC_SwanValley_2026/20260608_02/input_sounding_2026-06-08T02_-100.5_50.25.png", "timestamp": "20260608T02" }, "geometry": { "type": "Point", "coordinates": [ -100.5, 50.25 ] } },
{ "type": "Feature", "properties": { "lat": 50.5, "lon": -100.5, "image_url": "https://raw.githubusercontent.com/severe-weather-lab/soundings/refs/heads/main/input_multiple_soundings/flood/2_UTC_SwanValley_2026/20260608_02/input_sounding_2026-06-08T02_-100.5_50.5.png", "timestamp": "20260608T02" }, "geometry": { "type": "Point", "coordinates": [ -100.5, 50.5 ] } },
{ "type": "Feature", "properties": { "lat": 50.75, "lon": -100.5, "image_url": "https://raw.githubusercontent.com/severe-weather-lab/soundings/refs/heads/main/input_multiple_soundings/flood/2_UTC_SwanValley_2026/20260608_02/input_sounding_2026-06-08T02_-100.5_50.75.png", "timestamp": "20260608T02" }, "geometry": { "type": "Point", "coordinates": [ -100.5, 50.75 ] } },
{ "type": "Feature", "properties": { "lat": 51.0, "lon": -100.5, "image_url": "https://raw.githubusercontent.com/severe-weather-lab/soundings/refs/heads/main/input_multiple_soundings/flood/2_UTC_SwanValley_2026/20260608_02/input_sounding_2026-06-08T02_-100.5_51.0.png", "timestamp": "20260608T02" }, "geometry": { "type": "Point", "coordinates": [ -100.5, 51.0 ] } },
{ "type": "Feature", "properties": { "lat": 51.25, "lon": -100.5, "image_url": "https://raw.githubusercontent.com/severe-weather-lab/soundings/refs/heads/main/input_multiple_soundings/flood/2_UTC_SwanValley_2026/20260608_02/input_sounding_2026-06-08T02_-100.5_51.25.png", "timestamp": "20260608T02" }, "geometry": { "type": "Point", "coordinates": [ -100.5, 51.25 ] } },
{ "type": "Feature", "properties": { "lat": 51.5, "lon": -100.5, "image_url": "https://raw.githubusercontent.com/severe-weather-lab/soundings/refs/heads/main/input_multiple_soundings/flood/2_UTC_SwanValley_2026/20260608_02/input_sounding_2026-06-08T02_-100.5_51.5.png", "timestamp": "20260608T02" }, "geometry": { "type": "Point", "coordinates": [ -100.5, 51.5 ] } },
{ "type": "Feature", "properties": { "lat": 51.75, "lon": -100.5, "image_url": "https://raw.githubusercontent.com/severe-weather-lab/soundings/refs/heads/main/input_multiple_soundings/flood/2_UTC_SwanValley_2026/20260608_02/input_sounding_2026-06-08T02_-100.5_51.75.png", "timestamp": "20260608T02" }, "geometry": { "type": "Point", "coordinates": [ -100.5, 51.75 ] } },
{ "type": "Feature", "properties": { "lat": 52.0, "lon": -100.5, "image_url": "https://raw.githubusercontent.com/severe-weather-lab/soundings/refs/heads/main/input_multiple_soundings/flood/2_UTC_SwanValley_2026/20260608_02/input_sounding_2026-06-08T02_-100.5_52.0.png", "timestamp": "20260608T02" }, "geometry": { "type": "Point", "coordinates": [ -100.5, 52.0 ] } },
{ "type": "Feature", "properties": { "lat": 52.25, "lon": -100.5, "image_url": "https://raw.githubusercontent.com/severe-weather-lab/soundings/refs/heads/main/input_multiple_soundings/flood/2_UTC_SwanValley_2026/20260608_02/input_sounding_2026-06-08T02_-100.5_52.25.png", "timestamp": "20260608T02" }, "geometry": { "type": "Point", "coordinates": [ -100.5, 52.25 ] } },
{ "type": "Feature", "properties": { "lat": 52.5, "lon": -100.5, "image_url": "https://raw.githubusercontent.com/severe-weather-lab/soundings/refs/heads/main/input_multiple_soundings/flood/2_UTC_SwanValley_2026/20260608_02/input_sounding_2026-06-08T02_-100.5_52.5.png", "timestamp": "20260608T02" }, "geometry": { "type": "Point", "coordinates": [ -100.5, 52.5 ] } },
{ "type": "Feature", "properties": { "lat": 52.75, "lon": -100.5, "image_url": "https://raw.githubusercontent.com/severe-weather-lab/soundings/refs/heads/main/input_multiple_soundings/flood/2_UTC_SwanValley_2026/20260608_02/input_sounding_2026-06-08T02_-100.5_52.75.png", "timestamp": "20260608T02" }, "geometry": { "type": "Point", "coordinates": [ -100.5, 52.75 ] } },
{ "type": "Feature", "properties": { "lat": 53.0, "lon": -100.5, "image_url": "https://raw.githubusercontent.com/severe-weather-lab/soundings/refs/heads/main/input_multiple_soundings/flood/2_UTC_SwanValley_2026/20260608_02/input_sounding_2026-06-08T02_-100.5_53.0.png", "timestamp": "20260608T02" }, "geometry": { "type": "Point", "coordinates": [ -100.5, 53.0 ] } },
{ "type": "Feature", "properties": { "lat": 53.25, "lon": -100.5, "image_url": "https://raw.githubusercontent.com/severe-weather-lab/soundings/refs/heads/main/input_multiple_soundings/flood/2_UTC_SwanValley_2026/20260608_02/input_sounding_2026-06-08T02_-100.5_53.25.png", "timestamp": "20260608T02" }, "geometry": { "type": "Point", "coordinates": [ -100.5, 53.25 ] } },
{ "type": "Feature", "properties": { "lat": 53.5, "lon": -100.5, "image_url": "https://raw.githubusercontent.com/severe-weather-lab/soundings/refs/heads/main/input_multiple_soundings/flood/2_UTC_SwanValley_2026/20260608_02/input_sounding_2026-06-08T02_-100.5_53.5.png", "timestamp": "20260608T02" }, "geometry": { "type": "Point", "coordinates": [ -100.5, 53.5 ] } },
{ "type": "Feature", "properties": { "lat": 53.75, "lon": -100.5, "image_url": "https://raw.githubusercontent.com/severe-weather-lab/soundings/refs/heads/main/input_multiple_soundings/flood/2_UTC_SwanValley_2026/20260608_02/input_sounding_2026-06-08T02_-100.5_53.75.png", "timestamp": "20260608T02" }, "geometry": { "type": "Point", "coordinates": [ -100.5, 53.75 ] } },
{ "type": "Feature", "properties": { "lat": 54.0, "lon": -100.5, "image_url": "https://raw.githubusercontent.com/severe-weather-lab/soundings/refs/heads/main/input_multiple_soundings/flood/2_UTC_SwanValley_2026/20260608_02/input_sounding_2026-06-08T02_-100.5_54.0.png", "timestamp": "20260608T02" }, "geometry": { "type": "Point", "coordinates": [ -100.5, 54.0 ] } },
{ "type": "Feature", "properties": { "lat": 54.25, "lon": -100.5, "image_url": "https://raw.githubusercontent.com/severe-weather-lab/soundings/refs/heads/main/input_multiple_soundings/flood/2_UTC_SwanValley_2026/20260608_02/input_sounding_2026-06-08T02_-100.5_54.25.png", "timestamp": "20260608T02" }, "geometry": { "type": "Point", "coordinates": [ -100.5, 54.25 ] } },
{ "type": "Feature", "properties": { "lat": 49.25, "lon": -100.25, "image_url": "https://raw.githubusercontent.com/severe-weather-lab/soundings/refs/heads/main/input_multiple_soundings/flood/2_UTC_SwanValley_2026/20260608_02/input_sounding_2026-06-08T02_-100.25_49.25.png", "timestamp": "20260608T02" }, "geometry": { "type": "Point", "coordinates": [ -100.25, 49.25 ] } },
{ "type": "Feature", "properties": { "lat": 49.5, "lon": -100.25, "image_url": "https://raw.githubusercontent.com/severe-weather-lab/soundings/refs/heads/main/input_multiple_soundings/flood/2_UTC_SwanValley_2026/20260608_02/input_sounding_2026-06-08T02_-100.25_49.5.png", "timestamp": "20260608T02" }, "geometry": { "type": "Point", "coordinates": [ -100.25, 49.5 ] } },
{ "type": "Feature", "properties": { "lat": 49.75, "lon": -100.25, "image_url": "https://raw.githubusercontent.com/severe-weather-lab/soundings/refs/heads/main/input_multiple_soundings/flood/2_UTC_SwanValley_2026/20260608_02/input_sounding_2026-06-08T02_-100.25_49.75.png", "timestamp": "20260608T02" }, "geometry": { "type": "Point", "coordinates": [ -100.25, 49.75 ] } },
{ "type": "Feature", "properties": { "lat": 50.0, "lon": -100.25, "image_url": "https://raw.githubusercontent.com/severe-weather-lab/soundings/refs/heads/main/input_multiple_soundings/flood/2_UTC_SwanValley_2026/20260608_02/input_sounding_2026-06-08T02_-100.25_50.0.png", "timestamp": "20260608T02" }, "geometry": { "type": "Point", "coordinates": [ -100.25, 50.0 ] } },
{ "type": "Feature", "properties": { "lat": 50.25, "lon": -100.25, "image_url": "https://raw.githubusercontent.com/severe-weather-lab/soundings/refs/heads/main/input_multiple_soundings/flood/2_UTC_SwanValley_2026/20260608_02/input_sounding_2026-06-08T02_-100.25_50.25.png", "timestamp": "20260608T02" }, "geometry": { "type": "Point", "coordinates": [ -100.25, 50.25 ] } },
{ "type": "Feature", "properties": { "lat": 50.5, "lon": -100.25, "image_url": "https://raw.githubusercontent.com/severe-weather-lab/soundings/refs/heads/main/input_multiple_soundings/flood/2_UTC_SwanValley_2026/20260608_02/input_sounding_2026-06-08T02_-100.25_50.5.png", "timestamp": "20260608T02" }, "geometry": { "type": "Point", "coordinates": [ -100.25, 50.5 ] } },
{ "type": "Feature", "properties": { "lat": 50.75, "lon": -100.25, "image_url": "https://raw.githubusercontent.com/severe-weather-lab/soundings/refs/heads/main/input_multiple_soundings/flood/2_UTC_SwanValley_2026/20260608_02/input_sounding_2026-06-08T02_-100.25_50.75.png", "timestamp": "20260608T02" }, "geometry": { "type": "Point", "coordinates": [ -100.25, 50.75 ] } },
{ "type": "Feature", "properties": { "lat": 51.0, "lon": -100.25, "image_url": "https://raw.githubusercontent.com/severe-weather-lab/soundings/refs/heads/main/input_multiple_soundings/flood/2_UTC_SwanValley_2026/20260608_02/input_sounding_2026-06-08T02_-100.25_51.0.png", "timestamp": "20260608T02" }, "geometry": { "type": "Point", "coordinates": [ -100.25, 51.0 ] } },
{ "type": "Feature", "properties": { "lat": 51.25, "lon": -100.25, "image_url": "https://raw.githubusercontent.com/severe-weather-lab/soundings/refs/heads/main/input_multiple_soundings/flood/2_UTC_SwanValley_2026/20260608_02/input_sounding_2026-06-08T02_-100.25_51.25.png", "timestamp": "20260608T02" }, "geometry": { "type": "Point", "coordinates": [ -100.25, 51.25 ] } },
{ "type": "Feature", "properties": { "lat": 51.5, "lon": -100.25, "image_url": "https://raw.githubusercontent.com/severe-weather-lab/soundings/refs/heads/main/input_multiple_soundings/flood/2_UTC_SwanValley_2026/20260608_02/input_sounding_2026-06-08T02_-100.25_51.5.png", "timestamp": "20260608T02" }, "geometry": { "type": "Point", "coordinates": [ -100.25, 51.5 ] } },
{ "type": "Feature", "properties": { "lat": 51.75, "lon": -100.25, "image_url": "https://raw.githubusercontent.com/severe-weather-lab/soundings/refs/heads/main/input_multiple_soundings/flood/2_UTC_SwanValley_2026/20260608_02/input_sounding_2026-06-08T02_-100.25_51.75.png", "timestamp": "20260608T02" }, "geometry": { "type": "Point", "coordinates": [ -100.25, 51.75 ] } },
{ "type": "Feature", "properties": { "lat": 52.0, "lon": -100.25, "image_url": "https://raw.githubusercontent.com/severe-weather-lab/soundings/refs/heads/main/input_multiple_soundings/flood/2_UTC_SwanValley_2026/20260608_02/input_sounding_2026-06-08T02_-100.25_52.0.png", "timestamp": "20260608T02" }, "geometry": { "type": "Point", "coordinates": [ -100.25, 52.0 ] } },
{ "type": "Feature", "properties": { "lat": 52.25, "lon": -100.25, "image_url": "https://raw.githubusercontent.com/severe-weather-lab/soundings/refs/heads/main/input_multiple_soundings/flood/2_UTC_SwanValley_2026/20260608_02/input_sounding_2026-06-08T02_-100.25_52.25.png", "timestamp": "20260608T02" }, "geometry": { "type": "Point", "coordinates": [ -100.25, 52.25 ] } },
{ "type": "Feature", "properties": { "lat": 52.5, "lon": -100.25, "image_url": "https://raw.githubusercontent.com/severe-weather-lab/soundings/refs/heads/main/input_multiple_soundings/flood/2_UTC_SwanValley_2026/20260608_02/input_sounding_2026-06-08T02_-100.25_52.5.png", "timestamp": "20260608T02" }, "geometry": { "type": "Point", "coordinates": [ -100.25, 52.5 ] } },
{ "type": "Feature", "properties": { "lat": 52.75, "lon": -100.25, "image_url": "https://raw.githubusercontent.com/severe-weather-lab/soundings/refs/heads/main/input_multiple_soundings/flood/2_UTC_SwanValley_2026/20260608_02/input_sounding_2026-06-08T02_-100.25_52.75.png", "timestamp": "20260608T02" }, "geometry": { "type": "Point", "coordinates": [ -100.25, 52.75 ] } },
{ "type": "Feature", "properties": { "lat": 53.0, "lon": -100.25, "image_url": "https://raw.githubusercontent.com/severe-weather-lab/soundings/refs/heads/main/input_multiple_soundings/flood/2_UTC_SwanValley_2026/20260608_02/input_sounding_2026-06-08T02_-100.25_53.0.png", "timestamp": "20260608T02" }, "geometry": { "type": "Point", "coordinates": [ -100.25, 53.0 ] } },
{ "type": "Feature", "properties": { "lat": 53.25, "lon": -100.25, "image_url": "https://raw.githubusercontent.com/severe-weather-lab/soundings/refs/heads/main/input_multiple_soundings/flood/2_UTC_SwanValley_2026/20260608_02/input_sounding_2026-06-08T02_-100.25_53.25.png", "timestamp": "20260608T02" }, "geometry": { "type": "Point", "coordinates": [ -100.25, 53.25 ] } },
{ "type": "Feature", "properties": { "lat": 53.5, "lon": -100.25, "image_url": "https://raw.githubusercontent.com/severe-weather-lab/soundings/refs/heads/main/input_multiple_soundings/flood/2_UTC_SwanValley_2026/20260608_02/input_sounding_2026-06-08T02_-100.25_53.5.png", "timestamp": "20260608T02" }, "geometry": { "type": "Point", "coordinates": [ -100.25, 53.5 ] } },
{ "type": "Feature", "properties": { "lat": 53.75, "lon": -100.25, "image_url": "https://raw.githubusercontent.com/severe-weather-lab/soundings/refs/heads/main/input_multiple_soundings/flood/2_UTC_SwanValley_2026/20260608_02/input_sounding_2026-06-08T02_-100.25_53.75.png", "timestamp": "20260608T02" }, "geometry": { "type": "Point", "coordinates": [ -100.25, 53.75 ] } },
{ "type": "Feature", "properties": { "lat": 54.0, "lon": -100.25, "image_url": "https://raw.githubusercontent.com/severe-weather-lab/soundings/refs/heads/main/input_multiple_soundings/flood/2_UTC_SwanValley_2026/20260608_02/input_sounding_2026-06-08T02_-100.25_54.0.png", "timestamp": "20260608T02" }, "geometry": { "type": "Point", "coordinates": [ -100.25, 54.0 ] } },
{ "type": "Feature", "properties": { "lat": 54.25, "lon": -100.25, "image_url": "https://raw.githubusercontent.com/severe-weather-lab/soundings/refs/heads/main/input_multiple_soundings/flood/2_UTC_SwanValley_2026/20260608_02/input_sounding_2026-06-08T02_-100.25_54.25.png", "timestamp": "20260608T02" }, "geometry": { "type": "Point", "coordinates": [ -100.25, 54.25 ] } },
{ "type": "Feature", "properties": { "lat": 49.25, "lon": -100.0, "image_url": "https://raw.githubusercontent.com/severe-weather-lab/soundings/refs/heads/main/input_multiple_soundings/flood/2_UTC_SwanValley_2026/20260608_02/input_sounding_2026-06-08T02_-100.0_49.25.png", "timestamp": "20260608T02" }, "geometry": { "type": "Point", "coordinates": [ -100.0, 49.25 ] } },
{ "type": "Feature", "properties": { "lat": 49.5, "lon": -100.0, "image_url": "https://raw.githubusercontent.com/severe-weather-lab/soundings/refs/heads/main/input_multiple_soundings/flood/2_UTC_SwanValley_2026/20260608_02/input_sounding_2026-06-08T02_-100.0_49.5.png", "timestamp": "20260608T02" }, "geometry": { "type": "Point", "coordinates": [ -100.0, 49.5 ] } },
{ "type": "Feature", "properties": { "lat": 49.75, "lon": -100.0, "image_url": "https://raw.githubusercontent.com/severe-weather-lab/soundings/refs/heads/main/input_multiple_soundings/flood/2_UTC_SwanValley_2026/20260608_02/input_sounding_2026-06-08T02_-100.0_49.75.png", "timestamp": "20260608T02" }, "geometry": { "type": "Point", "coordinates": [ -100.0, 49.75 ] } },
{ "type": "Feature", "properties": { "lat": 50.0, "lon": -100.0, "image_url": "https://raw.githubusercontent.com/severe-weather-lab/soundings/refs/heads/main/input_multiple_soundings/flood/2_UTC_SwanValley_2026/20260608_02/input_sounding_2026-06-08T02_-100.0_50.0.png", "timestamp": "20260608T02" }, "geometry": { "type": "Point", "coordinates": [ -100.0, 50.0 ] } },
{ "type": "Feature", "properties": { "lat": 50.25, "lon": -100.0, "image_url": "https://raw.githubusercontent.com/severe-weather-lab/soundings/refs/heads/main/input_multiple_soundings/flood/2_UTC_SwanValley_2026/20260608_02/input_sounding_2026-06-08T02_-100.0_50.25.png", "timestamp": "20260608T02" }, "geometry": { "type": "Point", "coordinates": [ -100.0, 50.25 ] } },
{ "type": "Feature", "properties": { "lat": 50.5, "lon": -100.0, "image_url": "https://raw.githubusercontent.com/severe-weather-lab/soundings/refs/heads/main/input_multiple_soundings/flood/2_UTC_SwanValley_2026/20260608_02/input_sounding_2026-06-08T02_-100.0_50.5.png", "timestamp": "20260608T02" }, "geometry": { "type": "Point", "coordinates": [ -100.0, 50.5 ] } },
{ "type": "Feature", "properties": { "lat": 50.75, "lon": -100.0, "image_url": "https://raw.githubusercontent.com/severe-weather-lab/soundings/refs/heads/main/input_multiple_soundings/flood/2_UTC_SwanValley_2026/20260608_02/input_sounding_2026-06-08T02_-100.0_50.75.png", "timestamp": "20260608T02" }, "geometry": { "type": "Point", "coordinates": [ -100.0, 50.75 ] } },
{ "type": "Feature", "properties": { "lat": 51.0, "lon": -100.0, "image_url": "https://raw.githubusercontent.com/severe-weather-lab/soundings/refs/heads/main/input_multiple_soundings/flood/2_UTC_SwanValley_2026/20260608_02/input_sounding_2026-06-08T02_-100.0_51.0.png", "timestamp": "20260608T02" }, "geometry": { "type": "Point", "coordinates": [ -100.0, 51.0 ] } },
{ "type": "Feature", "properties": { "lat": 51.25, "lon": -100.0, "image_url": "https://raw.githubusercontent.com/severe-weather-lab/soundings/refs/heads/main/input_multiple_soundings/flood/2_UTC_SwanValley_2026/20260608_02/input_sounding_2026-06-08T02_-100.0_51.25.png", "timestamp": "20260608T02" }, "geometry": { "type": "Point", "coordinates": [ -100.0, 51.25 ] } },
{ "type": "Feature", "properties": { "lat": 51.5, "lon": -100.0, "image_url": "https://raw.githubusercontent.com/severe-weather-lab/soundings/refs/heads/main/input_multiple_soundings/flood/2_UTC_SwanValley_2026/20260608_02/input_sounding_2026-06-08T02_-100.0_51.5.png", "timestamp": "20260608T02" }, "geometry": { "type": "Point", "coordinates": [ -100.0, 51.5 ] } },
{ "type": "Feature", "properties": { "lat": 51.75, "lon": -100.0, "image_url": "https://raw.githubusercontent.com/severe-weather-lab/soundings/refs/heads/main/input_multiple_soundings/flood/2_UTC_SwanValley_2026/20260608_02/input_sounding_2026-06-08T02_-100.0_51.75.png", "timestamp": "20260608T02" }, "geometry": { "type": "Point", "coordinates": [ -100.0, 51.75 ] } },
{ "type": "Feature", "properties": { "lat": 52.0, "lon": -100.0, "image_url": "https://raw.githubusercontent.com/severe-weather-lab/soundings/refs/heads/main/input_multiple_soundings/flood/2_UTC_SwanValley_2026/20260608_02/input_sounding_2026-06-08T02_-100.0_52.0.png", "timestamp": "20260608T02" }, "geometry": { "type": "Point", "coordinates": [ -100.0, 52.0 ] } },
{ "type": "Feature", "properties": { "lat": 52.25, "lon": -100.0, "image_url": "https://raw.githubusercontent.com/severe-weather-lab/soundings/refs/heads/main/input_multiple_soundings/flood/2_UTC_SwanValley_2026/20260608_02/input_sounding_2026-06-08T02_-100.0_52.25.png", "timestamp": "20260608T02" }, "geometry": { "type": "Point", "coordinates": [ -100.0, 52.25 ] } },
{ "type": "Feature", "properties": { "lat": 52.5, "lon": -100.0, "image_url": "https://raw.githubusercontent.com/severe-weather-lab/soundings/refs/heads/main/input_multiple_soundings/flood/2_UTC_SwanValley_2026/20260608_02/input_sounding_2026-06-08T02_-100.0_52.5.png", "timestamp": "20260608T02" }, "geometry": { "type": "Point", "coordinates": [ -100.0, 52.5 ] } },
{ "type": "Feature", "properties": { "lat": 52.75, "lon": -100.0, "image_url": "https://raw.githubusercontent.com/severe-weather-lab/soundings/refs/heads/main/input_multiple_soundings/flood/2_UTC_SwanValley_2026/20260608_02/input_sounding_2026-06-08T02_-100.0_52.75.png", "timestamp": "20260608T02" }, "geometry": { "type": "Point", "coordinates": [ -100.0, 52.75 ] } },
{ "type": "Feature", "properties": { "lat": 53.0, "lon": -100.0, "image_url": "https://raw.githubusercontent.com/severe-weather-lab/soundings/refs/heads/main/input_multiple_soundings/flood/2_UTC_SwanValley_2026/20260608_02/input_sounding_2026-06-08T02_-100.0_53.0.png", "timestamp": "20260608T02" }, "geometry": { "type": "Point", "coordinates": [ -100.0, 53.0 ] } },
{ "type": "Feature", "properties": { "lat": 53.25, "lon": -100.0, "image_url": "https://raw.githubusercontent.com/severe-weather-lab/soundings/refs/heads/main/input_multiple_soundings/flood/2_UTC_SwanValley_2026/20260608_02/input_sounding_2026-06-08T02_-100.0_53.25.png", "timestamp": "20260608T02" }, "geometry": { "type": "Point", "coordinates": [ -100.0, 53.25 ] } },
{ "type": "Feature", "properties": { "lat": 53.5, "lon": -100.0, "image_url": "https://raw.githubusercontent.com/severe-weather-lab/soundings/refs/heads/main/input_multiple_soundings/flood/2_UTC_SwanValley_2026/20260608_02/input_sounding_2026-06-08T02_-100.0_53.5.png", "timestamp": "20260608T02" }, "geometry": { "type": "Point", "coordinates": [ -100.0, 53.5 ] } },
{ "type": "Feature", "properties": { "lat": 53.75, "lon": -100.0, "image_url": "https://raw.githubusercontent.com/severe-weather-lab/soundings/refs/heads/main/input_multiple_soundings/flood/2_UTC_SwanValley_2026/20260608_02/input_sounding_2026-06-08T02_-100.0_53.75.png", "timestamp": "20260608T02" }, "geometry": { "type": "Point", "coordinates": [ -100.0, 53.75 ] } },
{ "type": "Feature", "properties": { "lat": 54.0, "lon": -100.0, "image_url": "https://raw.githubusercontent.com/severe-weather-lab/soundings/refs/heads/main/input_multiple_soundings/flood/2_UTC_SwanValley_2026/20260608_02/input_sounding_2026-06-08T02_-100.0_54.0.png", "timestamp": "20260608T02" }, "geometry": { "type": "Point", "coordinates": [ -100.0, 54.0 ] } },
{ "type": "Feature", "properties": { "lat": 54.25, "lon": -100.0, "image_url": "https://raw.githubusercontent.com/severe-weather-lab/soundings/refs/heads/main/input_multiple_soundings/flood/2_UTC_SwanValley_2026/20260608_02/input_sounding_2026-06-08T02_-100.0_54.25.png", "timestamp": "20260608T02" }, "geometry": { "type": "Point", "coordinates": [ -100.0, 54.25 ] } },
{ "type": "Feature", "properties": { "lat": 49.25, "lon": -99.75, "image_url": "https://raw.githubusercontent.com/severe-weather-lab/soundings/refs/heads/main/input_multiple_soundings/flood/2_UTC_SwanValley_2026/20260608_02/input_sounding_2026-06-08T02_-99.75_49.25.png", "timestamp": "20260608T02" }, "geometry": { "type": "Point", "coordinates": [ -99.75, 49.25 ] } },
{ "type": "Feature", "properties": { "lat": 49.5, "lon": -99.75, "image_url": "https://raw.githubusercontent.com/severe-weather-lab/soundings/refs/heads/main/input_multiple_soundings/flood/2_UTC_SwanValley_2026/20260608_02/input_sounding_2026-06-08T02_-99.75_49.5.png", "timestamp": "20260608T02" }, "geometry": { "type": "Point", "coordinates": [ -99.75, 49.5 ] } },
{ "type": "Feature", "properties": { "lat": 49.75, "lon": -99.75, "image_url": "https://raw.githubusercontent.com/severe-weather-lab/soundings/refs/heads/main/input_multiple_soundings/flood/2_UTC_SwanValley_2026/20260608_02/input_sounding_2026-06-08T02_-99.75_49.75.png", "timestamp": "20260608T02" }, "geometry": { "type": "Point", "coordinates": [ -99.75, 49.75 ] } },
{ "type": "Feature", "properties": { "lat": 50.0, "lon": -99.75, "image_url": "https://raw.githubusercontent.com/severe-weather-lab/soundings/refs/heads/main/input_multiple_soundings/flood/2_UTC_SwanValley_2026/20260608_02/input_sounding_2026-06-08T02_-99.75_50.0.png", "timestamp": "20260608T02" }, "geometry": { "type": "Point", "coordinates": [ -99.75, 50.0 ] } },
{ "type": "Feature", "properties": { "lat": 50.25, "lon": -99.75, "image_url": "https://raw.githubusercontent.com/severe-weather-lab/soundings/refs/heads/main/input_multiple_soundings/flood/2_UTC_SwanValley_2026/20260608_02/input_sounding_2026-06-08T02_-99.75_50.25.png", "timestamp": "20260608T02" }, "geometry": { "type": "Point", "coordinates": [ -99.75, 50.25 ] } },
{ "type": "Feature", "properties": { "lat": 50.5, "lon": -99.75, "image_url": "https://raw.githubusercontent.com/severe-weather-lab/soundings/refs/heads/main/input_multiple_soundings/flood/2_UTC_SwanValley_2026/20260608_02/input_sounding_2026-06-08T02_-99.75_50.5.png", "timestamp": "20260608T02" }, "geometry": { "type": "Point", "coordinates": [ -99.75, 50.5 ] } },
{ "type": "Feature", "properties": { "lat": 50.75, "lon": -99.75, "image_url": "https://raw.githubusercontent.com/severe-weather-lab/soundings/refs/heads/main/input_multiple_soundings/flood/2_UTC_SwanValley_2026/20260608_02/input_sounding_2026-06-08T02_-99.75_50.75.png", "timestamp": "20260608T02" }, "geometry": { "type": "Point", "coordinates": [ -99.75, 50.75 ] } },
{ "type": "Feature", "properties": { "lat": 51.0, "lon": -99.75, "image_url": "https://raw.githubusercontent.com/severe-weather-lab/soundings/refs/heads/main/input_multiple_soundings/flood/2_UTC_SwanValley_2026/20260608_02/input_sounding_2026-06-08T02_-99.75_51.0.png", "timestamp": "20260608T02" }, "geometry": { "type": "Point", "coordinates": [ -99.75, 51.0 ] } },
{ "type": "Feature", "properties": { "lat": 51.25, "lon": -99.75, "image_url": "https://raw.githubusercontent.com/severe-weather-lab/soundings/refs/heads/main/input_multiple_soundings/flood/2_UTC_SwanValley_2026/20260608_02/input_sounding_2026-06-08T02_-99.75_51.25.png", "timestamp": "20260608T02" }, "geometry": { "type": "Point", "coordinates": [ -99.75, 51.25 ] } },
{ "type": "Feature", "properties": { "lat": 51.5, "lon": -99.75, "image_url": "https://raw.githubusercontent.com/severe-weather-lab/soundings/refs/heads/main/input_multiple_soundings/flood/2_UTC_SwanValley_2026/20260608_02/input_sounding_2026-06-08T02_-99.75_51.5.png", "timestamp": "20260608T02" }, "geometry": { "type": "Point", "coordinates": [ -99.75, 51.5 ] } },
{ "type": "Feature", "properties": { "lat": 51.75, "lon": -99.75, "image_url": "https://raw.githubusercontent.com/severe-weather-lab/soundings/refs/heads/main/input_multiple_soundings/flood/2_UTC_SwanValley_2026/20260608_02/input_sounding_2026-06-08T02_-99.75_51.75.png", "timestamp": "20260608T02" }, "geometry": { "type": "Point", "coordinates": [ -99.75, 51.75 ] } },
{ "type": "Feature", "properties": { "lat": 52.0, "lon": -99.75, "image_url": "https://raw.githubusercontent.com/severe-weather-lab/soundings/refs/heads/main/input_multiple_soundings/flood/2_UTC_SwanValley_2026/20260608_02/input_sounding_2026-06-08T02_-99.75_52.0.png", "timestamp": "20260608T02" }, "geometry": { "type": "Point", "coordinates": [ -99.75, 52.0 ] } },
{ "type": "Feature", "properties": { "lat": 52.25, "lon": -99.75, "image_url": "https://raw.githubusercontent.com/severe-weather-lab/soundings/refs/heads/main/input_multiple_soundings/flood/2_UTC_SwanValley_2026/20260608_02/input_sounding_2026-06-08T02_-99.75_52.25.png", "timestamp": "20260608T02" }, "geometry": { "type": "Point", "coordinates": [ -99.75, 52.25 ] } },
{ "type": "Feature", "properties": { "lat": 52.5, "lon": -99.75, "image_url": "https://raw.githubusercontent.com/severe-weather-lab/soundings/refs/heads/main/input_multiple_soundings/flood/2_UTC_SwanValley_2026/20260608_02/input_sounding_2026-06-08T02_-99.75_52.5.png", "timestamp": "20260608T02" }, "geometry": { "type": "Point", "coordinates": [ -99.75, 52.5 ] } },
{ "type": "Feature", "properties": { "lat": 52.75, "lon": -99.75, "image_url": "https://raw.githubusercontent.com/severe-weather-lab/soundings/refs/heads/main/input_multiple_soundings/flood/2_UTC_SwanValley_2026/20260608_02/input_sounding_2026-06-08T02_-99.75_52.75.png", "timestamp": "20260608T02" }, "geometry": { "type": "Point", "coordinates": [ -99.75, 52.75 ] } },
{ "type": "Feature", "properties": { "lat": 53.0, "lon": -99.75, "image_url": "https://raw.githubusercontent.com/severe-weather-lab/soundings/refs/heads/main/input_multiple_soundings/flood/2_UTC_SwanValley_2026/20260608_02/input_sounding_2026-06-08T02_-99.75_53.0.png", "timestamp": "20260608T02" }, "geometry": { "type": "Point", "coordinates": [ -99.75, 53.0 ] } },
{ "type": "Feature", "properties": { "lat": 53.25, "lon": -99.75, "image_url": "https://raw.githubusercontent.com/severe-weather-lab/soundings/refs/heads/main/input_multiple_soundings/flood/2_UTC_SwanValley_2026/20260608_02/input_sounding_2026-06-08T02_-99.75_53.25.png", "timestamp": "20260608T02" }, "geometry": { "type": "Point", "coordinates": [ -99.75, 53.25 ] } },
{ "type": "Feature", "properties": { "lat": 53.5, "lon": -99.75, "image_url": "https://raw.githubusercontent.com/severe-weather-lab/soundings/refs/heads/main/input_multiple_soundings/flood/2_UTC_SwanValley_2026/20260608_02/input_sounding_2026-06-08T02_-99.75_53.5.png", "timestamp": "20260608T02" }, "geometry": { "type": "Point", "coordinates": [ -99.75, 53.5 ] } },
{ "type": "Feature", "properties": { "lat": 53.75, "lon": -99.75, "image_url": "https://raw.githubusercontent.com/severe-weather-lab/soundings/refs/heads/main/input_multiple_soundings/flood/2_UTC_SwanValley_2026/20260608_02/input_sounding_2026-06-08T02_-99.75_53.75.png", "timestamp": "20260608T02" }, "geometry": { "type": "Point", "coordinates": [ -99.75, 53.75 ] } },
{ "type": "Feature", "properties": { "lat": 54.0, "lon": -99.75, "image_url": "https://raw.githubusercontent.com/severe-weather-lab/soundings/refs/heads/main/input_multiple_soundings/flood/2_UTC_SwanValley_2026/20260608_02/input_sounding_2026-06-08T02_-99.75_54.0.png", "timestamp": "20260608T02" }, "geometry": { "type": "Point", "coordinates": [ -99.75, 54.0 ] } },
{ "type": "Feature", "properties": { "lat": 54.25, "lon": -99.75, "image_url": "https://raw.githubusercontent.com/severe-weather-lab/soundings/refs/heads/main/input_multiple_soundings/flood/2_UTC_SwanValley_2026/20260608_02/input_sounding_2026-06-08T02_-99.75_54.25.png", "timestamp": "20260608T02" }, "geometry": { "type": "Point", "coordinates": [ -99.75, 54.25 ] } },
{ "type": "Feature", "properties": { "lat": 49.25, "lon": -99.5, "image_url": "https://raw.githubusercontent.com/severe-weather-lab/soundings/refs/heads/main/input_multiple_soundings/flood/2_UTC_SwanValley_2026/20260608_02/input_sounding_2026-06-08T02_-99.5_49.25.png", "timestamp": "20260608T02" }, "geometry": { "type": "Point", "coordinates": [ -99.5, 49.25 ] } },
{ "type": "Feature", "properties": { "lat": 49.5, "lon": -99.5, "image_url": "https://raw.githubusercontent.com/severe-weather-lab/soundings/refs/heads/main/input_multiple_soundings/flood/2_UTC_SwanValley_2026/20260608_02/input_sounding_2026-06-08T02_-99.5_49.5.png", "timestamp": "20260608T02" }, "geometry": { "type": "Point", "coordinates": [ -99.5, 49.5 ] } },
{ "type": "Feature", "properties": { "lat": 49.75, "lon": -99.5, "image_url": "https://raw.githubusercontent.com/severe-weather-lab/soundings/refs/heads/main/input_multiple_soundings/flood/2_UTC_SwanValley_2026/20260608_02/input_sounding_2026-06-08T02_-99.5_49.75.png", "timestamp": "20260608T02" }, "geometry": { "type": "Point", "coordinates": [ -99.5, 49.75 ] } },
{ "type": "Feature", "properties": { "lat": 50.0, "lon": -99.5, "image_url": "https://raw.githubusercontent.com/severe-weather-lab/soundings/refs/heads/main/input_multiple_soundings/flood/2_UTC_SwanValley_2026/20260608_02/input_sounding_2026-06-08T02_-99.5_50.0.png", "timestamp": "20260608T02" }, "geometry": { "type": "Point", "coordinates": [ -99.5, 50.0 ] } },
{ "type": "Feature", "properties": { "lat": 50.25, "lon": -99.5, "image_url": "https://raw.githubusercontent.com/severe-weather-lab/soundings/refs/heads/main/input_multiple_soundings/flood/2_UTC_SwanValley_2026/20260608_02/input_sounding_2026-06-08T02_-99.5_50.25.png", "timestamp": "20260608T02" }, "geometry": { "type": "Point", "coordinates": [ -99.5, 50.25 ] } },
{ "type": "Feature", "properties": { "lat": 50.5, "lon": -99.5, "image_url": "https://raw.githubusercontent.com/severe-weather-lab/soundings/refs/heads/main/input_multiple_soundings/flood/2_UTC_SwanValley_2026/20260608_02/input_sounding_2026-06-08T02_-99.5_50.5.png", "timestamp": "20260608T02" }, "geometry": { "type": "Point", "coordinates": [ -99.5, 50.5 ] } },
{ "type": "Feature", "properties": { "lat": 50.75, "lon": -99.5, "image_url": "https://raw.githubusercontent.com/severe-weather-lab/soundings/refs/heads/main/input_multiple_soundings/flood/2_UTC_SwanValley_2026/20260608_02/input_sounding_2026-06-08T02_-99.5_50.75.png", "timestamp": "20260608T02" }, "geometry": { "type": "Point", "coordinates": [ -99.5, 50.75 ] } },
{ "type": "Feature", "properties": { "lat": 51.0, "lon": -99.5, "image_url": "https://raw.githubusercontent.com/severe-weather-lab/soundings/refs/heads/main/input_multiple_soundings/flood/2_UTC_SwanValley_2026/20260608_02/input_sounding_2026-06-08T02_-99.5_51.0.png", "timestamp": "20260608T02" }, "geometry": { "type": "Point", "coordinates": [ -99.5, 51.0 ] } },
{ "type": "Feature", "properties": { "lat": 51.25, "lon": -99.5, "image_url": "https://raw.githubusercontent.com/severe-weather-lab/soundings/refs/heads/main/input_multiple_soundings/flood/2_UTC_SwanValley_2026/20260608_02/input_sounding_2026-06-08T02_-99.5_51.25.png", "timestamp": "20260608T02" }, "geometry": { "type": "Point", "coordinates": [ -99.5, 51.25 ] } },
{ "type": "Feature", "properties": { "lat": 51.5, "lon": -99.5, "image_url": "https://raw.githubusercontent.com/severe-weather-lab/soundings/refs/heads/main/input_multiple_soundings/flood/2_UTC_SwanValley_2026/20260608_02/input_sounding_2026-06-08T02_-99.5_51.5.png", "timestamp": "20260608T02" }, "geometry": { "type": "Point", "coordinates": [ -99.5, 51.5 ] } },
{ "type": "Feature", "properties": { "lat": 51.75, "lon": -99.5, "image_url": "https://raw.githubusercontent.com/severe-weather-lab/soundings/refs/heads/main/input_multiple_soundings/flood/2_UTC_SwanValley_2026/20260608_02/input_sounding_2026-06-08T02_-99.5_51.75.png", "timestamp": "20260608T02" }, "geometry": { "type": "Point", "coordinates": [ -99.5, 51.75 ] } },
{ "type": "Feature", "properties": { "lat": 52.0, "lon": -99.5, "image_url": "https://raw.githubusercontent.com/severe-weather-lab/soundings/refs/heads/main/input_multiple_soundings/flood/2_UTC_SwanValley_2026/20260608_02/input_sounding_2026-06-08T02_-99.5_52.0.png", "timestamp": "20260608T02" }, "geometry": { "type": "Point", "coordinates": [ -99.5, 52.0 ] } },
{ "type": "Feature", "properties": { "lat": 52.25, "lon": -99.5, "image_url": "https://raw.githubusercontent.com/severe-weather-lab/soundings/refs/heads/main/input_multiple_soundings/flood/2_UTC_SwanValley_2026/20260608_02/input_sounding_2026-06-08T02_-99.5_52.25.png", "timestamp": "20260608T02" }, "geometry": { "type": "Point", "coordinates": [ -99.5, 52.25 ] } },
{ "type": "Feature", "properties": { "lat": 52.5, "lon": -99.5, "image_url": "https://raw.githubusercontent.com/severe-weather-lab/soundings/refs/heads/main/input_multiple_soundings/flood/2_UTC_SwanValley_2026/20260608_02/input_sounding_2026-06-08T02_-99.5_52.5.png", "timestamp": "20260608T02" }, "geometry": { "type": "Point", "coordinates": [ -99.5, 52.5 ] } },
{ "type": "Feature", "properties": { "lat": 52.75, "lon": -99.5, "image_url": "https://raw.githubusercontent.com/severe-weather-lab/soundings/refs/heads/main/input_multiple_soundings/flood/2_UTC_SwanValley_2026/20260608_02/input_sounding_2026-06-08T02_-99.5_52.75.png", "timestamp": "20260608T02" }, "geometry": { "type": "Point", "coordinates": [ -99.5, 52.75 ] } },
{ "type": "Feature", "properties": { "lat": 53.0, "lon": -99.5, "image_url": "https://raw.githubusercontent.com/severe-weather-lab/soundings/refs/heads/main/input_multiple_soundings/flood/2_UTC_SwanValley_2026/20260608_02/input_sounding_2026-06-08T02_-99.5_53.0.png", "timestamp": "20260608T02" }, "geometry": { "type": "Point", "coordinates": [ -99.5, 53.0 ] } },
{ "type": "Feature", "properties": { "lat": 53.25, "lon": -99.5, "image_url": "https://raw.githubusercontent.com/severe-weather-lab/soundings/refs/heads/main/input_multiple_soundings/flood/2_UTC_SwanValley_2026/20260608_02/input_sounding_2026-06-08T02_-99.5_53.25.png", "timestamp": "20260608T02" }, "geometry": { "type": "Point", "coordinates": [ -99.5, 53.25 ] } },
{ "type": "Feature", "properties": { "lat": 53.5, "lon": -99.5, "image_url": "https://raw.githubusercontent.com/severe-weather-lab/soundings/refs/heads/main/input_multiple_soundings/flood/2_UTC_SwanValley_2026/20260608_02/input_sounding_2026-06-08T02_-99.5_53.5.png", "timestamp": "20260608T02" }, "geometry": { "type": "Point", "coordinates": [ -99.5, 53.5 ] } },
{ "type": "Feature", "properties": { "lat": 53.75, "lon": -99.5, "image_url": "https://raw.githubusercontent.com/severe-weather-lab/soundings/refs/heads/main/input_multiple_soundings/flood/2_UTC_SwanValley_2026/20260608_02/input_sounding_2026-06-08T02_-99.5_53.75.png", "timestamp": "20260608T02" }, "geometry": { "type": "Point", "coordinates": [ -99.5, 53.75 ] } },
{ "type": "Feature", "properties": { "lat": 54.0, "lon": -99.5, "image_url": "https://raw.githubusercontent.com/severe-weather-lab/soundings/refs/heads/main/input_multiple_soundings/flood/2_UTC_SwanValley_2026/20260608_02/input_sounding_2026-06-08T02_-99.5_54.0.png", "timestamp": "20260608T02" }, "geometry": { "type": "Point", "coordinates": [ -99.5, 54.0 ] } },
{ "type": "Feature", "properties": { "lat": 54.25, "lon": -99.5, "image_url": "https://raw.githubusercontent.com/severe-weather-lab/soundings/refs/heads/main/input_multiple_soundings/flood/2_UTC_SwanValley_2026/20260608_02/input_sounding_2026-06-08T02_-99.5_54.25.png", "timestamp": "20260608T02" }, "geometry": { "type": "Point", "coordinates": [ -99.5, 54.25 ] } },
{ "type": "Feature", "properties": { "lat": 49.25, "lon": -99.25, "image_url": "https://raw.githubusercontent.com/severe-weather-lab/soundings/refs/heads/main/input_multiple_soundings/flood/2_UTC_SwanValley_2026/20260608_02/input_sounding_2026-06-08T02_-99.25_49.25.png", "timestamp": "20260608T02" }, "geometry": { "type": "Point", "coordinates": [ -99.25, 49.25 ] } },
{ "type": "Feature", "properties": { "lat": 49.5, "lon": -99.25, "image_url": "https://raw.githubusercontent.com/severe-weather-lab/soundings/refs/heads/main/input_multiple_soundings/flood/2_UTC_SwanValley_2026/20260608_02/input_sounding_2026-06-08T02_-99.25_49.5.png", "timestamp": "20260608T02" }, "geometry": { "type": "Point", "coordinates": [ -99.25, 49.5 ] } },
{ "type": "Feature", "properties": { "lat": 49.75, "lon": -99.25, "image_url": "https://raw.githubusercontent.com/severe-weather-lab/soundings/refs/heads/main/input_multiple_soundings/flood/2_UTC_SwanValley_2026/20260608_02/input_sounding_2026-06-08T02_-99.25_49.75.png", "timestamp": "20260608T02" }, "geometry": { "type": "Point", "coordinates": [ -99.25, 49.75 ] } },
{ "type": "Feature", "properties": { "lat": 50.0, "lon": -99.25, "image_url": "https://raw.githubusercontent.com/severe-weather-lab/soundings/refs/heads/main/input_multiple_soundings/flood/2_UTC_SwanValley_2026/20260608_02/input_sounding_2026-06-08T02_-99.25_50.0.png", "timestamp": "20260608T02" }, "geometry": { "type": "Point", "coordinates": [ -99.25, 50.0 ] } },
{ "type": "Feature", "properties": { "lat": 50.25, "lon": -99.25, "image_url": "https://raw.githubusercontent.com/severe-weather-lab/soundings/refs/heads/main/input_multiple_soundings/flood/2_UTC_SwanValley_2026/20260608_02/input_sounding_2026-06-08T02_-99.25_50.25.png", "timestamp": "20260608T02" }, "geometry": { "type": "Point", "coordinates": [ -99.25, 50.25 ] } },
{ "type": "Feature", "properties": { "lat": 50.5, "lon": -99.25, "image_url": "https://raw.githubusercontent.com/severe-weather-lab/soundings/refs/heads/main/input_multiple_soundings/flood/2_UTC_SwanValley_2026/20260608_02/input_sounding_2026-06-08T02_-99.25_50.5.png", "timestamp": "20260608T02" }, "geometry": { "type": "Point", "coordinates": [ -99.25, 50.5 ] } },
{ "type": "Feature", "properties": { "lat": 50.75, "lon": -99.25, "image_url": "https://raw.githubusercontent.com/severe-weather-lab/soundings/refs/heads/main/input_multiple_soundings/flood/2_UTC_SwanValley_2026/20260608_02/input_sounding_2026-06-08T02_-99.25_50.75.png", "timestamp": "20260608T02" }, "geometry": { "type": "Point", "coordinates": [ -99.25, 50.75 ] } },
{ "type": "Feature", "properties": { "lat": 51.0, "lon": -99.25, "image_url": "https://raw.githubusercontent.com/severe-weather-lab/soundings/refs/heads/main/input_multiple_soundings/flood/2_UTC_SwanValley_2026/20260608_02/input_sounding_2026-06-08T02_-99.25_51.0.png", "timestamp": "20260608T02" }, "geometry": { "type": "Point", "coordinates": [ -99.25, 51.0 ] } },
{ "type": "Feature", "properties": { "lat": 51.25, "lon": -99.25, "image_url": "https://raw.githubusercontent.com/severe-weather-lab/soundings/refs/heads/main/input_multiple_soundings/flood/2_UTC_SwanValley_2026/20260608_02/input_sounding_2026-06-08T02_-99.25_51.25.png", "timestamp": "20260608T02" }, "geometry": { "type": "Point", "coordinates": [ -99.25, 51.25 ] } },
{ "type": "Feature", "properties": { "lat": 51.5, "lon": -99.25, "image_url": "https://raw.githubusercontent.com/severe-weather-lab/soundings/refs/heads/main/input_multiple_soundings/flood/2_UTC_SwanValley_2026/20260608_02/input_sounding_2026-06-08T02_-99.25_51.5.png", "timestamp": "20260608T02" }, "geometry": { "type": "Point", "coordinates": [ -99.25, 51.5 ] } },
{ "type": "Feature", "properties": { "lat": 51.75, "lon": -99.25, "image_url": "https://raw.githubusercontent.com/severe-weather-lab/soundings/refs/heads/main/input_multiple_soundings/flood/2_UTC_SwanValley_2026/20260608_02/input_sounding_2026-06-08T02_-99.25_51.75.png", "timestamp": "20260608T02" }, "geometry": { "type": "Point", "coordinates": [ -99.25, 51.75 ] } },
{ "type": "Feature", "properties": { "lat": 52.0, "lon": -99.25, "image_url": "https://raw.githubusercontent.com/severe-weather-lab/soundings/refs/heads/main/input_multiple_soundings/flood/2_UTC_SwanValley_2026/20260608_02/input_sounding_2026-06-08T02_-99.25_52.0.png", "timestamp": "20260608T02" }, "geometry": { "type": "Point", "coordinates": [ -99.25, 52.0 ] } },
{ "type": "Feature", "properties": { "lat": 52.25, "lon": -99.25, "image_url": "https://raw.githubusercontent.com/severe-weather-lab/soundings/refs/heads/main/input_multiple_soundings/flood/2_UTC_SwanValley_2026/20260608_02/input_sounding_2026-06-08T02_-99.25_52.25.png", "timestamp": "20260608T02" }, "geometry": { "type": "Point", "coordinates": [ -99.25, 52.25 ] } },
{ "type": "Feature", "properties": { "lat": 52.5, "lon": -99.25, "image_url": "https://raw.githubusercontent.com/severe-weather-lab/soundings/refs/heads/main/input_multiple_soundings/flood/2_UTC_SwanValley_2026/20260608_02/input_sounding_2026-06-08T02_-99.25_52.5.png", "timestamp": "20260608T02" }, "geometry": { "type": "Point", "coordinates": [ -99.25, 52.5 ] } },
{ "type": "Feature", "properties": { "lat": 52.75, "lon": -99.25, "image_url": "https://raw.githubusercontent.com/severe-weather-lab/soundings/refs/heads/main/input_multiple_soundings/flood/2_UTC_SwanValley_2026/20260608_02/input_sounding_2026-06-08T02_-99.25_52.75.png", "timestamp": "20260608T02" }, "geometry": { "type": "Point", "coordinates": [ -99.25, 52.75 ] } },
{ "type": "Feature", "properties": { "lat": 53.0, "lon": -99.25, "image_url": "https://raw.githubusercontent.com/severe-weather-lab/soundings/refs/heads/main/input_multiple_soundings/flood/2_UTC_SwanValley_2026/20260608_02/input_sounding_2026-06-08T02_-99.25_53.0.png", "timestamp": "20260608T02" }, "geometry": { "type": "Point", "coordinates": [ -99.25, 53.0 ] } },
{ "type": "Feature", "properties": { "lat": 53.25, "lon": -99.25, "image_url": "https://raw.githubusercontent.com/severe-weather-lab/soundings/refs/heads/main/input_multiple_soundings/flood/2_UTC_SwanValley_2026/20260608_02/input_sounding_2026-06-08T02_-99.25_53.25.png", "timestamp": "20260608T02" }, "geometry": { "type": "Point", "coordinates": [ -99.25, 53.25 ] } },
{ "type": "Feature", "properties": { "lat": 53.5, "lon": -99.25, "image_url": "https://raw.githubusercontent.com/severe-weather-lab/soundings/refs/heads/main/input_multiple_soundings/flood/2_UTC_SwanValley_2026/20260608_02/input_sounding_2026-06-08T02_-99.25_53.5.png", "timestamp": "20260608T02" }, "geometry": { "type": "Point", "coordinates": [ -99.25, 53.5 ] } },
{ "type": "Feature", "properties": { "lat": 53.75, "lon": -99.25, "image_url": "https://raw.githubusercontent.com/severe-weather-lab/soundings/refs/heads/main/input_multiple_soundings/flood/2_UTC_SwanValley_2026/20260608_02/input_sounding_2026-06-08T02_-99.25_53.75.png", "timestamp": "20260608T02" }, "geometry": { "type": "Point", "coordinates": [ -99.25, 53.75 ] } },
{ "type": "Feature", "properties": { "lat": 54.0, "lon": -99.25, "image_url": "https://raw.githubusercontent.com/severe-weather-lab/soundings/refs/heads/main/input_multiple_soundings/flood/2_UTC_SwanValley_2026/20260608_02/input_sounding_2026-06-08T02_-99.25_54.0.png", "timestamp": "20260608T02" }, "geometry": { "type": "Point", "coordinates": [ -99.25, 54.0 ] } },
{ "type": "Feature", "properties": { "lat": 54.25, "lon": -99.25, "image_url": "https://raw.githubusercontent.com/severe-weather-lab/soundings/refs/heads/main/input_multiple_soundings/flood/2_UTC_SwanValley_2026/20260608_02/input_sounding_2026-06-08T02_-99.25_54.25.png", "timestamp": "20260608T02" }, "geometry": { "type": "Point", "coordinates": [ -99.25, 54.25 ] } },
{ "type": "Feature", "properties": { "lat": 49.25, "lon": -99.0, "image_url": "https://raw.githubusercontent.com/severe-weather-lab/soundings/refs/heads/main/input_multiple_soundings/flood/2_UTC_SwanValley_2026/20260608_02/input_sounding_2026-06-08T02_-99.0_49.25.png", "timestamp": "20260608T02" }, "geometry": { "type": "Point", "coordinates": [ -99.0, 49.25 ] } },
{ "type": "Feature", "properties": { "lat": 49.5, "lon": -99.0, "image_url": "https://raw.githubusercontent.com/severe-weather-lab/soundings/refs/heads/main/input_multiple_soundings/flood/2_UTC_SwanValley_2026/20260608_02/input_sounding_2026-06-08T02_-99.0_49.5.png", "timestamp": "20260608T02" }, "geometry": { "type": "Point", "coordinates": [ -99.0, 49.5 ] } },
{ "type": "Feature", "properties": { "lat": 49.75, "lon": -99.0, "image_url": "https://raw.githubusercontent.com/severe-weather-lab/soundings/refs/heads/main/input_multiple_soundings/flood/2_UTC_SwanValley_2026/20260608_02/input_sounding_2026-06-08T02_-99.0_49.75.png", "timestamp": "20260608T02" }, "geometry": { "type": "Point", "coordinates": [ -99.0, 49.75 ] } },
{ "type": "Feature", "properties": { "lat": 50.0, "lon": -99.0, "image_url": "https://raw.githubusercontent.com/severe-weather-lab/soundings/refs/heads/main/input_multiple_soundings/flood/2_UTC_SwanValley_2026/20260608_02/input_sounding_2026-06-08T02_-99.0_50.0.png", "timestamp": "20260608T02" }, "geometry": { "type": "Point", "coordinates": [ -99.0, 50.0 ] } },
{ "type": "Feature", "properties": { "lat": 50.25, "lon": -99.0, "image_url": "https://raw.githubusercontent.com/severe-weather-lab/soundings/refs/heads/main/input_multiple_soundings/flood/2_UTC_SwanValley_2026/20260608_02/input_sounding_2026-06-08T02_-99.0_50.25.png", "timestamp": "20260608T02" }, "geometry": { "type": "Point", "coordinates": [ -99.0, 50.25 ] } },
{ "type": "Feature", "properties": { "lat": 50.5, "lon": -99.0, "image_url": "https://raw.githubusercontent.com/severe-weather-lab/soundings/refs/heads/main/input_multiple_soundings/flood/2_UTC_SwanValley_2026/20260608_02/input_sounding_2026-06-08T02_-99.0_50.5.png", "timestamp": "20260608T02" }, "geometry": { "type": "Point", "coordinates": [ -99.0, 50.5 ] } },
{ "type": "Feature", "properties": { "lat": 50.75, "lon": -99.0, "image_url": "https://raw.githubusercontent.com/severe-weather-lab/soundings/refs/heads/main/input_multiple_soundings/flood/2_UTC_SwanValley_2026/20260608_02/input_sounding_2026-06-08T02_-99.0_50.75.png", "timestamp": "20260608T02" }, "geometry": { "type": "Point", "coordinates": [ -99.0, 50.75 ] } },
{ "type": "Feature", "properties": { "lat": 51.0, "lon": -99.0, "image_url": "https://raw.githubusercontent.com/severe-weather-lab/soundings/refs/heads/main/input_multiple_soundings/flood/2_UTC_SwanValley_2026/20260608_02/input_sounding_2026-06-08T02_-99.0_51.0.png", "timestamp": "20260608T02" }, "geometry": { "type": "Point", "coordinates": [ -99.0, 51.0 ] } },
{ "type": "Feature", "properties": { "lat": 51.25, "lon": -99.0, "image_url": "https://raw.githubusercontent.com/severe-weather-lab/soundings/refs/heads/main/input_multiple_soundings/flood/2_UTC_SwanValley_2026/20260608_02/input_sounding_2026-06-08T02_-99.0_51.25.png", "timestamp": "20260608T02" }, "geometry": { "type": "Point", "coordinates": [ -99.0, 51.25 ] } },
{ "type": "Feature", "properties": { "lat": 51.5, "lon": -99.0, "image_url": "https://raw.githubusercontent.com/severe-weather-lab/soundings/refs/heads/main/input_multiple_soundings/flood/2_UTC_SwanValley_2026/20260608_02/input_sounding_2026-06-08T02_-99.0_51.5.png", "timestamp": "20260608T02" }, "geometry": { "type": "Point", "coordinates": [ -99.0, 51.5 ] } },
{ "type": "Feature", "properties": { "lat": 51.75, "lon": -99.0, "image_url": "https://raw.githubusercontent.com/severe-weather-lab/soundings/refs/heads/main/input_multiple_soundings/flood/2_UTC_SwanValley_2026/20260608_02/input_sounding_2026-06-08T02_-99.0_51.75.png", "timestamp": "20260608T02" }, "geometry": { "type": "Point", "coordinates": [ -99.0, 51.75 ] } },
{ "type": "Feature", "properties": { "lat": 52.0, "lon": -99.0, "image_url": "https://raw.githubusercontent.com/severe-weather-lab/soundings/refs/heads/main/input_multiple_soundings/flood/2_UTC_SwanValley_2026/20260608_02/input_sounding_2026-06-08T02_-99.0_52.0.png", "timestamp": "20260608T02" }, "geometry": { "type": "Point", "coordinates": [ -99.0, 52.0 ] } },
{ "type": "Feature", "properties": { "lat": 52.25, "lon": -99.0, "image_url": "https://raw.githubusercontent.com/severe-weather-lab/soundings/refs/heads/main/input_multiple_soundings/flood/2_UTC_SwanValley_2026/20260608_02/input_sounding_2026-06-08T02_-99.0_52.25.png", "timestamp": "20260608T02" }, "geometry": { "type": "Point", "coordinates": [ -99.0, 52.25 ] } },
{ "type": "Feature", "properties": { "lat": 52.5, "lon": -99.0, "image_url": "https://raw.githubusercontent.com/severe-weather-lab/soundings/refs/heads/main/input_multiple_soundings/flood/2_UTC_SwanValley_2026/20260608_02/input_sounding_2026-06-08T02_-99.0_52.5.png", "timestamp": "20260608T02" }, "geometry": { "type": "Point", "coordinates": [ -99.0, 52.5 ] } },
{ "type": "Feature", "properties": { "lat": 52.75, "lon": -99.0, "image_url": "https://raw.githubusercontent.com/severe-weather-lab/soundings/refs/heads/main/input_multiple_soundings/flood/2_UTC_SwanValley_2026/20260608_02/input_sounding_2026-06-08T02_-99.0_52.75.png", "timestamp": "20260608T02" }, "geometry": { "type": "Point", "coordinates": [ -99.0, 52.75 ] } },
{ "type": "Feature", "properties": { "lat": 53.0, "lon": -99.0, "image_url": "https://raw.githubusercontent.com/severe-weather-lab/soundings/refs/heads/main/input_multiple_soundings/flood/2_UTC_SwanValley_2026/20260608_02/input_sounding_2026-06-08T02_-99.0_53.0.png", "timestamp": "20260608T02" }, "geometry": { "type": "Point", "coordinates": [ -99.0, 53.0 ] } },
{ "type": "Feature", "properties": { "lat": 53.25, "lon": -99.0, "image_url": "https://raw.githubusercontent.com/severe-weather-lab/soundings/refs/heads/main/input_multiple_soundings/flood/2_UTC_SwanValley_2026/20260608_02/input_sounding_2026-06-08T02_-99.0_53.25.png", "timestamp": "20260608T02" }, "geometry": { "type": "Point", "coordinates": [ -99.0, 53.25 ] } },
{ "type": "Feature", "properties": { "lat": 53.5, "lon": -99.0, "image_url": "https://raw.githubusercontent.com/severe-weather-lab/soundings/refs/heads/main/input_multiple_soundings/flood/2_UTC_SwanValley_2026/20260608_02/input_sounding_2026-06-08T02_-99.0_53.5.png", "timestamp": "20260608T02" }, "geometry": { "type": "Point", "coordinates": [ -99.0, 53.5 ] } },
{ "type": "Feature", "properties": { "lat": 53.75, "lon": -99.0, "image_url": "https://raw.githubusercontent.com/severe-weather-lab/soundings/refs/heads/main/input_multiple_soundings/flood/2_UTC_SwanValley_2026/20260608_02/input_sounding_2026-06-08T02_-99.0_53.75.png", "timestamp": "20260608T02" }, "geometry": { "type": "Point", "coordinates": [ -99.0, 53.75 ] } },
{ "type": "Feature", "properties": { "lat": 54.0, "lon": -99.0, "image_url": "https://raw.githubusercontent.com/severe-weather-lab/soundings/refs/heads/main/input_multiple_soundings/flood/2_UTC_SwanValley_2026/20260608_02/input_sounding_2026-06-08T02_-99.0_54.0.png", "timestamp": "20260608T02" }, "geometry": { "type": "Point", "coordinates": [ -99.0, 54.0 ] } },
{ "type": "Feature", "properties": { "lat": 54.25, "lon": -99.0, "image_url": "https://raw.githubusercontent.com/severe-weather-lab/soundings/refs/heads/main/input_multiple_soundings/flood/2_UTC_SwanValley_2026/20260608_02/input_sounding_2026-06-08T02_-99.0_54.25.png", "timestamp": "20260608T02" }, "geometry": { "type": "Point", "coordinates": [ -99.0, 54.25 ] } },
{ "type": "Feature", "properties": { "lat": 49.25, "lon": -98.75, "image_url": "https://raw.githubusercontent.com/severe-weather-lab/soundings/refs/heads/main/input_multiple_soundings/flood/2_UTC_SwanValley_2026/20260608_02/input_sounding_2026-06-08T02_-98.75_49.25.png", "timestamp": "20260608T02" }, "geometry": { "type": "Point", "coordinates": [ -98.75, 49.25 ] } },
{ "type": "Feature", "properties": { "lat": 49.5, "lon": -98.75, "image_url": "https://raw.githubusercontent.com/severe-weather-lab/soundings/refs/heads/main/input_multiple_soundings/flood/2_UTC_SwanValley_2026/20260608_02/input_sounding_2026-06-08T02_-98.75_49.5.png", "timestamp": "20260608T02" }, "geometry": { "type": "Point", "coordinates": [ -98.75, 49.5 ] } },
{ "type": "Feature", "properties": { "lat": 49.75, "lon": -98.75, "image_url": "https://raw.githubusercontent.com/severe-weather-lab/soundings/refs/heads/main/input_multiple_soundings/flood/2_UTC_SwanValley_2026/20260608_02/input_sounding_2026-06-08T02_-98.75_49.75.png", "timestamp": "20260608T02" }, "geometry": { "type": "Point", "coordinates": [ -98.75, 49.75 ] } },
{ "type": "Feature", "properties": { "lat": 50.0, "lon": -98.75, "image_url": "https://raw.githubusercontent.com/severe-weather-lab/soundings/refs/heads/main/input_multiple_soundings/flood/2_UTC_SwanValley_2026/20260608_02/input_sounding_2026-06-08T02_-98.75_50.0.png", "timestamp": "20260608T02" }, "geometry": { "type": "Point", "coordinates": [ -98.75, 50.0 ] } },
{ "type": "Feature", "properties": { "lat": 50.25, "lon": -98.75, "image_url": "https://raw.githubusercontent.com/severe-weather-lab/soundings/refs/heads/main/input_multiple_soundings/flood/2_UTC_SwanValley_2026/20260608_02/input_sounding_2026-06-08T02_-98.75_50.25.png", "timestamp": "20260608T02" }, "geometry": { "type": "Point", "coordinates": [ -98.75, 50.25 ] } },
{ "type": "Feature", "properties": { "lat": 50.5, "lon": -98.75, "image_url": "https://raw.githubusercontent.com/severe-weather-lab/soundings/refs/heads/main/input_multiple_soundings/flood/2_UTC_SwanValley_2026/20260608_02/input_sounding_2026-06-08T02_-98.75_50.5.png", "timestamp": "20260608T02" }, "geometry": { "type": "Point", "coordinates": [ -98.75, 50.5 ] } },
{ "type": "Feature", "properties": { "lat": 50.75, "lon": -98.75, "image_url": "https://raw.githubusercontent.com/severe-weather-lab/soundings/refs/heads/main/input_multiple_soundings/flood/2_UTC_SwanValley_2026/20260608_02/input_sounding_2026-06-08T02_-98.75_50.75.png", "timestamp": "20260608T02" }, "geometry": { "type": "Point", "coordinates": [ -98.75, 50.75 ] } },
{ "type": "Feature", "properties": { "lat": 51.0, "lon": -98.75, "image_url": "https://raw.githubusercontent.com/severe-weather-lab/soundings/refs/heads/main/input_multiple_soundings/flood/2_UTC_SwanValley_2026/20260608_02/input_sounding_2026-06-08T02_-98.75_51.0.png", "timestamp": "20260608T02" }, "geometry": { "type": "Point", "coordinates": [ -98.75, 51.0 ] } },
{ "type": "Feature", "properties": { "lat": 51.25, "lon": -98.75, "image_url": "https://raw.githubusercontent.com/severe-weather-lab/soundings/refs/heads/main/input_multiple_soundings/flood/2_UTC_SwanValley_2026/20260608_02/input_sounding_2026-06-08T02_-98.75_51.25.png", "timestamp": "20260608T02" }, "geometry": { "type": "Point", "coordinates": [ -98.75, 51.25 ] } },
{ "type": "Feature", "properties": { "lat": 51.5, "lon": -98.75, "image_url": "https://raw.githubusercontent.com/severe-weather-lab/soundings/refs/heads/main/input_multiple_soundings/flood/2_UTC_SwanValley_2026/20260608_02/input_sounding_2026-06-08T02_-98.75_51.5.png", "timestamp": "20260608T02" }, "geometry": { "type": "Point", "coordinates": [ -98.75, 51.5 ] } },
{ "type": "Feature", "properties": { "lat": 51.75, "lon": -98.75, "image_url": "https://raw.githubusercontent.com/severe-weather-lab/soundings/refs/heads/main/input_multiple_soundings/flood/2_UTC_SwanValley_2026/20260608_02/input_sounding_2026-06-08T02_-98.75_51.75.png", "timestamp": "20260608T02" }, "geometry": { "type": "Point", "coordinates": [ -98.75, 51.75 ] } },
{ "type": "Feature", "properties": { "lat": 52.0, "lon": -98.75, "image_url": "https://raw.githubusercontent.com/severe-weather-lab/soundings/refs/heads/main/input_multiple_soundings/flood/2_UTC_SwanValley_2026/20260608_02/input_sounding_2026-06-08T02_-98.75_52.0.png", "timestamp": "20260608T02" }, "geometry": { "type": "Point", "coordinates": [ -98.75, 52.0 ] } },
{ "type": "Feature", "properties": { "lat": 52.25, "lon": -98.75, "image_url": "https://raw.githubusercontent.com/severe-weather-lab/soundings/refs/heads/main/input_multiple_soundings/flood/2_UTC_SwanValley_2026/20260608_02/input_sounding_2026-06-08T02_-98.75_52.25.png", "timestamp": "20260608T02" }, "geometry": { "type": "Point", "coordinates": [ -98.75, 52.25 ] } },
{ "type": "Feature", "properties": { "lat": 52.5, "lon": -98.75, "image_url": "https://raw.githubusercontent.com/severe-weather-lab/soundings/refs/heads/main/input_multiple_soundings/flood/2_UTC_SwanValley_2026/20260608_02/input_sounding_2026-06-08T02_-98.75_52.5.png", "timestamp": "20260608T02" }, "geometry": { "type": "Point", "coordinates": [ -98.75, 52.5 ] } },
{ "type": "Feature", "properties": { "lat": 52.75, "lon": -98.75, "image_url": "https://raw.githubusercontent.com/severe-weather-lab/soundings/refs/heads/main/input_multiple_soundings/flood/2_UTC_SwanValley_2026/20260608_02/input_sounding_2026-06-08T02_-98.75_52.75.png", "timestamp": "20260608T02" }, "geometry": { "type": "Point", "coordinates": [ -98.75, 52.75 ] } },
{ "type": "Feature", "properties": { "lat": 53.0, "lon": -98.75, "image_url": "https://raw.githubusercontent.com/severe-weather-lab/soundings/refs/heads/main/input_multiple_soundings/flood/2_UTC_SwanValley_2026/20260608_02/input_sounding_2026-06-08T02_-98.75_53.0.png", "timestamp": "20260608T02" }, "geometry": { "type": "Point", "coordinates": [ -98.75, 53.0 ] } },
{ "type": "Feature", "properties": { "lat": 53.25, "lon": -98.75, "image_url": "https://raw.githubusercontent.com/severe-weather-lab/soundings/refs/heads/main/input_multiple_soundings/flood/2_UTC_SwanValley_2026/20260608_02/input_sounding_2026-06-08T02_-98.75_53.25.png", "timestamp": "20260608T02" }, "geometry": { "type": "Point", "coordinates": [ -98.75, 53.25 ] } },
{ "type": "Feature", "properties": { "lat": 53.5, "lon": -98.75, "image_url": "https://raw.githubusercontent.com/severe-weather-lab/soundings/refs/heads/main/input_multiple_soundings/flood/2_UTC_SwanValley_2026/20260608_02/input_sounding_2026-06-08T02_-98.75_53.5.png", "timestamp": "20260608T02" }, "geometry": { "type": "Point", "coordinates": [ -98.75, 53.5 ] } },
{ "type": "Feature", "properties": { "lat": 53.75, "lon": -98.75, "image_url": "https://raw.githubusercontent.com/severe-weather-lab/soundings/refs/heads/main/input_multiple_soundings/flood/2_UTC_SwanValley_2026/20260608_02/input_sounding_2026-06-08T02_-98.75_53.75.png", "timestamp": "20260608T02" }, "geometry": { "type": "Point", "coordinates": [ -98.75, 53.75 ] } },
{ "type": "Feature", "properties": { "lat": 54.0, "lon": -98.75, "image_url": "https://raw.githubusercontent.com/severe-weather-lab/soundings/refs/heads/main/input_multiple_soundings/flood/2_UTC_SwanValley_2026/20260608_02/input_sounding_2026-06-08T02_-98.75_54.0.png", "timestamp": "20260608T02" }, "geometry": { "type": "Point", "coordinates": [ -98.75, 54.0 ] } },
{ "type": "Feature", "properties": { "lat": 54.25, "lon": -98.75, "image_url": "https://raw.githubusercontent.com/severe-weather-lab/soundings/refs/heads/main/input_multiple_soundings/flood/2_UTC_SwanValley_2026/20260608_02/input_sounding_2026-06-08T02_-98.75_54.25.png", "timestamp": "20260608T02" }, "geometry": { "type": "Point", "coordinates": [ -98.75, 54.25 ] } }
]
}
