{
"type": "FeatureCollection",
"name": "geojson_wind500m_20260608T02",
"crs": { "type": "name", "properties": { "name": "urn:ogc:def:crs:OGC:1.3:CRS84" } },
"features": [
{ "type": "Feature", "properties": { "u": 8.1752752168759155, "v": -7.8137076275594808, "speed": 11.308808591564663, "direction": 133.70456007655881, "timestamp": "20260608T02" }, "geometry": { "type": "LineString", "coordinates": [ [ -103.75, 49.25 ], [ -103.185848121746986, 48.898031187947772 ] ] } },
{ "type": "Feature", "properties": { "u": 8.8343912604543782, "v": -7.7770644964051145, "speed": 11.769842867431903, "direction": 131.3580104623465, "timestamp": "20260608T02" }, "geometry": { "type": "LineString", "coordinates": [ [ -103.75, 49.5 ], [ -103.137255757722443, 49.14968177944121 ] ] } },
{ "type": "Feature", "properties": { "u": 8.8278961170589856, "v": -7.4149910682634852, "speed": 11.528826583655961, "direction": 130.02857854596726, "timestamp": "20260608T02" }, "geometry": { "type": "LineString", "coordinates": [ [ -103.75, 49.75 ], [ -103.134556229493853, 49.415991393321463 ] ] } },
{ "type": "Feature", "properties": { "u": 8.4328927289535471, "v": -6.4648491007142557, "speed": 10.62581543567568, "direction": 127.47460198879955, "timestamp": "20260608T02" }, "geometry": { "type": "LineString", "coordinates": [ [ -103.75, 50.0 ], [ -103.159042696045447, 49.708790581048909 ] ] } },
{ "type": "Feature", "properties": { "u": 7.895790731354416, "v": -5.1080466058569778, "speed": 9.4040231497455018, "direction": 122.90015604480581, "timestamp": "20260608T02" }, "geometry": { "type": "LineString", "coordinates": [ [ -103.75, 50.25 ], [ -103.193783929259126, 50.019907810546982 ] ] } },
{ "type": "Feature", "properties": { "u": 6.9359088034260097, "v": -3.573308385138942, "speed": 7.802266577395744, "direction": 117.25705478823113, "timestamp": "20260608T02" }, "geometry": { "type": "LineString", "coordinates": [ [ -103.75, 50.5 ], [ -103.258820905167582, 50.33904016283158 ] ] } },
{ "type": "Feature", "properties": { "u": 5.9926513248912565, "v": -1.9584018257256712, "speed": 6.304538651854438, "direction": 108.0974210610397, "timestamp": "20260608T02" }, "geometry": { "type": "LineString", "coordinates": [ [ -103.75, 50.75 ], [ -103.323357080013423, 50.661783701543889 ] ] } },
{ "type": "Feature", "properties": { "u": 4.9601789164040602, "v": 0.092940659109927395, "speed": 4.9610495712958906, "direction": 88.926553953360155, "timestamp": "20260608T02" }, "geometry": { "type": "LineString", "coordinates": [ [ -103.75, 51.0 ], [ -103.394963859588003, 51.004186516176119 ] ] } },
{ "type": "Feature", "properties": { "u": 4.6686737171341122, "v": 2.2194354746895266, "speed": 5.1693721188718049, "direction": 64.574106134563351, "timestamp": "20260608T02" }, "geometry": { "type": "LineString", "coordinates": [ [ -103.75, 51.25 ], [ -103.414015447199773, 51.349974570931963 ] ] } },
{ "type": "Feature", "properties": { "u": 3.8704861341057955, "v": 3.4182264031867726, "speed": 5.1638100911776768, "direction": 48.550612649909354, "timestamp": "20260608T02" }, "geometry": { "type": "LineString", "coordinates": [ [ -103.75, 51.5 ], [ -103.469932332517175, 51.653974162305708 ] ] } },
{ "type": "Feature", "properties": { "u": 1.6820156726155282, "v": 4.0198924603811417, "speed": 4.3576039420710799, "direction": 22.705558315341062, "timestamp": "20260608T02" }, "geometry": { "type": "LineString", "coordinates": [ [ -103.75, 51.75 ], [ -103.627617166467374, 51.931076236954105 ] ] } },
{ "type": "Feature", "properties": { "u": -0.67765240958020945, "v": 4.0196843603353098, "speed": 4.076404683656194, "direction": -9.5691463802376031, "timestamp": "20260608T02" }, "geometry": { "type": "LineString", "coordinates": [ [ -103.75, 52.0 ], [ -103.799580629189563, 52.181066863078165 ] ] } },
{ "type": "Feature", "properties": { "u": -2.8983173012325256, "v": 3.7966485397225727, "speed": 4.7764823157634879, "direction": -37.357692776292978, "timestamp": "20260608T02" }, "geometry": { "type": "LineString", "coordinates": [ [ -103.75, 52.25 ], [ -103.963249180718165, 52.421020204492009 ] ] } },
{ "type": "Feature", "properties": { "u": -5.0440214563685206, "v": 3.2887502615744788, "speed": 6.0214641687310753, "direction": -56.89526483041903, "timestamp": "20260608T02" }, "geometry": { "type": "LineString", "coordinates": [ [ -103.75, 52.5 ], [ -104.123230239110697, 52.648141903674528 ] ] } },
{ "type": "Feature", "properties": { "u": -6.7575124397711717, "v": 3.2159516931016201, "speed": 7.4837370120832887, "direction": -64.549866991868228, "timestamp": "20260608T02" }, "geometry": { "type": "LineString", "coordinates": [ [ -103.75, 52.75 ], [ -104.252883653654223, 52.894862688878455 ] ] } },
{ "type": "Feature", "properties": { "u": -7.2126429984414138, "v": 3.4668848234442744, "speed": 8.0025939170992668, "direction": -64.327907677643296, "timestamp": "20260608T02" }, "geometry": { "type": "LineString", "coordinates": [ [ -103.75, 53.0 ], [ -104.289856627468296, 53.156165983038029 ] ] } },
{ "type": "Feature", "properties": { "u": -7.9224465629764182, "v": 2.5555499836777167, "speed": 8.3244216172832122, "direction": -72.121813947015681, "timestamp": "20260608T02" }, "geometry": { "type": "LineString", "coordinates": [ [ -103.75, 53.25 ], [ -104.346443739662163, 53.36511486412963 ] ] } },
{ "type": "Feature", "properties": { "u": -9.6488712444569043, "v": 1.27678068637054, "speed": 9.732979256794712, "direction": -82.462164405531496, "timestamp": "20260608T02" }, "geometry": { "type": "LineString", "coordinates": [ [ -103.75, 53.5 ], [ -104.480694669943929, 53.557512643530202 ] ] } },
{ "type": "Feature", "properties": { "u": -9.9924508033116926, "v": 1.4074120844364093, "speed": 10.091079319479267, "direction": -81.982768349778368, "timestamp": "20260608T02" }, "geometry": { "type": "LineString", "coordinates": [ [ -103.75, 53.75 ], [ -104.511209288215113, 53.813396940740375 ] ] } },
{ "type": "Feature", "properties": { "u": -9.5315134710572451, "v": 2.8935542142202646, "speed": 9.9610443749427002, "direction": -73.112883848534437, "timestamp": "20260608T02" }, "geometry": { "type": "LineString", "coordinates": [ [ -103.75, 54.0 ], [ -104.48044951702461, 54.130340279919835 ] ] } },
{ "type": "Feature", "properties": { "u": -9.0284171244597431, "v": 4.3810844016477182, "speed": 10.03524869186603, "direction": -64.114788581226705, "timestamp": "20260608T02" }, "geometry": { "type": "LineString", "coordinates": [ [ -103.75, 54.25 ], [ -104.446081623962996, 54.447346144218365 ] ] } },
{ "type": "Feature", "properties": { "u": 7.1775420528642826, "v": -5.9574223358747886, "speed": 9.3278073955573841, "direction": 129.6929682364779, "timestamp": "20260608T02" }, "geometry": { "type": "LineString", "coordinates": [ [ -103.5, 49.25 ], [ -103.004698774910395, 48.981647642528159 ] ] } },
{ "type": "Feature", "properties": { "u": 6.9896530404204729, "v": -5.4405699798902605, "speed": 8.8574856100104533, "direction": 127.89629196898285, "timestamp": "20260608T02" }, "geometry": { "type": "LineString", "coordinates": [ [ -103.5, 49.5 ], [ -103.015204893040334, 49.254929280185124 ] ] } },
{ "type": "Feature", "properties": { "u": 6.6697461956626647, "v": -4.7621903893119821, "speed": 8.1953628118962492, "direction": 125.52678882278461, "timestamp": "20260608T02" }, "geometry": { "type": "LineString", "coordinates": [ [ -103.5, 49.75 ], [ -103.035013360766058, 49.535486919400363 ] ] } },
{ "type": "Feature", "properties": { "u": 6.1242362291559962, "v": -3.3190823832430443, "speed": 6.9658149025983445, "direction": 118.45585845430178, "timestamp": "20260608T02" }, "geometry": { "type": "LineString", "coordinates": [ [ -103.5, 50.0 ], [ -103.070827917881999, 49.850491784538605 ] ] } },
{ "type": "Feature", "properties": { "u": 5.6931269610648618, "v": -1.5162927974572296, "speed": 5.8915904849560192, "direction": 104.91380418020971, "timestamp": "20260608T02" }, "geometry": { "type": "LineString", "coordinates": [ [ -103.5, 50.25 ], [ -103.098949767508685, 50.181698522637063 ] ] } },
{ "type": "Feature", "properties": { "u": 4.928424420725392, "v": -0.094005040910443149, "speed": 4.9293208678801781, "direction": 91.092730372086621, "timestamp": "20260608T02" }, "geometry": { "type": "LineString", "coordinates": [ [ -103.5, 50.5 ], [ -103.150984591272859, 50.495765538697725 ] ] } },
{ "type": "Feature", "properties": { "u": 4.013582211099231, "v": 1.1945175470687555, "speed": 4.1875666365453039, "direction": 73.426004939157181, "timestamp": "20260608T02" }, "geometry": { "type": "LineString", "coordinates": [ [ -103.5, 50.75 ], [ -103.214255620540271, 50.803807096714806 ] ] } },
{ "type": "Feature", "properties": { "u": 2.9022674293483131, "v": 3.1494555496222594, "speed": 4.2827825640000112, "direction": 42.661002066311674, "timestamp": "20260608T02" }, "geometry": { "type": "LineString", "coordinates": [ [ -103.5, 51.0 ], [ -103.29226357679326, 51.141867367100105 ] ] } },
{ "type": "Feature", "properties": { "u": 2.2663266872196774, "v": 4.8663670304166962, "speed": 5.3682180216465438, "direction": 24.971971773036554, "timestamp": "20260608T02" }, "geometry": { "type": "LineString", "coordinates": [ [ -103.5, 51.25 ], [ -103.336902125819975, 51.469205722090841 ] ] } },
{ "type": "Feature", "properties": { "u": 0.69992335836932806, "v": 5.9823826740697568, "speed": 6.0231881231288975, "direction": 6.6731208157881756, "timestamp": "20260608T02" }, "geometry": { "type": "LineString", "coordinates": [ [ -103.5, 51.5 ], [ -103.449353674033887, 51.769476697030171 ] ] } },
{ "type": "Feature", "properties": { "u": -1.5217702477714807, "v": 6.3704158350924249, "speed": 6.5496551511509971, "direction": -13.435086767320819, "timestamp": "20260608T02" }, "geometry": { "type": "LineString", "coordinates": [ [ -103.5, 51.75 ], [ -103.61072343613678, 52.036955668247408 ] ] } },
{ "type": "Feature", "properties": { "u": -3.3288471034414391, "v": 5.8214928755511606, "speed": 6.7060422260960584, "direction": -29.761792876613647, "timestamp": "20260608T02" }, "geometry": { "type": "LineString", "coordinates": [ [ -103.5, 52.0 ], [ -103.743556034821367, 52.262229408808608 ] ] } },
{ "type": "Feature", "properties": { "u": -4.8489660995813084, "v": 4.8436085203335484, "speed": 6.8536862879137175, "direction": -45.031670289894898, "timestamp": "20260608T02" }, "geometry": { "type": "LineString", "coordinates": [ [ -103.5, 52.25 ], [ -103.856771857803892, 52.46818056397899 ] ] } },
{ "type": "Feature", "properties": { "u": -6.444064251460496, "v": 3.4715756951901344, "speed": 7.3196859143262412, "direction": -61.687562676460047, "timestamp": "20260608T02" }, "geometry": { "type": "LineString", "coordinates": [ [ -103.5, 52.5 ], [ -103.976825814922066, 52.656377283567124 ] ] } },
{ "type": "Feature", "properties": { "u": -8.0391276506816833, "v": 2.6741311903633158, "speed": 8.4722223180951008, "direction": -71.600838329863066, "timestamp": "20260608T02" }, "geometry": { "type": "LineString", "coordinates": [ [ -103.5, 52.75 ], [ -104.098259481014637, 52.870456359926273 ] ] } },
{ "type": "Feature", "properties": { "u": -8.7867931002156663, "v": 2.9790266803149263, "speed": 9.2780565286069372, "direction": -71.271564249810964, "timestamp": "20260608T02" }, "geometry": { "type": "LineString", "coordinates": [ [ -103.5, 53.0 ], [ -104.157679645362904, 53.134190391005177 ] ] } },
{ "type": "Feature", "properties": { "u": -9.3702306676411471, "v": 2.2862028116514628, "speed": 9.6450995879153947, "direction": -76.288533416454413, "timestamp": "20260608T02" }, "geometry": { "type": "LineString", "coordinates": [ [ -103.5, 53.25 ], [ -104.205440595462377, 53.352982108632951 ] ] } },
{ "type": "Feature", "properties": { "u": -10.555801367715612, "v": 1.1678293313936881, "speed": 10.620205641226077, "direction": -83.686819167133081, "timestamp": "20260608T02" }, "geometry": { "type": "LineString", "coordinates": [ [ -103.5, 53.5 ], [ -104.299375139429671, 53.552604924837553 ] ] } },
{ "type": "Feature", "properties": { "u": -10.342170447873634, "v": 1.568996634829023, "speed": 10.460508592462201, "direction": -81.373514726158049, "timestamp": "20260608T02" }, "geometry": { "type": "LineString", "coordinates": [ [ -103.5, 53.75 ], [ -104.28785038427371, 53.820675524091399 ] ] } },
{ "type": "Feature", "properties": { "u": -9.4831588048302713, "v": 3.0643256797309117, "speed": 9.9659617091923547, "direction": -72.092620669702654, "timestamp": "20260608T02" }, "geometry": { "type": "LineString", "coordinates": [ [ -103.5, 54.0 ], [ -104.226743847122492, 54.138032688276169 ] ] } },
{ "type": "Feature", "properties": { "u": -8.9228135708945597, "v": 4.5520844923876593, "speed": 10.016889499579015, "direction": -62.971032111147139, "timestamp": "20260608T02" }, "geometry": { "type": "LineString", "coordinates": [ [ -103.5, 54.25 ], [ -104.187939699188306, 54.455048851008456 ] ] } },
{ "type": "Feature", "properties": { "u": 5.3146674611002238, "v": -4.6569239062872709, "speed": 7.0663024624641846, "direction": 131.22613743418154, "timestamp": "20260608T02" }, "geometry": { "type": "LineString", "coordinates": [ [ -103.25, 49.25 ], [ -102.883250312566773, 49.040228652869942 ] ] } },
{ "type": "Feature", "properties": { "u": 4.558193429547293, "v": -3.214823505481712, "speed": 5.5778326895458097, "direction": 125.19472664158101, "timestamp": "20260608T02" }, "geometry": { "type": "LineString", "coordinates": [ [ -103.25, 49.5 ], [ -102.93384841730466, 49.355188130383709 ] ] } },
{ "type": "Feature", "properties": { "u": 4.0506437813859586, "v": -1.6882842320178009, "speed": 4.3883959132877557, "direction": 112.62608359381815, "timestamp": "20260608T02" }, "geometry": { "type": "LineString", "coordinates": [ [ -103.25, 49.75 ], [ -102.967606160206614, 49.673951160719916 ] ] } },
{ "type": "Feature", "properties": { "u": 4.0159061001206622, "v": -0.15069347030187261, "speed": 4.018732427890412, "direction": 92.148967282681014, "timestamp": "20260608T02" }, "geometry": { "type": "LineString", "coordinates": [ [ -103.25, 50.0 ], [ -102.968574738450826, 49.99321200584226 ] ] } },
{ "type": "Feature", "properties": { "u": 3.7348420389972707, "v": 1.3916632018727699, "speed": 3.9856958644266949, "direction": 69.563783906904902, "timestamp": "20260608T02" }, "geometry": { "type": "LineString", "coordinates": [ [ -103.25, 50.25 ], [ -102.986900427778622, 50.312687531615893 ] ] } },
{ "type": "Feature", "properties": { "u": 3.1056564503209598, "v": 2.6021182046926974, "speed": 4.0516812730782918, "direction": 50.041565269123069, "timestamp": "20260608T02" }, "geometry": { "type": "LineString", "coordinates": [ [ -103.25, 50.5 ], [ -103.030067246072264, 50.617212531742915 ] ] } },
{ "type": "Feature", "properties": { "u": 2.1760628032601166, "v": 3.5124167877766541, "speed": 4.1318665291593755, "direction": 31.779636508456022, "timestamp": "20260608T02" }, "geometry": { "type": "LineString", "coordinates": [ [ -103.25, 50.75 ], [ -103.095076621661462, 50.908216972422373 ] ] } },
{ "type": "Feature", "properties": { "u": 1.0260962666679083, "v": 5.1849460844348609, "speed": 5.2855027619864332, "direction": 11.194143961933261, "timestamp": "20260608T02" }, "geometry": { "type": "LineString", "coordinates": [ [ -103.25, 51.0 ], [ -103.176554814987796, 51.233556129929497 ] ] } },
{ "type": "Feature", "properties": { "u": -0.17222150229331717, "v": 6.585485538481338, "speed": 6.5877370942835149, "direction": -1.4980393743107983, "timestamp": "20260608T02" }, "geometry": { "type": "LineString", "coordinates": [ [ -103.25, 51.25 ], [ -103.262394047632469, 51.546643492724385 ] ] } },
{ "type": "Feature", "properties": { "u": -2.0250040274106293, "v": 7.2418780176168802, "speed": 7.5196701079948891, "direction": -15.622275774169081, "timestamp": "20260608T02" }, "geometry": { "type": "LineString", "coordinates": [ [ -103.25, 51.5 ], [ -103.396528920386189, 51.826210721514272 ] ] } },
{ "type": "Feature", "properties": { "u": -3.8851212710164114, "v": 7.1936194135989577, "speed": 8.1757157214651244, "direction": -28.372541341954438, "timestamp": "20260608T02" }, "geometry": { "type": "LineString", "coordinates": [ [ -103.25, 51.75 ], [ -103.532679975880058, 52.074036910522473 ] ] } },
{ "type": "Feature", "properties": { "u": -5.2817247619891674, "v": 6.9907037763004709, "speed": 8.7616525695436689, "direction": -37.072341223813162, "timestamp": "20260608T02" }, "geometry": { "type": "LineString", "coordinates": [ [ -103.25, 52.0 ], [ -103.636438878108279, 52.314896566500025 ] ] } },
{ "type": "Feature", "properties": { "u": -6.5155558027454639, "v": 5.8940523810430987, "speed": 8.7859160529320963, "direction": -47.867116727688973, "timestamp": "20260608T02" }, "geometry": { "type": "LineString", "coordinates": [ [ -103.25, 52.25 ], [ -103.729394349358543, 52.515497855001939 ] ] } },
{ "type": "Feature", "properties": { "u": -7.6183452964472664, "v": 4.2661611615339226, "speed": 8.7315128192129841, "direction": -60.751816072651124, "timestamp": "20260608T02" }, "geometry": { "type": "LineString", "coordinates": [ [ -103.25, 52.5 ], [ -103.813716245304789, 52.692169421690714 ] ] } },
{ "type": "Feature", "properties": { "u": -9.0345590390816088, "v": 2.7588625360621197, "speed": 9.4464056404295018, "direction": -73.019021330088464, "timestamp": "20260608T02" }, "geometry": { "type": "LineString", "coordinates": [ [ -103.25, 52.75 ], [ -103.922337949685215, 52.874273087210007 ] ] } },
{ "type": "Feature", "properties": { "u": -10.082162262561202, "v": 3.1682437524800235, "speed": 10.568243201390755, "direction": -72.555065651253059, "timestamp": "20260608T02" }, "geometry": { "type": "LineString", "coordinates": [ [ -103.25, 53.0 ], [ -104.004636284900087, 53.142713682544148 ] ] } },
{ "type": "Feature", "properties": { "u": -10.957443363561373, "v": 2.7376039416540037, "speed": 11.294248111628091, "direction": -75.972403178385775, "timestamp": "20260608T02" }, "geometry": { "type": "LineString", "coordinates": [ [ -103.25, 53.25 ], [ -104.07493437411631, 53.373315492867299 ] ] } },
{ "type": "Feature", "properties": { "u": -11.233050736218269, "v": 1.7368985784221218, "speed": 11.366540613316726, "direction": -81.210309271793506, "timestamp": "20260608T02" }, "geometry": { "type": "LineString", "coordinates": [ [ -103.25, 53.5 ], [ -104.100662226929373, 53.578238674703698 ] ] } },
{ "type": "Feature", "properties": { "u": -10.412807497433469, "v": 1.8924026992656793, "speed": 10.583371294384163, "direction": -79.699601247538709, "timestamp": "20260608T02" }, "geometry": { "type": "LineString", "coordinates": [ [ -103.25, 53.75 ], [ -104.043231404333298, 53.83524336483179 ] ] } },
{ "type": "Feature", "properties": { "u": -9.1882987702004701, "v": 3.1819240606305477, "speed": 9.7236554349733648, "direction": -70.898940185654524, "timestamp": "20260608T02" }, "geometry": { "type": "LineString", "coordinates": [ [ -103.25, 54.0 ], [ -103.954147187049642, 54.143329912641015 ] ] } },
{ "type": "Feature", "properties": { "u": -8.7377044347056625, "v": 4.6303005387666101, "speed": 9.8887391444803185, "direction": -62.079905911233062, "timestamp": "20260608T02" }, "geometry": { "type": "LineString", "coordinates": [ [ -103.25, 54.25 ], [ -103.923667976210453, 54.458572096340838 ] ] } },
{ "type": "Feature", "properties": { "u": 3.3508607616307651, "v": -3.0239901092256196, "speed": 4.513622051582419, "direction": 132.06472794293961, "timestamp": "20260608T02" }, "geometry": { "type": "LineString", "coordinates": [ [ -103.0, 49.25 ], [ -102.768766880344771, 49.113784229314163 ] ] } },
{ "type": "Feature", "properties": { "u": 2.2696268363147221, "v": -1.2263583626287056, "speed": 2.5797598356648113, "direction": 118.38389604604477, "timestamp": "20260608T02" }, "geometry": { "type": "LineString", "coordinates": [ [ -103.0, 49.5 ], [ -102.842581029629542, 49.44475863231402 ] ] } },
{ "type": "Feature", "properties": { "u": 2.3360216078819214, "v": 0.67223495314660919, "speed": 2.430822244575539, "direction": 73.945813878721879, "timestamp": "20260608T02" }, "geometry": { "type": "LineString", "coordinates": [ [ -103.0, 49.75 ], [ -102.837142403209697, 49.780280853745346 ] ] } },
{ "type": "Feature", "properties": { "u": 2.7422227702877064, "v": 2.1820592591016865, "speed": 3.5044497902118361, "direction": 51.489805088337292, "timestamp": "20260608T02" }, "geometry": { "type": "LineString", "coordinates": [ [ -103.0, 50.0 ], [ -102.807831472869566, 50.098290957617195 ] ] } },
{ "type": "Feature", "properties": { "u": 2.5390225705689287, "v": 3.4994525059539625, "speed": 4.3235174864091759, "direction": 35.962706335177529, "timestamp": "20260608T02" }, "geometry": { "type": "LineString", "coordinates": [ [ -103.0, 50.25 ], [ -102.821139489916291, 50.407632995763691 ] ] } },
{ "type": "Feature", "properties": { "u": 1.9322835004801064, "v": 4.3264398217997249, "speed": 4.7383331518459197, "direction": 24.066592971222821, "timestamp": "20260608T02" }, "geometry": { "type": "LineString", "coordinates": [ [ -103.0, 50.5 ], [ -102.863161802205838, 50.694884676657644 ] ] } },
{ "type": "Feature", "properties": { "u": 1.0261807339164517, "v": 4.913154579500949, "speed": 5.0191767074623357, "direction": 11.797421744279074, "timestamp": "20260608T02" }, "geometry": { "type": "LineString", "coordinates": [ [ -103.0, 50.75 ], [ -102.92694172895834, 50.971313269346886 ] ] } },
{ "type": "Feature", "properties": { "u": -0.096241110782696593, "v": 6.0592512474232976, "speed": 6.0600155140730019, "direction": -0.90997147992895289, "timestamp": "20260608T02" }, "geometry": { "type": "LineString", "coordinates": [ [ -103.0, 51.0 ], [ -103.006888677424172, 51.272939245379426 ] ] } },
{ "type": "Feature", "properties": { "u": -1.6148464902903605, "v": 7.0709317308585371, "speed": 7.2529859182039784, "direction": -12.864478315691171, "timestamp": "20260608T02" }, "geometry": { "type": "LineString", "coordinates": [ [ -103.0, 51.25 ], [ -103.116213620559947, 51.56851043832696 ] ] } },
{ "type": "Feature", "properties": { "u": -3.3384748160052693, "v": 7.5350207303625272, "speed": 8.2414775073462678, "direction": -23.896270531749444, "timestamp": "20260608T02" }, "geometry": { "type": "LineString", "coordinates": [ [ -103.0, 51.5 ], [ -103.24157142598439, 51.83941534821453 ] ] } },
{ "type": "Feature", "properties": { "u": -4.8718969880100795, "v": 7.4950417774674207, "speed": 8.9392970365551498, "direction": -33.024511529766009, "timestamp": "20260608T02" }, "geometry": { "type": "LineString", "coordinates": [ [ -103.0, 51.75 ], [ -103.35447740932436, 52.087614494480512 ] ] } },
{ "type": "Feature", "properties": { "u": -6.0016586827229519, "v": 7.6121492788643392, "speed": 9.6935403020577926, "direction": -38.253360935244714, "timestamp": "20260608T02" }, "geometry": { "type": "LineString", "coordinates": [ [ -103.0, 52.0 ], [ -103.439113045956361, 52.342889607156053 ] ] } },
{ "type": "Feature", "properties": { "u": -7.1832794306760892, "v": 6.8814230050572514, "speed": 9.9475366776758047, "direction": -46.229492379847386, "timestamp": "20260608T02" }, "geometry": { "type": "LineString", "coordinates": [ [ -103.0, 52.25 ], [ -103.528523378999921, 52.559974009236811 ] ] } },
{ "type": "Feature", "properties": { "u": -7.9578082254016005, "v": 5.311189462208981, "speed": 9.567415808657481, "direction": -56.280115222164191, "timestamp": "20260608T02" }, "geometry": { "type": "LineString", "coordinates": [ [ -103.0, 52.5 ], [ -103.588834661481002, 52.739242768567969 ] ] } },
{ "type": "Feature", "properties": { "u": -9.2893400532048158, "v": 3.750590321441778, "speed": 10.017922258800374, "direction": -68.013504712592692, "timestamp": "20260608T02" }, "geometry": { "type": "LineString", "coordinates": [ [ -103.0, 52.75 ], [ -103.691298359807433, 52.918945509974854 ] ] } },
{ "type": "Feature", "properties": { "u": -10.634858931049337, "v": 3.9706637579109847, "speed": 11.351933542868705, "direction": -69.526224286428032, "timestamp": "20260608T02" }, "geometry": { "type": "LineString", "coordinates": [ [ -103.0, 53.0 ], [ -103.796004887162454, 53.178858727833827 ] ] } },
{ "type": "Feature", "properties": { "u": -11.651816046567204, "v": 3.5429566503931236, "speed": 12.178561450746383, "direction": -73.087106613012637, "timestamp": "20260608T02" }, "geometry": { "type": "LineString", "coordinates": [ [ -103.0, 53.25 ], [ -103.87721042753985, 53.409592641909597 ] ] } },
{ "type": "Feature", "properties": { "u": -11.370295934298882, "v": 2.5687994142798694, "speed": 11.65685892787325, "direction": -77.269348024386844, "timestamp": "20260608T02" }, "geometry": { "type": "LineString", "coordinates": [ [ -103.0, 53.5 ], [ -103.861055601674678, 53.615711685327923 ] ] } },
{ "type": "Feature", "properties": { "u": -10.463712924941772, "v": 2.7497462713829433, "speed": 10.818982980510594, "direction": -75.276218362978426, "timestamp": "20260608T02" }, "geometry": { "type": "LineString", "coordinates": [ [ -103.0, 53.75 ], [ -103.797109300257191, 53.873862444656886 ] ] } },
{ "type": "Feature", "properties": { "u": -9.1508428952985543, "v": 3.6639352342002485, "speed": 9.8570962810987126, "direction": -68.179172044486791, "timestamp": "20260608T02" }, "geometry": { "type": "LineString", "coordinates": [ [ -103.0, 54.0 ], [ -103.701276748287228, 54.16504212766668 ] ] } },
{ "type": "Feature", "properties": { "u": -8.6750192585776009, "v": 4.930870767848389, "speed": 9.9784490611474297, "direction": -60.386150838722884, "timestamp": "20260608T02" }, "geometry": { "type": "LineString", "coordinates": [ [ -103.0, 54.25 ], [ -103.668835013954052, 54.472111295849025 ] ] } },
{ "type": "Feature", "properties": { "u": 2.4401368773365557, "v": 0.41292954728329601, "speed": 2.4748290428143487, "direction": 80.395176904879619, "timestamp": "20260608T02" }, "geometry": { "type": "LineString", "coordinates": [ [ -102.75, 49.25 ], [ -102.581613277103855, 49.268600430057809 ] ] } },
{ "type": "Feature", "properties": { "u": 1.3615729404010031, "v": 1.1918359505032037, "speed": 1.8095175613804106, "direction": 48.803122246397002, "timestamp": "20260608T02" }, "geometry": { "type": "LineString", "coordinates": [ [ -102.75, 49.5 ], [ -102.655562708841501, 49.55368630407672 ] ] } },
{ "type": "Feature", "properties": { "u": 1.3750949226697902, "v": 2.5984932000685759, "speed": 2.9399069640304716, "direction": 27.887316384545127, "timestamp": "20260608T02" }, "geometry": { "type": "LineString", "coordinates": [ [ -102.75, 49.75 ], [ -102.654134168233313, 49.867049243246335 ] ] } },
{ "type": "Feature", "properties": { "u": 1.6146934645504085, "v": 3.9149207035380154, "speed": 4.2348363722170417, "direction": 22.413504362868451, "timestamp": "20260608T02" }, "geometry": { "type": "LineString", "coordinates": [ [ -102.75, 50.0 ], [ -102.636846076762311, 50.17634777943865 ] ] } },
{ "type": "Feature", "properties": { "u": 1.6150053459198637, "v": 5.151715729058691, "speed": 5.3989274138832855, "direction": 17.405625427593296, "timestamp": "20260608T02" }, "geometry": { "type": "LineString", "coordinates": [ [ -102.75, 50.25 ], [ -102.636231543071943, 50.482059267074717 ] ] } },
{ "type": "Feature", "properties": { "u": 0.98573583798816689, "v": 5.8170953142590669, "speed": 5.9000231387231885, "direction": 9.6176930110165415, "timestamp": "20260608T02" }, "geometry": { "type": "LineString", "coordinates": [ [ -102.75, 50.5 ], [ -102.680193309864777, 50.762031320462121 ] ] } },
{ "type": "Feature", "properties": { "u": 0.21833822151156212, "v": 6.2512348111588798, "speed": 6.2550466219859171, "direction": 2.0003688436424349, "timestamp": "20260608T02" }, "geometry": { "type": "LineString", "coordinates": [ [ -102.75, 50.75 ], [ -102.734455552088704, 51.031587153655806 ] ] } },
{ "type": "Feature", "properties": { "u": -0.80051140285770339, "v": 6.9466209581222387, "speed": 6.9925933130654991, "direction": -6.5736275578042402, "timestamp": "20260608T02" }, "geometry": { "type": "LineString", "coordinates": [ [ -102.75, 51.0 ], [ -102.807298432902584, 51.31291085396947 ] ] } },
{ "type": "Feature", "properties": { "u": -2.3084491875821413, "v": 7.4995279587354986, "speed": 7.8467736844835843, "direction": -17.109024827010021, "timestamp": "20260608T02" }, "geometry": { "type": "LineString", "coordinates": [ [ -102.75, 51.25 ], [ -102.916129251034477, 51.587816574717813 ] ] } },
{ "type": "Feature", "properties": { "u": -3.957061412434161, "v": 7.5653929451478401, "speed": 8.537769347802044, "direction": -27.611713346313167, "timestamp": "20260608T02" }, "geometry": { "type": "LineString", "coordinates": [ [ -102.75, 51.5 ], [ -103.036332238759655, 51.840783465997653 ] ] } },
{ "type": "Feature", "properties": { "u": -5.2926058510511904, "v": 7.6013718435880957, "speed": 9.2624257405430885, "direction": -34.84833028602057, "timestamp": "20260608T02" }, "geometry": { "type": "LineString", "coordinates": [ [ -102.75, 51.75 ], [ -103.135088029421127, 52.092404137098562 ] ] } },
{ "type": "Feature", "properties": { "u": -6.4056695206329071, "v": 7.8115756127575739, "speed": 10.102144107138558, "direction": -39.352531167840723, "timestamp": "20260608T02" }, "geometry": { "type": "LineString", "coordinates": [ [ -102.75, 52.0 ], [ -103.218672612571638, 52.351872775349442 ] ] } },
{ "type": "Feature", "properties": { "u": -7.2396698040322436, "v": 7.5887902715624547, "speed": 10.488210364841908, "direction": -43.651280414126376, "timestamp": "20260608T02" }, "geometry": { "type": "LineString", "coordinates": [ [ -102.75, 52.25 ], [ -103.282672407442561, 52.591837399619934 ] ] } },
{ "type": "Feature", "properties": { "u": -7.6713936342101068, "v": 6.4005549736314213, "speed": 9.9908650406997932, "direction": -50.160387012856191, "timestamp": "20260608T02" }, "geometry": { "type": "LineString", "coordinates": [ [ -102.75, 52.5 ], [ -103.317641534671395, 52.788313287100515 ] ] } },
{ "type": "Feature", "properties": { "u": -8.7543551764287066, "v": 4.5847624171672479, "speed": 9.8822457456255037, "direction": -62.358401461133894, "timestamp": "20260608T02" }, "geometry": { "type": "LineString", "coordinates": [ [ -102.75, 52.75 ], [ -103.401485610385095, 52.956520829602127 ] ] } },
{ "type": "Feature", "properties": { "u": -10.215243270939332, "v": 4.7941410807176013, "speed": 11.284280384069488, "direction": -64.858749065456934, "timestamp": "20260608T02" }, "geometry": { "type": "LineString", "coordinates": [ [ -102.75, 53.0 ], [ -103.514597219383973, 53.215952300933225 ] ] } },
{ "type": "Feature", "properties": { "u": -11.551108554446133, "v": 5.0491561742446542, "speed": 12.606430379314817, "direction": -66.389167535523356, "timestamp": "20260608T02" }, "geometry": { "type": "LineString", "coordinates": [ [ -102.75, 53.25 ], [ -103.619628634120957, 53.477439467308315 ] ] } },
{ "type": "Feature", "properties": { "u": -11.348374189006959, "v": 3.9784290941044231, "speed": 12.025535114519267, "direction": -70.680731552858589, "timestamp": "20260608T02" }, "geometry": { "type": "LineString", "coordinates": [ [ -102.75, 53.5 ], [ -103.609395500504831, 53.67920851775245 ] ] } },
{ "type": "Feature", "properties": { "u": -10.401881666949492, "v": 3.9242507333476224, "speed": 11.117503588099233, "direction": -69.330337369882585, "timestamp": "20260608T02" }, "geometry": { "type": "LineString", "coordinates": [ [ -102.75, 53.75 ], [ -103.542399091639481, 53.926768051051695 ] ] } },
{ "type": "Feature", "properties": { "u": -9.2223674517458694, "v": 4.3482560622976267, "speed": 10.196047871520104, "direction": -64.756580855251784, "timestamp": "20260608T02" }, "geometry": { "type": "LineString", "coordinates": [ [ -102.75, 54.0 ], [ -103.456758047544795, 54.195867390193584 ] ] } },
{ "type": "Feature", "properties": { "u": -8.5803520471558929, "v": 5.3505809157707791, "speed": 10.111931437136171, "direction": -58.05294391476032, "timestamp": "20260608T02" }, "geometry": { "type": "LineString", "coordinates": [ [ -102.75, 54.25 ], [ -103.411536269849293, 54.491017158368052 ] ] } },
{ "type": "Feature", "properties": { "u": 2.3736731367533608, "v": 5.7453346438862747, "speed": 6.216365041596605, "direction": 22.447865796742665, "timestamp": "20260608T02" }, "geometry": { "type": "LineString", "coordinates": [ [ -102.5, 49.25 ], [ -102.336199745827045, 49.508798857832716 ] ] } },
{ "type": "Feature", "properties": { "u": 1.3823069673329771, "v": 5.1773078321230876, "speed": 5.3586648468158895, "direction": 14.948892792346204, "timestamp": "20260608T02" }, "geometry": { "type": "LineString", "coordinates": [ [ -102.5, 49.5 ], [ -102.404124618174322, 49.733212064510049 ] ] } },
{ "type": "Feature", "properties": { "u": 1.0358354124128919, "v": 5.4455140016947094, "speed": 5.5431559372131787, "direction": 10.770028288035418, "timestamp": "20260608T02" }, "geometry": { "type": "LineString", "coordinates": [ [ -102.5, 49.75 ], [ -102.427785913723284, 49.99529342349976 ] ] } },
{ "type": "Feature", "properties": { "u": 0.88499151817677146, "v": 6.0207212126243181, "speed": 6.0854164941595634, "direction": 8.362079424628579, "timestamp": "20260608T02" }, "geometry": { "type": "LineString", "coordinates": [ [ -102.5, 50.0 ], [ -102.437981874261396, 50.27120365822632 ] ] } },
{ "type": "Feature", "properties": { "u": 0.42680746918193413, "v": 6.830797184080283, "speed": 6.8441182621129952, "direction": 3.5753538481458662, "timestamp": "20260608T02" }, "geometry": { "type": "LineString", "coordinates": [ [ -102.5, 50.25 ], [ -102.469933704989359, 50.55769356685046 ] ] } },
{ "type": "Feature", "properties": { "u": -0.2643858209192107, "v": 7.2828027526595163, "speed": 7.2876001397200811, "direction": -2.0790817659040872, "timestamp": "20260608T02" }, "geometry": { "type": "LineString", "coordinates": [ [ -102.5, 50.5 ], [ -102.518722966504612, 50.828054178047729 ] ] } },
{ "type": "Feature", "properties": { "u": -0.92631343976472458, "v": 7.6786665263790992, "speed": 7.7343374772519216, "direction": -6.8786186966012162, "timestamp": "20260608T02" }, "geometry": { "type": "LineString", "coordinates": [ [ -102.5, 50.75 ], [ -102.565948283879379, 51.095885879566623 ] ] } },
{ "type": "Feature", "properties": { "u": -1.910003247419668, "v": 8.0418821742888102, "speed": 8.265590197336051, "direction": -13.360597680531482, "timestamp": "20260608T02" }, "geometry": { "type": "LineString", "coordinates": [ [ -102.5, 51.0 ], [ -102.636712846969218, 51.362246944787785 ] ] } },
{ "type": "Feature", "properties": { "u": -3.1851308822611912, "v": 8.2134025512184436, "speed": 8.8093722935005747, "direction": -21.196131218823414, "timestamp": "20260608T02" }, "geometry": { "type": "LineString", "coordinates": [ [ -102.5, 51.25 ], [ -102.729220296796328, 51.619973087892724 ] ] } },
{ "type": "Feature", "properties": { "u": -4.5675542577514578, "v": 7.9438108244298204, "speed": 9.1633335807353351, "direction": -29.898159409479657, "timestamp": "20260608T02" }, "geometry": { "type": "LineString", "coordinates": [ [ -102.5, 51.5 ], [ -102.830507389187488, 51.85782931641576 ] ] } },
{ "type": "Feature", "properties": { "u": -5.9894978831805936, "v": 7.6056266426788275, "speed": 9.6808905334401363, "direction": -38.220743132231654, "timestamp": "20260608T02" }, "geometry": { "type": "LineString", "coordinates": [ [ -102.5, 51.75 ], [ -102.935793633980495, 52.092595794715265 ] ] } },
{ "type": "Feature", "properties": { "u": -7.0908257689463676, "v": 7.9705420065943233, "speed": 10.668146510263089, "direction": -41.657220901343017, "timestamp": "20260608T02" }, "geometry": { "type": "LineString", "coordinates": [ [ -102.5, 52.0 ], [ -103.018802262233152, 52.359033423720462 ] ] } },
{ "type": "Feature", "properties": { "u": -7.3385894276099082, "v": 8.6321674597944167, "speed": 11.330013673467544, "direction": -40.369341748670408, "timestamp": "20260608T02" }, "geometry": { "type": "LineString", "coordinates": [ [ -102.5, 52.25 ], [ -103.039950605959987, 52.638836372062812 ] ] } },
{ "type": "Feature", "properties": { "u": -7.3972358489942147, "v": 7.7418269880325914, "speed": 10.707706725451297, "direction": -43.696074552292643, "timestamp": "20260608T02" }, "geometry": { "type": "LineString", "coordinates": [ [ -102.5, 52.5 ], [ -103.047355345047649, 52.848730945406871 ] ] } },
{ "type": "Feature", "properties": { "u": -7.9238054091233892, "v": 5.8832739077695235, "speed": 9.8691237724275584, "direction": -53.406820282462959, "timestamp": "20260608T02" }, "geometry": { "type": "LineString", "coordinates": [ [ -102.5, 52.75 ], [ -103.089677377659399, 53.015012338187816 ] ] } },
{ "type": "Feature", "properties": { "u": -8.9321853294497249, "v": 5.724417387071127, "speed": 10.609094644739443, "direction": -57.345190916488697, "timestamp": "20260608T02" }, "geometry": { "type": "LineString", "coordinates": [ [ -102.5, 53.0 ], [ -103.168562058169329, 53.257856639057259 ] ] } },
{ "type": "Feature", "properties": { "u": -10.552092527547353, "v": 6.5075617839137623, "speed": 12.397379444115421, "direction": -58.337525679522344, "timestamp": "20260608T02" }, "geometry": { "type": "LineString", "coordinates": [ [ -102.5, 53.25 ], [ -103.294417416180963, 53.543133413689809 ] ] } },
{ "type": "Feature", "properties": { "u": -10.899748750397766, "v": 5.4384650198429609, "speed": 12.181191427518621, "direction": -63.482948577340721, "timestamp": "20260608T02" }, "geometry": { "type": "LineString", "coordinates": [ [ -102.5, 53.5 ], [ -103.325421763215985, 53.744975901794731 ] ] } },
{ "type": "Feature", "properties": { "u": -10.205914854303284, "v": 5.1426014593925711, "speed": 11.428344052549129, "direction": -63.257177036378351, "timestamp": "20260608T02" }, "geometry": { "type": "LineString", "coordinates": [ [ -102.5, 53.75 ], [ -103.277470646065481, 53.981648714387056 ] ] } },
{ "type": "Feature", "properties": { "u": -9.1903355808605092, "v": 5.209961717581403, "speed": 10.564372635774186, "direction": -60.45128570339773, "timestamp": "20260608T02" }, "geometry": { "type": "LineString", "coordinates": [ [ -102.5, 54.0 ], [ -103.204303278458156, 54.234682960251412 ] ] } },
{ "type": "Feature", "properties": { "u": -8.4026555395366156, "v": 5.7016621885778092, "speed": 10.154485305950432, "direction": -55.840958103183389, "timestamp": "20260608T02" }, "geometry": { "type": "LineString", "coordinates": [ [ -102.5, 54.25 ], [ -103.147836052868712, 54.506831630116118 ] ] } },
{ "type": "Feature", "properties": { "u": 2.0763921965203376, "v": 11.305771361949331, "speed": 11.494862793545828, "direction": 10.406838411727149, "timestamp": "20260608T02" }, "geometry": { "type": "LineString", "coordinates": [ [ -102.25, 49.25 ], [ -102.106714235719096, 49.75926898026799 ] ] } },
{ "type": "Feature", "properties": { "u": 1.2466325273357981, "v": 10.351351386580424, "speed": 10.426148291035961, "direction": 6.8671648120515183, "timestamp": "20260608T02" }, "geometry": { "type": "LineString", "coordinates": [ [ -102.25, 49.5 ], [ -102.163534857033071, 49.966277089485608 ] ] } },
{ "type": "Feature", "properties": { "u": 0.47058100541809883, "v": 9.598616746803863, "speed": 9.610145156795701, "direction": 2.8067309772502056, "timestamp": "20260608T02" }, "geometry": { "type": "LineString", "coordinates": [ [ -102.25, 49.75 ], [ -102.217193072453199, 50.182370123729903 ] ] } },
{ "type": "Feature", "properties": { "u": -0.2048946854253636, "v": 9.1362717309814734, "speed": 9.1385689784805351, "direction": -1.2847289924520375, "timestamp": "20260608T02" }, "geometry": { "type": "LineString", "coordinates": [ [ -102.25, 50.0 ], [ -102.264358538023117, 50.411543771665833 ] ] } },
{ "type": "Feature", "properties": { "u": -0.93313961608628659, "v": 8.8145950607827039, "speed": 8.8638499326581854, "direction": -6.0429965062241724, "timestamp": "20260608T02" }, "geometry": { "type": "LineString", "coordinates": [ [ -102.25, 50.25 ], [ -102.315734676661464, 50.647053831566787 ] ] } },
{ "type": "Feature", "properties": { "u": -1.7009903303711567, "v": 8.4763990390475108, "speed": 8.645386560078256, "direction": -11.347043027212353, "timestamp": "20260608T02" }, "geometry": { "type": "LineString", "coordinates": [ [ -102.25, 50.5 ], [ -102.370458748012624, 50.881819776533675 ] ] } },
{ "type": "Feature", "properties": { "u": -2.1513649604202976, "v": 8.6285919043432564, "speed": 8.8927481379280167, "direction": -14.000096109263614, "timestamp": "20260608T02" }, "geometry": { "type": "LineString", "coordinates": [ [ -102.25, 50.75 ], [ -102.403165031454108, 51.138675311006452 ] ] } },
{ "type": "Feature", "properties": { "u": -2.7587784188439173, "v": 8.8999166484195378, "speed": 9.317691490551411, "direction": -17.222286520051565, "timestamp": "20260608T02" }, "geometry": { "type": "LineString", "coordinates": [ [ -102.25, 51.0 ], [ -102.447465869394151, 51.400897146325207 ] ] } },
{ "type": "Feature", "properties": { "u": -3.5583234768314016, "v": 9.1176511424025364, "speed": 9.7874015101212528, "direction": -21.319088668621013, "timestamp": "20260608T02" }, "geometry": { "type": "LineString", "coordinates": [ [ -102.25, 51.25 ], [ -102.506077377541743, 51.660705006414531 ] ] } },
{ "type": "Feature", "properties": { "u": -4.6230993392777311, "v": 8.8751579462417407, "speed": 10.007071303411808, "direction": -27.515157324772549, "timestamp": "20260608T02" }, "geometry": { "type": "LineString", "coordinates": [ [ -102.25, 51.5 ], [ -102.584526621109333, 51.899781889470347 ] ] } },
{ "type": "Feature", "properties": { "u": -6.0923072693906812, "v": 8.1683888193661769, "speed": 10.190131685558185, "direction": -36.717031173388428, "timestamp": "20260608T02" }, "geometry": { "type": "LineString", "coordinates": [ [ -102.25, 51.75 ], [ -102.693274006609002, 52.11794544231379 ] ] } },
{ "type": "Feature", "properties": { "u": -7.5694043793811909, "v": 7.9987238574426067, "speed": 11.012514063837408, "direction": -43.42036491872696, "timestamp": "20260608T02" }, "geometry": { "type": "LineString", "coordinates": [ [ -102.25, 52.0 ], [ -102.803817600903216, 52.360302876461375 ] ] } },
{ "type": "Feature", "properties": { "u": -8.0001647971256524, "v": 8.6240944696763364, "speed": 11.763402662625747, "direction": -42.850625074006757, "timestamp": "20260608T02" }, "geometry": { "type": "LineString", "coordinates": [ [ -102.25, 52.25 ], [ -102.838627265852466, 52.638472723859294 ] ] } },
{ "type": "Feature", "properties": { "u": -7.5725063847085039, "v": 8.4600008984345312, "speed": 11.354050737422487, "direction": -41.831571934789537, "timestamp": "20260608T02" }, "geometry": { "type": "LineString", "coordinates": [ [ -102.25, 52.5 ], [ -102.810324414374492, 52.881081121551105 ] ] } },
{ "type": "Feature", "properties": { "u": -7.2079056869512943, "v": 7.282599035854366, "speed": 10.246470275612561, "direction": -44.704663444873638, "timestamp": "20260608T02" }, "geometry": { "type": "LineString", "coordinates": [ [ -102.25, 52.75 ], [ -102.786401224467724, 53.07804500161506 ] ] } },
{ "type": "Feature", "properties": { "u": -7.8649927958974883, "v": 5.7954617220581461, "speed": 9.7696206810377522, "direction": -53.614685620475022, "timestamp": "20260608T02" }, "geometry": { "type": "LineString", "coordinates": [ [ -102.25, 53.0 ], [ -102.838684132401013, 53.261056834326943 ] ] } },
{ "type": "Feature", "properties": { "u": -9.011676930802361, "v": 7.1522343138008608, "speed": 11.504989212714019, "direction": -51.562270330859214, "timestamp": "20260608T02" }, "geometry": { "type": "LineString", "coordinates": [ [ -102.25, 53.25 ], [ -102.92844677102066, 53.572172716837876 ] ] } },
{ "type": "Feature", "properties": { "u": -9.8411042487749043, "v": 7.2050864711451874, "speed": 12.196745627089829, "direction": -53.790572410114905, "timestamp": "20260608T02" }, "geometry": { "type": "LineString", "coordinates": [ [ -102.25, 53.5 ], [ -102.995252189480027, 53.824553444646178 ] ] } },
{ "type": "Feature", "properties": { "u": -9.7249677906785443, "v": 6.7454943435611261, "speed": 11.835399970797365, "direction": -55.253802087925706, "timestamp": "20260608T02" }, "geometry": { "type": "LineString", "coordinates": [ [ -102.25, 53.75 ], [ -102.990832850275723, 54.053851096556805 ] ] } },
{ "type": "Feature", "properties": { "u": -9.1102342320797955, "v": 6.3316101375665594, "speed": 11.09439744634625, "direction": -55.200710743945493, "timestamp": "20260608T02" }, "geometry": { "type": "LineString", "coordinates": [ [ -102.25, 54.0 ], [ -102.948164694936494, 54.285207663854351 ] ] } },
{ "type": "Feature", "properties": { "u": -8.4032035273162684, "v": 6.1769250772210409, "speed": 10.429200972802411, "direction": -53.681588215048009, "timestamp": "20260608T02" }, "geometry": { "type": "LineString", "coordinates": [ [ -102.25, 54.25 ], [ -102.897878302159853, 54.528239868343292 ] ] } },
{ "type": "Feature", "properties": { "u": 1.607846516038888, "v": 14.797662573008974, "speed": 14.884756902407542, "direction": 6.2011707237456051, "timestamp": "20260608T02" }, "geometry": { "type": "LineString", "coordinates": [ [ -102.0, 49.25 ], [ -101.889047205396409, 49.916561377162566 ] ] } },
{ "type": "Feature", "properties": { "u": 1.0896925169272502, "v": 14.333651023837396, "speed": 14.375012398415596, "direction": 4.3474559101368309, "timestamp": "20260608T02" }, "geometry": { "type": "LineString", "coordinates": [ [ -102.0, 49.5 ], [ -101.924420053865063, 50.145659956028709 ] ] } },
{ "type": "Feature", "properties": { "u": 0.39545786637270808, "v": 13.648455452165004, "speed": 13.654183357264859, "direction": 1.6596551398554424, "timestamp": "20260608T02" }, "geometry": { "type": "LineString", "coordinates": [ [ -102.0, 49.75 ], [ -101.972430341597885, 50.364795290638064 ] ] } },
{ "type": "Feature", "properties": { "u": -0.94380361247162547, "v": 12.473801523801226, "speed": 12.509456011917557, "direction": -4.3269186205854808, "timestamp": "20260608T02" }, "geometry": { "type": "LineString", "coordinates": [ [ -102.0, 50.0 ], [ -102.066139539090045, 50.561882951522577 ] ] } },
{ "type": "Feature", "properties": { "u": -2.3433927231545262, "v": 10.826334415859153, "speed": 11.077048629438707, "direction": -12.213429702443182, "timestamp": "20260608T02" }, "geometry": { "type": "LineString", "coordinates": [ [ -102.0, 50.25 ], [ -102.165079437515971, 50.737672721435096 ] ] } },
{ "type": "Feature", "properties": { "u": -3.1095664998473693, "v": 9.4801296095714136, "speed": 9.977086810850432, "direction": -18.159948764096885, "timestamp": "20260608T02" }, "geometry": { "type": "LineString", "coordinates": [ [ -102.0, 50.5 ], [ -102.220209651251736, 50.927032865296013 ] ] } },
{ "type": "Feature", "properties": { "u": -3.4372507191943207, "v": 8.9415467714031323, "speed": 9.5794546385371877, "direction": -21.027430632199323, "timestamp": "20260608T02" }, "geometry": { "type": "LineString", "coordinates": [ [ -102.0, 50.75 ], [ -102.244712833111421, 51.15277237709023 ] ] } },
{ "type": "Feature", "properties": { "u": -3.6283862049670872, "v": 9.0571952243163505, "speed": 9.7569447976184822, "direction": -21.831441387639192, "timestamp": "20260608T02" }, "geometry": { "type": "LineString", "coordinates": [ [ -102.0, 51.0 ], [ -102.259710033820625, 51.407981766861099 ] ] } },
{ "type": "Feature", "properties": { "u": -3.7998474001976223, "v": 9.5588646942139821, "speed": 10.286434489514781, "direction": -21.678849261228507, "timestamp": "20260608T02" }, "geometry": { "type": "LineString", "coordinates": [ [ -102.0, 51.25 ], [ -102.273458825100377, 51.680579490730359 ] ] } },
{ "type": "Feature", "properties": { "u": -4.4893632954934457, "v": 9.6673988552204246, "speed": 10.658939132242052, "direction": -24.909293832783398, "timestamp": "20260608T02" }, "geometry": { "type": "LineString", "coordinates": [ [ -102.0, 51.5 ], [ -102.324849505485275, 51.93546841690182 ] ] } },
{ "type": "Feature", "properties": { "u": -5.8595137645372066, "v": 8.8700063728493639, "speed": 10.630659180464272, "direction": -33.448695021435739, "timestamp": "20260608T02" }, "geometry": { "type": "LineString", "coordinates": [ [ -102.0, 51.75 ], [ -102.426336037946882, 52.149549836614838 ] ] } },
{ "type": "Feature", "properties": { "u": -7.5240424041491289, "v": 7.9107311362962083, "speed": 10.91745763491668, "direction": -43.564864029689076, "timestamp": "20260608T02" }, "geometry": { "type": "LineString", "coordinates": [ [ -102.0, 52.0 ], [ -102.550498679223764, 52.3563392403737 ] ] } },
{ "type": "Feature", "properties": { "u": -8.7096095886038007, "v": 7.5363218615812873, "speed": 11.517527789731931, "direction": -49.130752577493652, "timestamp": "20260608T02" }, "geometry": { "type": "LineString", "coordinates": [ [ -102.0, 52.25 ], [ -102.640826009062238, 52.589473957728885 ] ] } },
{ "type": "Feature", "properties": { "u": -7.8448082646769448, "v": 8.7161619349370838, "speed": 11.726572201013811, "direction": -41.988165906486834, "timestamp": "20260608T02" }, "geometry": { "type": "LineString", "coordinates": [ [ -102.0, 52.5 ], [ -102.580473277072642, 52.892619906979149 ] ] } },
{ "type": "Feature", "properties": { "u": -7.4512280448171051, "v": 7.0423847464059701, "speed": 10.252608560375277, "direction": -46.615800389785463, "timestamp": "20260608T02" }, "geometry": { "type": "LineString", "coordinates": [ [ -102.0, 52.75 ], [ -102.554508899063947, 53.067224538126396 ] ] } },
{ "type": "Feature", "properties": { "u": -6.9383823314341448, "v": 5.8104798598764571, "speed": 9.0500179877825353, "direction": -50.055841981511392, "timestamp": "20260608T02" }, "geometry": { "type": "LineString", "coordinates": [ [ -102.0, 53.0 ], [ -102.519328585421889, 53.26173332702146 ] ] } },
{ "type": "Feature", "properties": { "u": -7.4163615309803417, "v": 7.3618081696440285, "speed": 10.449815208167207, "direction": -45.211505431886486, "timestamp": "20260608T02" }, "geometry": { "type": "LineString", "coordinates": [ [ -102.0, 53.25 ], [ -102.558342977899827, 53.581612980614594 ] ] } },
{ "type": "Feature", "properties": { "u": -8.2258407717670909, "v": 8.4668721467400996, "speed": 11.804760918871212, "direction": -44.172745560818342, "timestamp": "20260608T02" }, "geometry": { "type": "LineString", "coordinates": [ [ -102.0, 53.5 ], [ -102.622930688518693, 53.881390637240543 ] ] } },
{ "type": "Feature", "properties": { "u": -8.704869883342683, "v": 8.2233909703244201, "speed": 11.974928757063219, "direction": -46.629185336353252, "timestamp": "20260608T02" }, "geometry": { "type": "LineString", "coordinates": [ [ -102.0, 53.75 ], [ -102.663123385677153, 54.120423016681279 ] ] } },
{ "type": "Feature", "properties": { "u": -8.8156987688533253, "v": 7.6232129646984355, "speed": 11.654609418093269, "direction": -49.148993446715444, "timestamp": "20260608T02" }, "geometry": { "type": "LineString", "coordinates": [ [ -102.0, 54.0 ], [ -102.675592908460644, 54.343387971382811 ] ] } },
{ "type": "Feature", "properties": { "u": -8.591013733779036, "v": 6.8482630086422702, "speed": 10.986547374381002, "direction": -51.440158462543522, "timestamp": "20260608T02" }, "geometry": { "type": "LineString", "coordinates": [ [ -102.0, 54.25 ], [ -102.662358274862626, 54.558480315704607 ] ] } },
{ "type": "Feature", "properties": { "u": 1.9153810561753364, "v": 14.861038170384802, "speed": 14.98396276330095, "direction": 7.3441413673833136, "timestamp": "20260608T02" }, "geometry": { "type": "LineString", "coordinates": [ [ -101.75, 49.25 ], [ -101.617825144506327, 49.919416133801114 ] ] } },
{ "type": "Feature", "properties": { "u": 1.5809952777180802, "v": 14.807720084748162, "speed": 14.891881015386236, "direction": 6.094286422892198, "timestamp": "20260608T02" }, "geometry": { "type": "LineString", "coordinates": [ [ -101.75, 49.5 ], [ -101.640343802427424, 50.167014418231901 ] ] } },
{ "type": "Feature", "properties": { "u": 0.77577536496831678, "v": 14.707331177399563, "speed": 14.727777082051485, "direction": 3.019412510596339, "timestamp": "20260608T02" }, "geometry": { "type": "LineString", "coordinates": [ [ -101.75, 49.75 ], [ -101.695916205928242, 50.412492395378358 ] ] } },
{ "type": "Feature", "properties": { "u": -1.1658449314882762, "v": 13.622332974041647, "speed": 13.672130414091992, "direction": -4.8916451924214996, "timestamp": "20260608T02" }, "geometry": { "type": "LineString", "coordinates": [ [ -101.75, 50.0 ], [ -101.831699672898239, 50.613618602434308 ] ] } },
{ "type": "Feature", "properties": { "u": -3.1993136056069771, "v": 11.41345189772964, "speed": 11.853374699587045, "direction": -15.658756985293463, "timestamp": "20260608T02" }, "geometry": { "type": "LineString", "coordinates": [ [ -101.75, 50.25 ], [ -101.975374468919497, 50.76411945485269 ] ] } },
{ "type": "Feature", "properties": { "u": -4.375124480782361, "v": 9.5268407329882798, "speed": 10.483434960644617, "direction": -24.666570059327977, "timestamp": "20260608T02" }, "geometry": { "type": "LineString", "coordinates": [ [ -101.75, 50.5 ], [ -102.059832459329385, 50.929136969954428 ] ] } },
{ "type": "Feature", "properties": { "u": -4.7487276997476133, "v": 8.7930912010632678, "speed": 9.9934412309557565, "direction": -28.371359085618238, "timestamp": "20260608T02" }, "geometry": { "type": "LineString", "coordinates": [ [ -101.75, 50.75 ], [ -102.088082585186655, 51.146085189237084 ] ] } },
{ "type": "Feature", "properties": { "u": -4.6859038210577992, "v": 8.9468832939603473, "speed": 10.099723525718456, "direction": -27.643166926194763, "timestamp": "20260608T02" }, "geometry": { "type": "LineString", "coordinates": [ [ -101.75, 51.0 ], [ -102.085404273718481, 51.403012760989206 ] ] } },
{ "type": "Feature", "properties": { "u": -4.3856200870823461, "v": 9.7382957169616802, "speed": 10.680265306593014, "direction": -24.244315035461206, "timestamp": "20260608T02" }, "geometry": { "type": "LineString", "coordinates": [ [ -101.75, 51.25 ], [ -102.065614389221992, 51.688661969232506 ] ] } },
{ "type": "Feature", "properties": { "u": -4.1245323782812626, "v": 10.484824732796197, "speed": 11.266912488208353, "direction": -21.473740752914093, "timestamp": "20260608T02" }, "geometry": { "type": "LineString", "coordinates": [ [ -101.75, 51.5 ], [ -102.048450407163003, 51.972289402378209 ] ] } },
{ "type": "Feature", "properties": { "u": -5.4389737412629593, "v": 9.9327113532615634, "speed": 11.324362683407802, "direction": -28.704318632197648, "timestamp": "20260608T02" }, "geometry": { "type": "LineString", "coordinates": [ [ -101.75, 51.75 ], [ -102.145737702568624, 52.197419430327095 ] ] } },
{ "type": "Feature", "properties": { "u": -6.8532498810119229, "v": 8.5369320034210432, "speed": 10.947430838449009, "direction": -38.756684085338911, "timestamp": "20260608T02" }, "geometry": { "type": "LineString", "coordinates": [ [ -101.75, 52.0 ], [ -102.251419955555676, 52.384546486640588 ] ] } },
{ "type": "Feature", "properties": { "u": -7.7622980117223275, "v": 8.1306842814968423, "speed": 11.241054101291757, "direction": -43.672168681853982, "timestamp": "20260608T02" }, "geometry": { "type": "LineString", "coordinates": [ [ -101.75, 52.25 ], [ -102.321125766935921, 52.616247039707062 ] ] } },
{ "type": "Feature", "properties": { "u": -7.7754948604300784, "v": 9.17719336637448, "speed": 12.028266641889941, "direction": -40.273366739714263, "timestamp": "20260608T02" }, "geometry": { "type": "LineString", "coordinates": [ [ -101.75, 52.5 ], [ -102.325344460975316, 52.913387088575426 ] ] } },
{ "type": "Feature", "properties": { "u": -7.0810814679232505, "v": 7.4125237938896582, "speed": 10.251205965658208, "direction": -43.689978318951425, "timestamp": "20260608T02" }, "geometry": { "type": "LineString", "coordinates": [ [ -101.75, 52.75 ], [ -102.276963161688684, 53.083897468193229 ] ] } },
{ "type": "Feature", "properties": { "u": -6.5822209896953554, "v": 5.4502554341514502, "speed": 8.5458128609678496, "direction": -50.37433216236186, "timestamp": "20260608T02" }, "geometry": { "type": "LineString", "coordinates": [ [ -101.75, 53.0 ], [ -102.242670388027776, 53.245507001538357 ] ] } },
{ "type": "Feature", "properties": { "u": -6.2485456559447154, "v": 6.7175098943846807, "speed": 9.1743807418038656, "direction": -42.928594089194632, "timestamp": "20260608T02" }, "geometry": { "type": "LineString", "coordinates": [ [ -101.75, 53.25 ], [ -102.220423613318928, 53.552590535783096 ] ] } },
{ "type": "Feature", "properties": { "u": -6.5760115837782651, "v": 8.8993457952083386, "speed": 11.06536415725566, "direction": -36.461881879976751, "timestamp": "20260608T02" }, "geometry": { "type": "LineString", "coordinates": [ [ -101.75, 53.5 ], [ -102.247991577669438, 53.90087143221659 ] ] } },
{ "type": "Feature", "properties": { "u": -7.252237374771501, "v": 9.4703587088148815, "speed": 11.928228745864093, "direction": -37.444269506424028, "timestamp": "20260608T02" }, "geometry": { "type": "LineString", "coordinates": [ [ -101.75, 53.75 ], [ -102.302464111025415, 54.176592734631299 ] ] } },
{ "type": "Feature", "properties": { "u": -8.114420338708447, "v": 8.7997426086748263, "speed": 11.969932640252097, "direction": -42.679778332075841, "timestamp": "20260608T02" }, "geometry": { "type": "LineString", "coordinates": [ [ -101.75, 54.0 ], [ -102.371850290128876, 54.396384802192557 ] ] } },
{ "type": "Feature", "properties": { "u": -8.6163753458860288, "v": 7.6028806202949593, "speed": 11.491114733899808, "direction": -48.575599739751958, "timestamp": "20260608T02" }, "geometry": { "type": "LineString", "coordinates": [ [ -101.75, 54.25 ], [ -102.414313628929506, 54.592472100013289 ] ] } },
{ "type": "Feature", "properties": { "u": 2.6994427548134459, "v": 11.075226471583539, "speed": 11.399457556540995, "direction": 13.698015301067629, "timestamp": "20260608T02" }, "geometry": { "type": "LineString", "coordinates": [ [ -101.5, 49.25 ], [ -101.313719335439515, 49.748884075296559 ] ] } },
{ "type": "Feature", "properties": { "u": 2.6642343009179448, "v": 11.688487166786871, "speed": 11.988280804949852, "direction": 12.840431040978249, "timestamp": "20260608T02" }, "geometry": { "type": "LineString", "coordinates": [ [ -101.5, 49.5 ], [ -101.315211463943939, 50.026508430936346 ] ] } },
{ "type": "Feature", "properties": { "u": 1.8960637042381108, "v": 11.879624989790452, "speed": 12.029985347812479, "direction": 9.0682846356620832, "timestamp": "20260608T02" }, "geometry": { "type": "LineString", "coordinates": [ [ -101.5, 49.75 ], [ -101.367814416959305, 50.285118242783355 ] ] } },
{ "type": "Feature", "properties": { "u": -0.0655865449517814, "v": 11.220345991285956, "speed": 11.220537676913953, "direction": -0.33490851560419665, "timestamp": "20260608T02" }, "geometry": { "type": "LineString", "coordinates": [ [ -101.5, 50.0 ], [ -101.504596150932571, 50.505420990598466 ] ] } },
{ "type": "Feature", "properties": { "u": -2.4407107125895218, "v": 9.7902822744178213, "speed": 10.089930415782314, "direction": -13.998452760350069, "timestamp": "20260608T02" }, "geometry": { "type": "LineString", "coordinates": [ [ -101.5, 50.25 ], [ -101.67193496744801, 50.691003706054858 ] ] } },
{ "type": "Feature", "properties": { "u": -4.6726484303414253, "v": 8.2669594518132925, "speed": 9.4961182559768762, "direction": -29.475989722222842, "timestamp": "20260608T02" }, "geometry": { "type": "LineString", "coordinates": [ [ -101.5, 50.5 ], [ -101.830902163152942, 50.872385560892489 ] ] } },
{ "type": "Feature", "properties": { "u": -5.4498954507789934, "v": 8.2337999685477943, "speed": 9.8740479210139149, "direction": -33.500300669953248, "timestamp": "20260608T02" }, "geometry": { "type": "LineString", "coordinates": [ [ -101.5, 50.75 ], [ -101.888001767946022, 51.120891890475129 ] ] } },
{ "type": "Feature", "properties": { "u": -5.6720632650954297, "v": 8.7134081023566328, "speed": 10.39691215897582, "direction": -33.062439765447628, "timestamp": "20260608T02" }, "geometry": { "type": "LineString", "coordinates": [ [ -101.5, 51.0 ], [ -101.90599088939156, 51.392495860466518 ] ] } },
{ "type": "Feature", "properties": { "u": -5.2185156609113097, "v": 9.7652269368649876, "speed": 11.072152583470395, "direction": -28.119948484586114, "timestamp": "20260608T02" }, "geometry": { "type": "LineString", "coordinates": [ [ -101.5, 51.25 ], [ -101.87555433445209, 51.689875087246172 ] ] } },
{ "type": "Feature", "properties": { "u": -3.7079956930661702, "v": 11.362720964526581, "speed": 11.952433215771972, "direction": -18.073053258256561, "timestamp": "20260608T02" }, "geometry": { "type": "LineString", "coordinates": [ [ -101.5, 51.5 ], [ -101.768309888941985, 52.01183427768138 ] ] } },
{ "type": "Feature", "properties": { "u": -4.4562974914032143, "v": 11.27265349060111, "speed": 12.121522348741843, "direction": -21.569843599322056, "timestamp": "20260608T02" }, "geometry": { "type": "LineString", "coordinates": [ [ -101.5, 51.75 ], [ -101.82423854482532, 52.257777184261315 ] ] } },
{ "type": "Feature", "properties": { "u": -6.9978250582599317, "v": 8.6621237501272397, "speed": 11.135615986937095, "direction": -38.93352500454241, "timestamp": "20260608T02" }, "geometry": { "type": "LineString", "coordinates": [ [ -101.5, 52.0 ], [ -102.01199783907208, 52.390185754510235 ] ] } },
{ "type": "Feature", "properties": { "u": -7.2373737438123698, "v": 7.2128431178836543, "speed": 10.217861055564724, "direction": -45.097264975179606, "timestamp": "20260608T02" }, "geometry": { "type": "LineString", "coordinates": [ [ -101.5, 52.25 ], [ -102.032503470466423, 52.57490284314791 ] ] } },
{ "type": "Feature", "properties": { "u": -8.0796981139548691, "v": 7.5877659435174412, "speed": 11.084029665525485, "direction": -46.798400827817858, "timestamp": "20260608T02" }, "geometry": { "type": "LineString", "coordinates": [ [ -101.5, 52.5 ], [ -102.097853852347555, 52.841791258717002 ] ] } },
{ "type": "Feature", "properties": { "u": -7.5452338229524134, "v": 6.4346301827397392, "speed": 9.9164015162583219, "direction": -49.542214369857227, "timestamp": "20260608T02" }, "geometry": { "type": "LineString", "coordinates": [ [ -101.5, 52.75 ], [ -102.061504664087636, 53.039848206429717 ] ] } },
{ "type": "Feature", "properties": { "u": -6.5029528199130437, "v": 5.0028104995905878, "speed": 8.2046638122977864, "direction": -52.428423976040179, "timestamp": "20260608T02" }, "geometry": { "type": "LineString", "coordinates": [ [ -101.5, 53.0 ], [ -101.986737272134832, 53.225351824305882 ] ] } },
{ "type": "Feature", "properties": { "u": -5.5988329105418533, "v": 6.5361520632621062, "speed": 8.606289197688632, "direction": -40.583182932960945, "timestamp": "20260608T02" }, "geometry": { "type": "LineString", "coordinates": [ [ -101.5, 53.25 ], [ -101.921509796546061, 53.544421264110909 ] ] } },
{ "type": "Feature", "properties": { "u": -5.2593291468234771, "v": 8.9682286617057407, "speed": 10.396618123373932, "direction": -30.389070431657291, "timestamp": "20260608T02" }, "geometry": { "type": "LineString", "coordinates": [ [ -101.5, 53.5 ], [ -101.89828117483404, 53.903974264040798 ] ] } },
{ "type": "Feature", "properties": { "u": -5.8056341190915344, "v": 10.309480313503185, "speed": 11.831769599652855, "direction": -29.385404802895106, "timestamp": "20260608T02" }, "geometry": { "type": "LineString", "coordinates": [ [ -101.5, 53.75 ], [ -101.942264135437767, 54.214391005112759 ] ] } },
{ "type": "Feature", "properties": { "u": -7.0930545603699251, "v": 9.8311208990889085, "speed": 12.12280335272693, "direction": -35.810068380142212, "timestamp": "20260608T02" }, "geometry": { "type": "LineString", "coordinates": [ [ -101.5, 54.0 ], [ -102.043577711303044, 54.442843283742747 ] ] } },
{ "type": "Feature", "properties": { "u": -8.2913586662590788, "v": 8.3207102588791351, "speed": 11.74652492206806, "direction": -44.898765130541264, "timestamp": "20260608T02" }, "geometry": { "type": "LineString", "coordinates": [ [ -101.5, 54.25 ], [ -102.139255179031693, 54.624806768417976 ] ] } },
{ "type": "Feature", "properties": { "u": 3.2958734955960969, "v": 5.0800168452651695, "speed": 6.0555225412139881, "direction": 32.975178297380516, "timestamp": "20260608T02" }, "geometry": { "type": "LineString", "coordinates": [ [ -101.25, 49.25 ], [ -101.022561391060378, 49.47882958762456 ] ] } },
{ "type": "Feature", "properties": { "u": 3.4557999797046417, "v": 6.2296059964929249, "speed": 7.123941631657801, "direction": 29.018802634150095, "timestamp": "20260608T02" }, "geometry": { "type": "LineString", "coordinates": [ [ -101.25, 49.5 ], [ -101.010309287012717, 49.78061288272491 ] ] } },
{ "type": "Feature", "properties": { "u": 3.3630600308799194, "v": 6.983322460815077, "speed": 7.7509331930436858, "direction": 25.714746449562234, "timestamp": "20260608T02" }, "geometry": { "type": "LineString", "coordinates": [ [ -101.25, 49.75 ], [ -101.01554160601826, 50.064564074811493 ] ] } },
{ "type": "Feature", "properties": { "u": 1.7422686685748694, "v": 6.8298523406713194, "speed": 7.0485731257376587, "direction": 14.310721462661489, "timestamp": "20260608T02" }, "geometry": { "type": "LineString", "coordinates": [ [ -101.25, 50.0 ], [ -101.127905906284042, 50.307651006336549 ] ] } },
{ "type": "Feature", "properties": { "u": -1.5020162788468236, "v": 6.2412667526030496, "speed": 6.419459757570654, "direction": -13.531423057958209, "timestamp": "20260608T02" }, "geometry": { "type": "LineString", "coordinates": [ [ -101.25, 50.25 ], [ -101.35580898370209, 50.531138142009148 ] ] } },
{ "type": "Feature", "properties": { "u": -4.5348683881830265, "v": 6.3225955539478607, "speed": 7.7807612633304055, "direction": -35.6499030960371, "timestamp": "20260608T02" }, "geometry": { "type": "LineString", "coordinates": [ [ -101.25, 50.5 ], [ -101.571145016928668, 50.784801601529182 ] ] } },
{ "type": "Feature", "properties": { "u": -5.9689862084392953, "v": 7.1197429361309874, "speed": 9.2908307396661574, "direction": -39.975493736153574, "timestamp": "20260608T02" }, "geometry": { "type": "LineString", "coordinates": [ [ -101.25, 50.75 ], [ -101.674958097386778, 51.070709141267159 ] ] } },
{ "type": "Feature", "properties": { "u": -6.6177471460290587, "v": 8.0486551219906399, "speed": 10.419953289795588, "direction": -39.427649487264794, "timestamp": "20260608T02" }, "geometry": { "type": "LineString", "coordinates": [ [ -101.25, 51.0 ], [ -101.723680374145047, 51.362552032522103 ] ] } },
{ "type": "Feature", "properties": { "u": -6.1254638616236949, "v": 9.3615989961239201, "speed": 11.187530705400823, "direction": -33.197450770791015, "timestamp": "20260608T02" }, "geometry": { "type": "LineString", "coordinates": [ [ -101.25, 51.25 ], [ -101.690823531678475, 51.671693648474047 ] ] } },
{ "type": "Feature", "properties": { "u": -4.1864439167586047, "v": 11.686223693828151, "speed": 12.413465949941443, "direction": -19.70942988182092, "timestamp": "20260608T02" }, "geometry": { "type": "LineString", "coordinates": [ [ -101.25, 51.5 ], [ -101.552930314743307, 52.026406472694958 ] ] } },
{ "type": "Feature", "properties": { "u": -4.1351090001333226, "v": 12.091392048202586, "speed": 12.778923589501595, "direction": -18.880063995750909, "timestamp": "20260608T02" }, "geometry": { "type": "LineString", "coordinates": [ [ -101.25, 51.75 ], [ -101.550868989892123, 52.294657299468582 ] ] } },
{ "type": "Feature", "properties": { "u": -5.8190514612906012, "v": 9.6868472760655084, "speed": 11.300281857500991, "direction": -30.993943331604772, "timestamp": "20260608T02" }, "geometry": { "type": "LineString", "coordinates": [ [ -101.25, 52.0 ], [ -101.675752537227737, 52.436344471894841 ] ] } },
{ "type": "Feature", "properties": { "u": -6.4151013909516683, "v": 7.6631705850632947, "speed": 9.9938835930767844, "direction": -39.933849761625218, "timestamp": "20260608T02" }, "geometry": { "type": "LineString", "coordinates": [ [ -101.25, 52.25 ], [ -101.722003225893403, 52.595187864192042 ] ] } },
{ "type": "Feature", "properties": { "u": -6.9567620541517918, "v": 7.1855841154963862, "speed": 10.001457761694555, "direction": -44.07303962665253, "timestamp": "20260608T02" }, "geometry": { "type": "LineString", "coordinates": [ [ -101.25, 52.5 ], [ -101.764762672476152, 52.823674960157497 ] ] } },
{ "type": "Feature", "properties": { "u": -7.1571934577273435, "v": 6.3389137766453763, "speed": 9.5607136793797789, "direction": -48.469641120162272, "timestamp": "20260608T02" }, "geometry": { "type": "LineString", "coordinates": [ [ -101.25, 52.75 ], [ -101.782627298582355, 53.03553665660565 ] ] } },
{ "type": "Feature", "properties": { "u": -6.4811604127164291, "v": 4.8822748961159457, "speed": 8.1143113359425989, "direction": -53.009190712226392, "timestamp": "20260608T02" }, "geometry": { "type": "LineString", "coordinates": [ [ -101.25, 53.0 ], [ -101.735106139766827, 53.219922292617838 ] ] } },
{ "type": "Feature", "properties": { "u": -5.2516354924108652, "v": 6.2888775856133616, "speed": 8.1932689832556864, "direction": -39.864150433606866, "timestamp": "20260608T02" }, "geometry": { "type": "LineString", "coordinates": [ [ -101.25, 53.25 ], [ -101.645370935927062, 53.533282774126725 ] ] } },
{ "type": "Feature", "properties": { "u": -4.4144422907503529, "v": 8.8365819705143789, "speed": 9.8778783987243433, "direction": -26.545083966449916, "timestamp": "20260608T02" }, "geometry": { "type": "LineString", "coordinates": [ [ -101.25, 53.5 ], [ -101.584299149704108, 53.898044232906052 ] ] } },
{ "type": "Feature", "properties": { "u": -4.6469667885122155, "v": 10.712495487457373, "speed": 11.67697991358768, "direction": -23.450687890656795, "timestamp": "20260608T02" }, "geometry": { "type": "LineString", "coordinates": [ [ -101.25, 53.75 ], [ -101.603998668702005, 54.232544841777361 ] ] } },
{ "type": "Feature", "properties": { "u": -5.968091867414242, "v": 10.666168280829991, "speed": 12.222326551556369, "direction": -29.228529595152516, "timestamp": "20260608T02" }, "geometry": { "type": "LineString", "coordinates": [ [ -101.25, 54.0 ], [ -101.707365961381541, 54.480458030668018 ] ] } },
{ "type": "Feature", "properties": { "u": -7.6452796784867019, "v": 9.0836750332360552, "speed": 11.872803100856924, "direction": -40.085659207501955, "timestamp": "20260608T02" }, "geometry": { "type": "LineString", "coordinates": [ [ -101.25, 54.25 ], [ -101.839443157188072, 54.659174551046668 ] ] } },
{ "type": "Feature", "properties": { "u": 3.5820641841050986, "v": 1.1741991127950571, "speed": 3.7696057321074341, "direction": 71.85087828008831, "timestamp": "20260608T02" }, "geometry": { "type": "LineString", "coordinates": [ [ -101.0, 49.25 ], [ -100.752812207066228, 49.302891851927704 ] ] } },
{ "type": "Feature", "properties": { "u": 3.7566175103876174, "v": 0.73506614900536593, "speed": 3.8278580646053793, "direction": 78.928684442844187, "timestamp": "20260608T02" }, "geometry": { "type": "LineString", "coordinates": [ [ -101.0, 49.5 ], [ -100.739444894156676, 49.533111087793031 ] ] } },
{ "type": "Feature", "properties": { "u": 3.6602534581058239, "v": 1.7214896464247609, "speed": 4.0448710709147813, "direction": 64.81146974437047, "timestamp": "20260608T02" }, "geometry": { "type": "LineString", "coordinates": [ [ -101.0, 49.75 ], [ -100.74482253082796, 49.827544578667784 ] ] } },
{ "type": "Feature", "properties": { "u": 2.1357224566467679, "v": 3.2689471855617773, "speed": 3.9047824669010143, "direction": 33.158050352846679, "timestamp": "20260608T02" }, "geometry": { "type": "LineString", "coordinates": [ [ -101.0, 50.0 ], [ -100.850333589488002, 50.147249873223501 ] ] } },
{ "type": "Feature", "properties": { "u": -1.4730258149161293, "v": 4.5364840899375736, "speed": 4.7696428534709039, "direction": -17.98894987301356, "timestamp": "20260608T02" }, "geometry": { "type": "LineString", "coordinates": [ [ -101.0, 50.25 ], [ -101.103766761145152, 50.45434613017737 ] ] } },
{ "type": "Feature", "properties": { "u": -4.9209150043693146, "v": 6.0871192829415364, "speed": 7.8274150040090333, "direction": -38.952573980972126, "timestamp": "20260608T02" }, "geometry": { "type": "LineString", "coordinates": [ [ -101.0, 50.5 ], [ -101.348483615643772, 50.774194562294667 ] ] } },
{ "type": "Feature", "properties": { "u": -6.8799172552816366, "v": 7.3268625553035083, "speed": 10.050680392084441, "direction": -43.198069066754577, "timestamp": "20260608T02" }, "geometry": { "type": "LineString", "coordinates": [ [ -101.0, 50.75 ], [ -101.48981124178998, 51.080038853842503 ] ] } },
{ "type": "Feature", "properties": { "u": -7.802025426681892, "v": 7.8168269170710225, "speed": 11.044201365876884, "direction": -44.945702625438727, "timestamp": "20260608T02" }, "geometry": { "type": "LineString", "coordinates": [ [ -101.0, 51.0 ], [ -101.558447798268844, 51.352109320588788 ] ] } },
{ "type": "Feature", "properties": { "u": -7.278896356361197, "v": 8.4733556202842379, "speed": 11.170500778141095, "direction": -40.663683089394688, "timestamp": "20260608T02" }, "geometry": { "type": "LineString", "coordinates": [ [ -101.0, 51.25 ], [ -101.52383115320221, 51.631682685598392 ] ] } },
{ "type": "Feature", "properties": { "u": -5.5129919792342692, "v": 10.982369053842843, "speed": 12.2884299484477, "direction": -26.655995656565374, "timestamp": "20260608T02" }, "geometry": { "type": "LineString", "coordinates": [ [ -101.0, 51.5 ], [ -101.398919089483414, 51.994701308731656 ] ] } },
{ "type": "Feature", "properties": { "u": -4.6350150165023933, "v": 11.841330443093657, "speed": 12.716150001700173, "direction": -21.376710293852828, "timestamp": "20260608T02" }, "geometry": { "type": "LineString", "coordinates": [ [ -101.0, 51.75 ], [ -101.33724196535205, 52.28339326320242 ] ] } },
{ "type": "Feature", "properties": { "u": -5.6437186003266611, "v": 9.4384467260313016, "speed": 10.997083078698829, "direction": -30.877310685494837, "timestamp": "20260608T02" }, "geometry": { "type": "LineString", "coordinates": [ [ -101.0, 52.0 ], [ -101.412924259129255, 52.42515525792934 ] ] } },
{ "type": "Feature", "properties": { "u": -6.1466488720345751, "v": 8.1876529285018673, "speed": 10.238112757422098, "direction": -36.896353368352074, "timestamp": "20260608T02" }, "geometry": { "type": "LineString", "coordinates": [ [ -101.0, 52.25 ], [ -101.452251323747831, 52.618813194977562 ] ] } },
{ "type": "Feature", "properties": { "u": -6.581914964554084, "v": 6.4914897410950028, "speed": 9.2445142468040284, "direction": -45.396293174067324, "timestamp": "20260608T02" }, "geometry": { "type": "LineString", "coordinates": [ [ -101.0, 52.5 ], [ -101.487026020265077, 52.79240944779707 ] ] } },
{ "type": "Feature", "properties": { "u": -6.7022841646350315, "v": 6.1688574136960534, "speed": 9.1090841918400489, "direction": -47.373186651988966, "timestamp": "20260608T02" }, "geometry": { "type": "LineString", "coordinates": [ [ -101.0, 52.75 ], [ -101.498773650597172, 53.027876460076399 ] ] } },
{ "type": "Feature", "properties": { "u": -6.2706021034188755, "v": 4.9574659353592967, "speed": 7.993554856235682, "direction": -51.67050885263351, "timestamp": "20260608T02" }, "geometry": { "type": "LineString", "coordinates": [ [ -101.0, 53.0 ], [ -101.469346133515671, 53.223309276367537 ] ] } },
{ "type": "Feature", "properties": { "u": -4.8483808236820822, "v": 6.1636123482101404, "speed": 7.8419967986767674, "direction": -38.189068857711817, "timestamp": "20260608T02" }, "geometry": { "type": "LineString", "coordinates": [ [ -101.0, 53.25 ], [ -101.3650117885676, 53.527640195865324 ] ] } },
{ "type": "Feature", "properties": { "u": -3.7889904621597212, "v": 8.6765507229002399, "speed": 9.4677864978778441, "direction": -23.590565193198632, "timestamp": "20260608T02" }, "geometry": { "type": "LineString", "coordinates": [ [ -101.0, 53.5 ], [ -101.286934612870809, 53.890835618148657 ] ] } },
{ "type": "Feature", "properties": { "u": -3.6575605653626537, "v": 10.861518722124263, "speed": 11.460817520593888, "direction": -18.610687710359901, "timestamp": "20260608T02" }, "geometry": { "type": "LineString", "coordinates": [ [ -101.0, 53.75 ], [ -101.278627248646615, 54.239257600095691 ] ] } },
{ "type": "Feature", "properties": { "u": -4.7504544651319192, "v": 11.25313865959339, "speed": 12.214743031162264, "direction": -22.886788888374831, "timestamp": "20260608T02" }, "geometry": { "type": "LineString", "coordinates": [ [ -101.0, 54.0 ], [ -101.364052065838194, 54.506898137819519 ] ] } },
{ "type": "Feature", "properties": { "u": -6.6766374843765117, "v": 9.8216990650541103, "speed": 11.876163548144085, "direction": -34.207252949844985, "timestamp": "20260608T02" }, "geometry": { "type": "LineString", "coordinates": [ [ -101.0, 54.25 ], [ -101.514761845700079, 54.69241887680424 ] ] } },
{ "type": "Feature", "properties": { "u": 3.7399976433714675, "v": 3.0043922958062792, "speed": 4.7972862578257986, "direction": 51.224600962535987, "timestamp": "20260608T02" }, "geometry": { "type": "LineString", "coordinates": [ [ -100.75, 49.25 ], [ -100.491913680066162, 49.385332986297577 ] ] } },
{ "type": "Feature", "properties": { "u": 3.7643583024911274, "v": -0.34517918563158667, "speed": 3.7801510683737449, "direction": 95.239181777131066, "timestamp": "20260608T02" }, "geometry": { "type": "LineString", "coordinates": [ [ -100.75, 49.5 ], [ -100.488908000821041, 49.484451388034614 ] ] } },
{ "type": "Feature", "properties": { "u": 2.9946514698307012, "v": -0.87968758965027072, "speed": 3.1211836987181454, "direction": 106.37030449130098, "timestamp": "20260608T02" }, "geometry": { "type": "LineString", "coordinates": [ [ -100.75, 49.75 ], [ -100.541225500673605, 49.710374432898639 ] ] } },
{ "type": "Feature", "properties": { "u": 0.99515309522202944, "v": 1.8774546646423331, "speed": 2.124891926832337, "direction": 27.92602276816514, "timestamp": "20260608T02" }, "geometry": { "type": "LineString", "coordinates": [ [ -100.75, 50.0 ], [ -100.68026200983735, 50.084570029938845 ] ] } },
{ "type": "Feature", "properties": { "u": -2.1935659766774114, "v": 5.6311303288770844, "speed": 6.0432905337105929, "direction": -21.283040171038071, "timestamp": "20260608T02" }, "geometry": { "type": "LineString", "coordinates": [ [ -100.75, 50.25 ], [ -100.904524947528472, 50.503654519318786 ] ] } },
{ "type": "Feature", "properties": { "u": -5.5190957508154526, "v": 8.2164543667206704, "speed": 9.8980068835635979, "direction": -33.889754375553558, "timestamp": "20260608T02" }, "geometry": { "type": "LineString", "coordinates": [ [ -100.75, 50.5 ], [ -101.140844881616658, 50.87011055705949 ] ] } },
{ "type": "Feature", "properties": { "u": -7.6003880321919093, "v": 9.3649350057062399, "speed": 12.061007665240419, "direction": -39.062071452464302, "timestamp": "20260608T02" }, "geometry": { "type": "LineString", "coordinates": [ [ -100.75, 50.75 ], [ -101.291104690943158, 51.171843919175956 ] ] } },
{ "type": "Feature", "properties": { "u": -8.3598204290131655, "v": 8.7946122226621029, "speed": 12.133911230610826, "direction": -43.548106905266337, "timestamp": "20260608T02" }, "geometry": { "type": "LineString", "coordinates": [ [ -100.75, 51.0 ], [ -101.348373250174191, 51.39615370372352 ] ] } },
{ "type": "Feature", "properties": { "u": -7.601385259349227, "v": 8.431385972713981, "speed": 11.352062688424946, "direction": -42.036499683454466, "timestamp": "20260608T02" }, "geometry": { "type": "LineString", "coordinates": [ [ -100.75, 51.25 ], [ -101.297039305328113, 51.629792160933064 ] ] } },
{ "type": "Feature", "properties": { "u": -6.3456941485524876, "v": 9.8363098631629438, "speed": 11.70558951745404, "direction": -32.827257642378733, "timestamp": "20260608T02" }, "geometry": { "type": "LineString", "coordinates": [ [ -100.75, 51.5 ], [ -101.209173265881006, 51.943077020863193 ] ] } },
{ "type": "Feature", "properties": { "u": -5.4171508905802748, "v": 10.629024532949717, "speed": 11.92986530910394, "direction": -27.005958379600013, "timestamp": "20260608T02" }, "geometry": { "type": "LineString", "coordinates": [ [ -100.75, 51.75 ], [ -101.14414988008528, 52.228784888871608 ] ] } },
{ "type": "Feature", "properties": { "u": -5.3028156153368631, "v": 9.9178549671514045, "speed": 11.246497259134076, "direction": -28.132241305202967, "timestamp": "20260608T02" }, "geometry": { "type": "LineString", "coordinates": [ [ -100.75, 52.0 ], [ -101.1379819963269, 52.446750223745561 ] ] } },
{ "type": "Feature", "properties": { "u": -6.1990069740833658, "v": 7.7505032820734314, "speed": 9.9246152867587387, "direction": -38.653516611575611, "timestamp": "20260608T02" }, "geometry": { "type": "LineString", "coordinates": [ [ -100.75, 52.25 ], [ -101.206103670197649, 52.599121769462769 ] ] } },
{ "type": "Feature", "properties": { "u": -6.4866356054911565, "v": 6.6504047456656394, "speed": 9.2900120968488338, "direction": -44.285775618643335, "timestamp": "20260608T02" }, "geometry": { "type": "LineString", "coordinates": [ [ -100.75, 52.5 ], [ -101.229975864298652, 52.799567781336293 ] ] } },
{ "type": "Feature", "properties": { "u": -6.4896103514979142, "v": 5.9140156209906261, "speed": 8.780126609542144, "direction": -47.65692518598793, "timestamp": "20260608T02" }, "geometry": { "type": "LineString", "coordinates": [ [ -100.75, 52.75 ], [ -101.232946793430401, 53.016397100044621 ] ] } },
{ "type": "Feature", "properties": { "u": -5.8275034831583898, "v": 5.3157617174851479, "speed": 7.8877829257215115, "direction": -47.629396004437211, "timestamp": "20260608T02" }, "geometry": { "type": "LineString", "coordinates": [ [ -100.75, 53.0 ], [ -101.186180797754375, 53.239448726012846 ] ] } },
{ "type": "Feature", "properties": { "u": -4.3553083901059093, "v": 6.2951175042293652, "speed": 7.6548818126070293, "direction": -34.677615356860628, "timestamp": "20260608T02" }, "geometry": { "type": "LineString", "coordinates": [ [ -100.75, 53.25 ], [ -101.077890684137458, 53.533563851541864 ] ] } },
{ "type": "Feature", "properties": { "u": -3.2301575566402723, "v": 8.6209395622738949, "speed": 9.2062216341504328, "direction": -20.54034184619605, "timestamp": "20260608T02" }, "geometry": { "type": "LineString", "coordinates": [ [ -100.75, 53.5 ], [ -100.994615028008809, 53.888330610913236 ] ] } },
{ "type": "Feature", "properties": { "u": -2.7224205579188347, "v": 10.793562058683289, "speed": 11.131601664128416, "direction": -14.1562363199525, "timestamp": "20260608T02" }, "geometry": { "type": "LineString", "coordinates": [ [ -100.75, 53.75 ], [ -100.957389744108497, 54.236196489129881 ] ] } },
{ "type": "Feature", "properties": { "u": -3.4304947950206808, "v": 11.449607565651082, "speed": 11.952481246422371, "direction": -16.679099295577064, "timestamp": "20260608T02" }, "geometry": { "type": "LineString", "coordinates": [ [ -100.75, 54.0 ], [ -101.01289668202088, 54.515748088542843 ] ] } },
{ "type": "Feature", "properties": { "u": -5.3876702857738792, "v": 10.296492094560984, "speed": 11.62087520635032, "direction": -27.620948007707288, "timestamp": "20260608T02" }, "geometry": { "type": "LineString", "coordinates": [ [ -100.75, 54.25 ], [ -101.165383807615456, 54.713805950205447 ] ] } },
{ "type": "Feature", "properties": { "u": 2.0983190083390277, "v": 10.451425821102609, "speed": 10.65998331869085, "direction": 11.352274621259609, "timestamp": "20260608T02" }, "geometry": { "type": "LineString", "coordinates": [ [ -100.5, 49.25 ], [ -100.355201130442083, 49.720784946896515 ] ] } },
{ "type": "Feature", "properties": { "u": 2.944485087574761, "v": 4.8739075757219767, "speed": 5.6942925361830703, "direction": 31.137530703362597, "timestamp": "20260608T02" }, "geometry": { "type": "LineString", "coordinates": [ [ -100.5, 49.5 ], [ -100.295773559185704, 49.719545386293781 ] ] } },
{ "type": "Feature", "properties": { "u": 1.9651538200935754, "v": 2.4357088820669865, "speed": 3.1296177553829767, "direction": 38.896929800683708, "timestamp": "20260608T02" }, "geometry": { "type": "LineString", "coordinates": [ [ -100.5, 49.75 ], [ -100.362997744805156, 49.859716616309321 ] ] } },
{ "type": "Feature", "properties": { "u": 0.18879342651241013, "v": 4.5305434519708783, "speed": 4.5344753751774309, "direction": 2.38620640419557, "timestamp": "20260608T02" }, "geometry": { "type": "LineString", "coordinates": [ [ -100.5, 50.0 ], [ -100.486769800361259, 50.204078533872561 ] ] } },
{ "type": "Feature", "properties": { "u": -2.0379475010219661, "v": 8.0835042235736019, "speed": 8.3364423196861352, "direction": -14.15007117448088, "timestamp": "20260608T02" }, "geometry": { "type": "LineString", "coordinates": [ [ -100.5, 50.25 ], [ -100.643562461311603, 50.614121811872685 ] ] } },
{ "type": "Feature", "properties": { "u": -4.3347201966412623, "v": 10.324213467534026, "speed": 11.197284622013527, "direction": -22.775567581479393, "timestamp": "20260608T02" }, "geometry": { "type": "LineString", "coordinates": [ [ -100.5, 50.5 ], [ -100.806971155890395, 50.965054660699728 ] ] } },
{ "type": "Feature", "properties": { "u": -6.3310347776993545, "v": 10.631765011290337, "speed": 12.374022329531176, "direction": -30.773077259511208, "timestamp": "20260608T02" }, "geometry": { "type": "LineString", "coordinates": [ [ -100.5, 50.75 ], [ -100.950733910193449, 51.228908333841908 ] ] } },
{ "type": "Feature", "properties": { "u": -7.6441684412224111, "v": 8.8004754159415519, "speed": 11.656829702126229, "direction": -40.977860902314951, "timestamp": "20260608T02" }, "geometry": { "type": "LineString", "coordinates": [ [ -100.5, 51.0 ], [ -101.047148823816684, 51.396417811528899 ] ] } },
{ "type": "Feature", "properties": { "u": -7.1779299690265184, "v": 7.4509673567099179, "speed": 10.345994064902889, "direction": -43.930741432074953, "timestamp": "20260608T02" }, "geometry": { "type": "LineString", "coordinates": [ [ -100.5, 51.25 ], [ -101.016565032553856, 51.585629160212157 ] ] } },
{ "type": "Feature", "properties": { "u": -6.1195746546863807, "v": 7.5716867693355132, "speed": 9.7354832693200386, "direction": -38.945772391256021, "timestamp": "20260608T02" }, "geometry": { "type": "LineString", "coordinates": [ [ -100.5, 51.5 ], [ -100.942811300736253, 51.841066971591687 ] ] } },
{ "type": "Feature", "properties": { "u": -5.5775421937839313, "v": 8.8555765653270448, "speed": 10.465668312525942, "direction": -32.204113785470234, "timestamp": "20260608T02" }, "geometry": { "type": "LineString", "coordinates": [ [ -100.5, 51.75 ], [ -100.905819891536197, 52.148899845285001 ] ] } },
{ "type": "Feature", "properties": { "u": -5.3993587943236507, "v": 9.5141851221749274, "speed": 10.939506109914417, "direction": -29.575178053492525, "timestamp": "20260608T02" }, "geometry": { "type": "LineString", "coordinates": [ [ -100.5, 52.0 ], [ -100.895045605177785, 52.428566897395264 ] ] } },
{ "type": "Feature", "properties": { "u": -6.0662164364903877, "v": 8.4417922840808757, "speed": 10.395327739995192, "direction": -35.700775732092801, "timestamp": "20260608T02" }, "geometry": { "type": "LineString", "coordinates": [ [ -100.5, 52.25 ], [ -100.946333355078323, 52.630260913697335 ] ] } },
{ "type": "Feature", "properties": { "u": -6.3848058076108263, "v": 7.445038859475547, "speed": 9.8078717783218341, "direction": -40.616126427927874, "timestamp": "20260608T02" }, "geometry": { "type": "LineString", "coordinates": [ [ -100.5, 52.5 ], [ -100.972441011376191, 52.835362110787187 ] ] } },
{ "type": "Feature", "properties": { "u": -6.1843711912692694, "v": 6.6388118555710012, "speed": 9.0730518506768902, "direction": -42.970344816503427, "timestamp": "20260608T02" }, "geometry": { "type": "LineString", "coordinates": [ [ -100.5, 52.75 ], [ -100.960231365896632, 53.049045579079774 ] ] } },
{ "type": "Feature", "properties": { "u": -5.3144998564903245, "v": 5.9531120218311848, "speed": 7.980191192515794, "direction": -41.756129077883742, "timestamp": "20260608T02" }, "geometry": { "type": "LineString", "coordinates": [ [ -100.5, 53.0 ], [ -100.897783166285322, 53.268158199181585 ] ] } },
{ "type": "Feature", "properties": { "u": -3.9884562031884894, "v": 6.7014564344163148, "speed": 7.7985448147159202, "direction": -30.759525301235854, "timestamp": "20260608T02" }, "geometry": { "type": "LineString", "coordinates": [ [ -100.5, 53.25 ], [ -100.800272108419847, 53.551867406955687 ] ] } },
{ "type": "Feature", "properties": { "u": -2.7905088266972444, "v": 8.7350489552080894, "speed": 9.1699520043322558, "direction": -17.716661482103614, "timestamp": "20260608T02" }, "geometry": { "type": "LineString", "coordinates": [ [ -100.5, 53.5 ], [ -100.711321083517461, 53.893470673658022 ] ] } },
{ "type": "Feature", "properties": { "u": -1.9306354198844529, "v": 10.631981982998454, "speed": 10.805849990228262, "direction": -10.292053844640556, "timestamp": "20260608T02" }, "geometry": { "type": "LineString", "coordinates": [ [ -100.5, 53.75 ], [ -100.647072789518873, 54.228918107342274 ] ] } },
{ "type": "Feature", "properties": { "u": -2.2026054054604614, "v": 11.281160626778691, "speed": 11.494174857698374, "direction": -11.047805984075062, "timestamp": "20260608T02" }, "geometry": { "type": "LineString", "coordinates": [ [ -100.5, 54.0 ], [ -100.668797123300493, 54.508160388593637 ] ] } },
{ "type": "Feature", "properties": { "u": -4.0186581154847483, "v": 10.386267829273979, "speed": 11.136614048738648, "direction": -21.152466934877509, "timestamp": "20260608T02" }, "geometry": { "type": "LineString", "coordinates": [ [ -100.5, 54.25 ], [ -100.809834384988733, 54.717849902219548 ] ] } },
{ "type": "Feature", "properties": { "u": -1.6370026823418928, "v": 18.2224799980178, "speed": 18.295861692201147, "direction": -5.133343507817993, "timestamp": "20260608T02" }, "geometry": { "type": "LineString", "coordinates": [ [ -100.25, 49.25 ], [ -100.362964776530333, 50.070832432343146 ] ] } },
{ "type": "Feature", "properties": { "u": -0.18490202363837055, "v": 13.994666829190237, "speed": 13.995888268287336, "direction": -0.75696615839137005, "timestamp": "20260608T02" }, "geometry": { "type": "LineString", "coordinates": [ [ -100.25, 49.5 ], [ -100.262824613154393, 50.130390397711274 ] ] } },
{ "type": "Feature", "properties": { "u": -0.31137170662972546, "v": 11.091649164571912, "speed": 11.096018814405387, "direction": -1.6080206037792388, "timestamp": "20260608T02" }, "geometry": { "type": "LineString", "coordinates": [ [ -100.25, 49.75 ], [ -100.271707525169759, 50.24962383624198 ] ] } },
{ "type": "Feature", "properties": { "u": -0.64571316487091357, "v": 10.58157654709454, "speed": 10.601259722943723, "direction": -3.4919956793940869, "timestamp": "20260608T02" }, "geometry": { "type": "LineString", "coordinates": [ [ -100.25, 50.0 ], [ -100.295250061076899, 50.476647592211464 ] ] } },
{ "type": "Feature", "properties": { "u": -1.1090358028758083, "v": 10.696423397051912, "speed": 10.753763708630572, "direction": -5.9194393386591591, "timestamp": "20260608T02" }, "geometry": { "type": "LineString", "coordinates": [ [ -100.25, 50.25 ], [ -100.32812561877266, 50.731820873741079 ] ] } },
{ "type": "Feature", "properties": { "u": -2.1305640879927492, "v": 10.377366426822029, "speed": 10.593820712546412, "direction": -11.60210160304829, "timestamp": "20260608T02" }, "geometry": { "type": "LineString", "coordinates": [ [ -100.25, 50.5 ], [ -100.400879801029944, 50.967448938145139 ] ] } },
{ "type": "Feature", "properties": { "u": -3.9149737450015389, "v": 9.1724372819309785, "speed": 9.9729947916866344, "direction": -23.11372742045813, "timestamp": "20260608T02" }, "geometry": { "type": "LineString", "coordinates": [ [ -100.25, 50.75 ], [ -100.528724013743371, 51.163172850537428 ] ] } },
{ "type": "Feature", "properties": { "u": -5.997679867995326, "v": 6.8508611528004755, "speed": 9.1052985856536903, "direction": -41.200967278214009, "timestamp": "20260608T02" }, "geometry": { "type": "LineString", "coordinates": [ [ -100.25, 51.0 ], [ -100.679297641808361, 51.308597349225245 ] ] } },
{ "type": "Feature", "properties": { "u": -6.6420796689748638, "v": 6.0121718602989471, "speed": 8.9589861483752582, "direction": -47.849737359162148, "timestamp": "20260608T02" }, "geometry": { "type": "LineString", "coordinates": [ [ -100.25, 51.25 ], [ -100.728002169878323, 51.520818552265716 ] ] } },
{ "type": "Feature", "properties": { "u": -6.4251169306733784, "v": 6.8135778935584632, "speed": 9.3652000130490691, "direction": -43.319261117148315, "timestamp": "20260608T02" }, "geometry": { "type": "LineString", "coordinates": [ [ -100.25, 51.5 ], [ -100.714920283842801, 51.806917923133263 ] ] } },
{ "type": "Feature", "properties": { "u": -6.3777665505716516, "v": 7.8001676701408806, "speed": 10.075640022147558, "direction": -39.27097122026143, "timestamp": "20260608T02" }, "geometry": { "type": "LineString", "coordinates": [ [ -100.25, 51.75 ], [ -100.714043917530688, 52.101358904060397 ] ] } },
{ "type": "Feature", "properties": { "u": -6.1611714400322422, "v": 9.1521975649956477, "speed": 11.032803532293196, "direction": -33.948060961785899, "timestamp": "20260608T02" }, "geometry": { "type": "LineString", "coordinates": [ [ -100.25, 52.0 ], [ -100.700783841720309, 52.412261151576381 ] ] } },
{ "type": "Feature", "properties": { "u": -6.2730137502238037, "v": 8.8104805821694683, "speed": 10.815510602800137, "direction": -35.450657098239766, "timestamp": "20260608T02" }, "geometry": { "type": "LineString", "coordinates": [ [ -100.25, 52.25 ], [ -100.711548858815476, 52.64686849469232 ] ] } },
{ "type": "Feature", "properties": { "u": -6.1565905366255951, "v": 8.4546556215679818, "speed": 10.458719267433221, "direction": -36.061709995084591, "timestamp": "20260608T02" }, "geometry": { "type": "LineString", "coordinates": [ [ -100.25, 52.5 ], [ -100.70555431870541, 52.880840343313871 ] ] } },
{ "type": "Feature", "properties": { "u": -5.8507699291022917, "v": 7.6258251616549417, "speed": 9.6116969448384744, "direction": -37.496540468972142, "timestamp": "20260608T02" }, "geometry": { "type": "LineString", "coordinates": [ [ -100.25, 52.75 ], [ -100.685405274479507, 53.093505637912386 ] ] } },
{ "type": "Feature", "properties": { "u": -4.9446809112624575, "v": 6.916223367645741, "speed": 8.5020006460463371, "direction": -35.562472161136363, "timestamp": "20260608T02" }, "geometry": { "type": "LineString", "coordinates": [ [ -100.25, 53.0 ], [ -100.620102715639447, 53.311541593137193 ] ] } },
{ "type": "Feature", "properties": { "u": -3.7355452546789398, "v": 7.3578426627987694, "speed": 8.2517965922734682, "direction": -26.916710224552126, "timestamp": "20260608T02" }, "geometry": { "type": "LineString", "coordinates": [ [ -100.25, 53.25 ], [ -100.531231632636079, 53.581434354180125 ] ] } },
{ "type": "Feature", "properties": { "u": -2.500535693679522, "v": 8.959477584293758, "speed": 9.3018770868479894, "direction": -15.594094627415323, "timestamp": "20260608T02" }, "geometry": { "type": "LineString", "coordinates": [ [ -100.25, 53.5 ], [ -100.439361849389982, 53.903580071364587 ] ] } },
{ "type": "Feature", "properties": { "u": -1.3854307310201655, "v": 10.526507014863844, "speed": 10.617286293796207, "direction": -7.4978052645666455, "timestamp": "20260608T02" }, "geometry": { "type": "LineString", "coordinates": [ [ -100.25, 53.75 ], [ -100.355539948245905, 54.224166982651525 ] ] } },
{ "type": "Feature", "properties": { "u": -1.3041915037160372, "v": 11.027008363969633, "speed": 11.103865495286827, "direction": -6.7451784033035196, "timestamp": "20260608T02" }, "geometry": { "type": "LineString", "coordinates": [ [ -100.25, 54.0 ], [ -100.349946987106478, 54.496712088467099 ] ] } },
{ "type": "Feature", "properties": { "u": -2.8817283506254086, "v": 10.324891713475779, "speed": 10.719503121964145, "direction": -15.594680906824822, "timestamp": "20260608T02" }, "geometry": { "type": "LineString", "coordinates": [ [ -100.25, 54.25 ], [ -100.472178275823026, 54.715085212318726 ] ] } },
{ "type": "Feature", "properties": { "u": -5.4693286764279021, "v": 22.711186527406873, "speed": 23.360469808063879, "direction": -13.540198186587105, "timestamp": "20260608T02" }, "geometry": { "type": "LineString", "coordinates": [ [ -100.0, 49.25 ], [ -100.377422406431108, 50.273026420153464 ] ] } },
{ "type": "Feature", "properties": { "u": -4.6168697721445682, "v": 21.945642225964558, "speed": 22.426027271966404, "direction": -11.880494208099229, "timestamp": "20260608T02" }, "geometry": { "type": "LineString", "coordinates": [ [ -100.0, 49.5 ], [ -100.320221313141317, 50.488542442611013 ] ] } },
{ "type": "Feature", "properties": { "u": -4.0147731079763913, "v": 20.149665510280141, "speed": 20.545739784313035, "direction": -11.268476869844383, "timestamp": "20260608T02" }, "geometry": { "type": "LineString", "coordinates": [ [ -100.0, 49.75 ], [ -100.279893087382959, 50.657642590553159 ] ] } },
{ "type": "Feature", "properties": { "u": -2.8524958050722136, "v": 17.542339523335293, "speed": 17.772743408656023, "direction": -9.2358228004826941, "timestamp": "20260608T02" }, "geometry": { "type": "LineString", "coordinates": [ [ -100.0, 50.0 ], [ -100.199896202250912, 50.79019547402411 ] ] } },
{ "type": "Feature", "properties": { "u": -1.9573345695714788, "v": 14.795187213008866, "speed": 14.9240987428126, "direction": -7.5362025676010536, "timestamp": "20260608T02" }, "geometry": { "type": "LineString", "coordinates": [ [ -100.0, 50.25 ], [ -100.137883713038278, 50.916449874459857 ] ] } },
{ "type": "Feature", "properties": { "u": -2.1208828373758992, "v": 11.891761512696565, "speed": 12.079409583449305, "direction": -10.112316414305564, "timestamp": "20260608T02" }, "geometry": { "type": "LineString", "coordinates": [ [ -100.0, 50.5 ], [ -100.150194205522624, 51.035664933004348 ] ] } },
{ "type": "Feature", "properties": { "u": -3.2281867498157917, "v": 8.0997038180552465, "speed": 8.7193114195964441, "direction": -21.730057918454872, "timestamp": "20260608T02" }, "geometry": { "type": "LineString", "coordinates": [ [ -100.0, 50.75 ], [ -100.229828659558862, 51.114851523335822 ] ] } },
{ "type": "Feature", "properties": { "u": -4.9043423103015504, "v": 4.4817478636160253, "speed": 6.6436915498569578, "direction": -47.577914436108998, "timestamp": "20260608T02" }, "geometry": { "type": "LineString", "coordinates": [ [ -100.0, 51.0 ], [ -100.351039507738363, 51.20188053439712 ] ] } },
{ "type": "Feature", "properties": { "u": -6.4462068232971541, "v": 3.9532252948858813, "speed": 7.5618498160733365, "direction": -58.480717775072854, "timestamp": "20260608T02" }, "geometry": { "type": "LineString", "coordinates": [ [ -100.0, 51.25 ], [ -100.463906035847955, 51.428073211481347 ] ] } },
{ "type": "Feature", "properties": { "u": -7.3726256900681379, "v": 4.6649692209897795, "speed": 8.7245370879281996, "direction": -57.676748322285711, "timestamp": "20260608T02" }, "geometry": { "type": "LineString", "coordinates": [ [ -100.0, 51.5 ], [ -100.533481844062564, 51.710133748693231 ] ] } },
{ "type": "Feature", "properties": { "u": -7.91382792162221, "v": 5.7970141218870808, "speed": 9.8098952645991879, "direction": -53.776586730154314, "timestamp": "20260608T02" }, "geometry": { "type": "LineString", "coordinates": [ [ -100.0, 51.75 ], [ -100.575807170471634, 52.011126762247166 ] ] } },
{ "type": "Feature", "properties": { "u": -7.5718135562894595, "v": 7.5836014462240442, "speed": 10.716499961572353, "direction": -44.9554353208866, "timestamp": "20260608T02" }, "geometry": { "type": "LineString", "coordinates": [ [ -100.0, 52.0 ], [ -100.553993869009474, 52.341603668748832 ] ] } },
{ "type": "Feature", "properties": { "u": -6.8896221209648054, "v": 9.2046245281449597, "speed": 11.497478231065079, "direction": -36.814697141211063, "timestamp": "20260608T02" }, "geometry": { "type": "LineString", "coordinates": [ [ -100.0, 52.25 ], [ -100.506916986669722, 52.664622726493015 ] ] } },
{ "type": "Feature", "properties": { "u": -6.3240837282051352, "v": 9.6716685288270838, "speed": 11.555743469498326, "direction": -33.179758526489302, "timestamp": "20260608T02" }, "geometry": { "type": "LineString", "coordinates": [ [ -100.0, 52.5 ], [ -100.467947906734992, 52.935660744541764 ] ] } },
{ "type": "Feature", "properties": { "u": -5.7329776520254168, "v": 9.0495726298387886, "speed": 10.712693290734604, "direction": -32.354590090281867, "timestamp": "20260608T02" }, "geometry": { "type": "LineString", "coordinates": [ [ -100.0, 52.75 ], [ -100.426639354890511, 53.157638406749498 ] ] } },
{ "type": "Feature", "properties": { "u": -4.6841569202711852, "v": 8.2049577884072633, "speed": 9.4478917417204489, "direction": -29.721764272088375, "timestamp": "20260608T02" }, "geometry": { "type": "LineString", "coordinates": [ [ -100.0, 53.0 ], [ -100.350602845317084, 53.369592693171498 ] ] } },
{ "type": "Feature", "properties": { "u": -3.430717123242236, "v": 8.1633722669803976, "speed": 8.8549684781489848, "direction": -22.794938205421136, "timestamp": "20260608T02" }, "geometry": { "type": "LineString", "coordinates": [ [ -100.0, 53.25 ], [ -100.258282556334578, 53.6177194714856 ] ] } },
{ "type": "Feature", "properties": { "u": -2.1661645452431197, "v": 9.2825407452801727, "speed": 9.5319374486436335, "direction": -13.135417657959175, "timestamp": "20260608T02" }, "geometry": { "type": "LineString", "coordinates": [ [ -100.0, 53.5 ], [ -100.16404041958171, 53.918132466003613 ] ] } },
{ "type": "Feature", "properties": { "u": -1.050291818889511, "v": 10.528171416127234, "speed": 10.580430344375637, "direction": -5.696985726457739, "timestamp": "20260608T02" }, "geometry": { "type": "LineString", "coordinates": [ [ -100.0, 53.75 ], [ -100.080009589600394, 54.224241955681407 ] ] } },
{ "type": "Feature", "properties": { "u": -0.81216089805253666, "v": 10.884867279300723, "speed": 10.915124415796507, "direction": -4.26714668028725, "timestamp": "20260608T02" }, "geometry": { "type": "LineString", "coordinates": [ [ -100.0, 54.0 ], [ -100.062240119318943, 54.49030933690544 ] ] } },
{ "type": "Feature", "properties": { "u": -2.1318107975200387, "v": 10.362934283634262, "speed": 10.579934982945092, "direction": -11.624433775518145, "timestamp": "20260608T02" }, "geometry": { "type": "LineString", "coordinates": [ [ -100.0, 54.25 ], [ -100.164360407972225, 54.716798841605147 ] ] } },
{ "type": "Feature", "properties": { "u": -7.4026893720800873, "v": 23.429803730488004, "speed": 24.571436929668909, "direction": -17.534026789942466, "timestamp": "20260608T02" }, "geometry": { "type": "LineString", "coordinates": [ [ -99.75, 49.25 ], [ -100.260837984360663, 50.3053965644364 ] ] } },
{ "type": "Feature", "properties": { "u": -7.6292982872725155, "v": 24.730743618153223, "speed": 25.880801229154514, "direction": -17.144706406665918, "timestamp": "20260608T02" }, "geometry": { "type": "LineString", "coordinates": [ [ -99.75, 49.5 ], [ -100.279160239831157, 50.613997460277176 ] ] } },
{ "type": "Feature", "properties": { "u": -7.2852552332968337, "v": 24.527680399304952, "speed": 25.586755354767575, "direction": -16.542566129686495, "timestamp": "20260608T02" }, "geometry": { "type": "LineString", "coordinates": [ [ -99.75, 49.75 ], [ -100.2578973393463, 50.854850468437164 ] ] } },
{ "type": "Feature", "properties": { "u": -6.0708401728102563, "v": 22.35835753184066, "speed": 23.167892694965222, "direction": -15.190952292273673, "timestamp": "20260608T02" }, "geometry": { "type": "LineString", "coordinates": [ [ -99.75, 50.0 ], [ -100.175430211977584, 51.007133222154984 ] ] } },
{ "type": "Feature", "properties": { "u": -4.7406661361935143, "v": 18.91598684909841, "speed": 19.500986485050337, "direction": -14.06950567194267, "timestamp": "20260608T02" }, "geometry": { "type": "LineString", "coordinates": [ [ -99.75, 50.25 ], [ -100.083954480391299, 51.102071479689116 ] ] } },
{ "type": "Feature", "properties": { "u": -4.2254162390611132, "v": 14.760401677806252, "speed": 15.353292809150322, "direction": -15.97467095870118, "timestamp": "20260608T02" }, "geometry": { "type": "LineString", "coordinates": [ [ -99.75, 50.5 ], [ -100.049230595789709, 51.164882958459742 ] ] } },
{ "type": "Feature", "properties": { "u": -4.3769882257210808, "v": 9.436562740289963, "speed": 10.402246982240415, "direction": -24.88342142288003, "timestamp": "20260608T02" }, "geometry": { "type": "LineString", "coordinates": [ [ -99.75, 50.75 ], [ -100.061616834707522, 51.175070393706754 ] ] } },
{ "type": "Feature", "properties": { "u": -5.1359721956166382, "v": 4.7963139868790794, "speed": 7.0272923843311856, "direction": -46.958602532367131, "timestamp": "20260608T02" }, "geometry": { "type": "LineString", "coordinates": [ [ -99.75, 51.0 ], [ -100.117618946075638, 51.216050179589146 ] ] } },
{ "type": "Feature", "properties": { "u": -7.1624666774669805, "v": 3.4132041638758355, "speed": 7.9341597898028384, "direction": -64.52031767102595, "timestamp": "20260608T02" }, "geometry": { "type": "LineString", "coordinates": [ [ -99.75, 51.25 ], [ -100.265452205354038, 51.403747935309724 ] ] } },
{ "type": "Feature", "properties": { "u": -8.9694567598818171, "v": 4.1885849400292257, "speed": 9.899262516330662, "direction": -64.96821917388084, "timestamp": "20260608T02" }, "geometry": { "type": "LineString", "coordinates": [ [ -99.75, 51.5 ], [ -100.399028247690268, 51.688674997298612 ] ] } },
{ "type": "Feature", "properties": { "u": -9.8501004889741246, "v": 4.91328658806124, "speed": 11.007491300896438, "direction": -63.489716166050961, "timestamp": "20260608T02" }, "geometry": { "type": "LineString", "coordinates": [ [ -99.75, 51.75 ], [ -100.466689640915888, 51.971319215678434 ] ] } },
{ "type": "Feature", "properties": { "u": -9.3653940341277373, "v": 6.8263628087046317, "speed": 11.589211992648215, "direction": -53.911983774005336, "timestamp": "20260608T02" }, "geometry": { "type": "LineString", "coordinates": [ [ -99.75, 52.0 ], [ -100.435221689255016, 52.307493820211917 ] ] } },
{ "type": "Feature", "properties": { "u": -8.308031020932976, "v": 8.8587294520244946, "speed": 12.144977025459983, "direction": -43.162619024616617, "timestamp": "20260608T02" }, "geometry": { "type": "LineString", "coordinates": [ [ -99.75, 52.25 ], [ -100.361279105928702, 52.649041867208311 ] ] } },
{ "type": "Feature", "properties": { "u": -7.1082078853023027, "v": 10.322031453004374, "speed": 12.532795085593854, "direction": -34.553018921375511, "timestamp": "20260608T02" }, "geometry": { "type": "LineString", "coordinates": [ [ -99.75, 52.5 ], [ -100.275968842842701, 52.964956371756955 ] ] } },
{ "type": "Feature", "properties": { "u": -5.9425659106519317, "v": 10.310710989194133, "speed": 11.900623962848799, "direction": -29.956946389901539, "timestamp": "20260608T02" }, "geometry": { "type": "LineString", "coordinates": [ [ -99.75, 52.75 ], [ -100.192236589849458, 53.214446440954688 ] ] } },
{ "type": "Feature", "properties": { "u": -4.5744433582540607, "v": 9.3775216901675513, "speed": 10.433764665135858, "direction": -26.003555769149848, "timestamp": "20260608T02" }, "geometry": { "type": "LineString", "coordinates": [ [ -99.75, 53.0 ], [ -100.092390932764232, 53.422410886944483 ] ] } },
{ "type": "Feature", "properties": { "u": -3.1189230118731954, "v": 8.9080030228567466, "speed": 9.4382306927314019, "direction": -19.296474781715531, "timestamp": "20260608T02" }, "geometry": { "type": "LineString", "coordinates": [ [ -99.75, 53.25 ], [ -99.984809044167434, 53.651261397425976 ] ] } },
{ "type": "Feature", "properties": { "u": -1.8332225249625682, "v": 9.6285801689315687, "speed": 9.8015438016453516, "direction": -10.779745649853716, "timestamp": "20260608T02" }, "geometry": { "type": "LineString", "coordinates": [ [ -99.75, 53.5 ], [ -99.888827215523349, 53.93371982742935 ] ] } },
{ "type": "Feature", "properties": { "u": -0.87212359494010494, "v": 10.594884236610277, "speed": 10.630718298968521, "direction": -4.7057236243333325, "timestamp": "20260608T02" }, "geometry": { "type": "LineString", "coordinates": [ [ -99.75, 53.75 ], [ -99.816437012701627, 54.227247037685146 ] ] } },
{ "type": "Feature", "properties": { "u": -0.6964442846240656, "v": 10.868717807323678, "speed": 10.891008282836825, "direction": -3.6663789645237865, "timestamp": "20260608T02" }, "geometry": { "type": "LineString", "coordinates": [ [ -99.75, 54.0 ], [ -99.803372152584473, 54.489581883212779 ] ] } },
{ "type": "Feature", "properties": { "u": -1.7595722037038952, "v": 10.542582188983692, "speed": 10.688411179942674, "direction": -9.4754099670984449, "timestamp": "20260608T02" }, "geometry": { "type": "LineString", "coordinates": [ [ -99.75, 54.25 ], [ -99.885661197322847, 54.724891089593861 ] ] } },
{ "type": "Feature", "properties": { "u": -7.5864449029449199, "v": 22.674838315598887, "speed": 23.910299849729409, "direction": -18.498977697979075, "timestamp": "20260608T02" }, "geometry": { "type": "LineString", "coordinates": [ [ -99.5, 49.25 ], [ -100.023518417144473, 50.271389113315266 ] ] } },
{ "type": "Feature", "properties": { "u": -8.0740779872777413, "v": 23.782954487766904, "speed": 25.116123496906027, "direction": -18.751842188883181, "timestamp": "20260608T02" }, "geometry": { "type": "LineString", "coordinates": [ [ -99.5, 49.5 ], [ -100.060009699881689, 50.571304256205714 ] ] } },
{ "type": "Feature", "properties": { "u": -8.2868913066734464, "v": 23.90180541634334, "speed": 25.297606007078215, "direction": -19.121720950182805, "timestamp": "20260608T02" }, "geometry": { "type": "LineString", "coordinates": [ [ -99.5, 49.75 ], [ -100.077727191612311, 50.826657901637084 ] ] } },
{ "type": "Feature", "properties": { "u": -8.3277770454367275, "v": 23.181270971429136, "speed": 24.631751751942573, "direction": -19.760618643635812, "timestamp": "20260608T02" }, "geometry": { "type": "LineString", "coordinates": [ [ -99.5, 50.0 ], [ -100.083591043890408, 51.044201395109418 ] ] } },
{ "type": "Feature", "properties": { "u": -7.7598365687107469, "v": 22.321996510250202, "speed": 23.632320913882385, "direction": -19.169078715274484, "timestamp": "20260608T02" }, "geometry": { "type": "LineString", "coordinates": [ [ -99.5, 50.25 ], [ -100.046638829813475, 51.255495338299561 ] ] } },
{ "type": "Feature", "properties": { "u": -6.9860876557089311, "v": 19.562815497034826, "speed": 20.772798822120109, "direction": -19.652181995374814, "timestamp": "20260608T02" }, "geometry": { "type": "LineString", "coordinates": [ [ -99.5, 50.5 ], [ -99.994732602230314, 51.381207905271836 ] ] } },
{ "type": "Feature", "properties": { "u": -6.5760634830430984, "v": 14.91344480411022, "speed": 16.298940053213737, "direction": -23.795016549839342, "timestamp": "20260608T02" }, "geometry": { "type": "LineString", "coordinates": [ [ -99.5, 50.75 ], [ -99.968178569770785, 51.421776792977937 ] ] } },
{ "type": "Feature", "properties": { "u": -6.6740248613682063, "v": 9.0878262266004022, "speed": 11.275246931887878, "direction": -36.293254233714762, "timestamp": "20260608T02" }, "geometry": { "type": "LineString", "coordinates": [ [ -99.5, 51.0 ], [ -99.977708580220266, 51.409361541738754 ] ] } },
{ "type": "Feature", "properties": { "u": -8.2660024799595604, "v": 5.7533986614954937, "speed": 10.071166424838573, "direction": -55.160864770909733, "timestamp": "20260608T02" }, "geometry": { "type": "LineString", "coordinates": [ [ -99.5, 51.25 ], [ -100.094868974561706, 51.509162101869165 ] ] } },
{ "type": "Feature", "properties": { "u": -10.25977422128943, "v": 4.1501227322702858, "speed": 11.067361282832584, "direction": -67.976456424120173, "timestamp": "20260608T02" }, "geometry": { "type": "LineString", "coordinates": [ [ -99.5, 51.5 ], [ -100.242395382775555, 51.68694246541758 ] ] } },
{ "type": "Feature", "properties": { "u": -11.684260205943914, "v": 3.8713398444293183, "speed": 12.308907699356208, "direction": -71.668444386149559, "timestamp": "20260608T02" }, "geometry": { "type": "LineString", "coordinates": [ [ -99.5, 51.75 ], [ -100.350142418418898, 51.924384677676997 ] ] } },
{ "type": "Feature", "properties": { "u": -11.295337473283665, "v": 5.2025488006018943, "speed": 12.435882061921076, "direction": -65.269552634117005, "timestamp": "20260608T02" }, "geometry": { "type": "LineString", "coordinates": [ [ -99.5, 52.0 ], [ -100.326426543928079, 52.234349045072157 ] ] } },
{ "type": "Feature", "properties": { "u": -9.6977630813101428, "v": 7.6159841387241558, "speed": 12.330848437253614, "direction": -51.856243921113794, "timestamp": "20260608T02" }, "geometry": { "type": "LineString", "coordinates": [ [ -99.5, 52.25 ], [ -100.213531272441728, 52.593062348591175 ] ] } },
{ "type": "Feature", "properties": { "u": -7.823441504364598, "v": 9.7577239557923967, "speed": 12.50677471491589, "direction": -38.721560836651264, "timestamp": "20260608T02" }, "geometry": { "type": "LineString", "coordinates": [ [ -99.5, 52.5 ], [ -100.078892252659998, 52.939537115125781 ] ] } },
{ "type": "Feature", "properties": { "u": -6.1679391321486685, "v": 10.502185942141326, "speed": 12.179465616405416, "direction": -30.42573779453598, "timestamp": "20260608T02" }, "geometry": { "type": "LineString", "coordinates": [ [ -99.5, 52.75 ], [ -99.959008517400051, 53.223071438835191 ] ] } },
{ "type": "Feature", "properties": { "u": -4.4696198470232043, "v": 9.8879849127341775, "speed": 10.851255559213525, "direction": -24.324174462449008, "timestamp": "20260608T02" }, "geometry": { "type": "LineString", "coordinates": [ [ -99.5, 53.0 ], [ -99.834545033935655, 53.445404725798838 ] ] } },
{ "type": "Feature", "properties": { "u": -2.8325838612146916, "v": 9.3224912972975122, "speed": 9.7433246542954617, "direction": -16.901094049286399, "timestamp": "20260608T02" }, "geometry": { "type": "LineString", "coordinates": [ [ -99.5, 53.25 ], [ -99.713251916268504, 53.669932040418807 ] ] } },
{ "type": "Feature", "properties": { "u": -1.5663149059920678, "v": 9.844044102252731, "speed": 9.9678757351719494, "direction": -9.040714527376922, "timestamp": "20260608T02" }, "geometry": { "type": "LineString", "coordinates": [ [ -99.5, 53.5 ], [ -99.618614698472598, 53.943425410011386 ] ] } },
{ "type": "Feature", "properties": { "u": -0.89198649270766261, "v": 10.593570064829073, "speed": 10.631056702963049, "direction": -4.8129944169630416, "timestamp": "20260608T02" }, "geometry": { "type": "LineString", "coordinates": [ [ -99.5, 53.75 ], [ -99.567950137216229, 54.227187840758063 ] ] } },
{ "type": "Feature", "properties": { "u": -0.90812176109311804, "v": 10.899201292379693, "speed": 10.936968224548432, "direction": -4.7628846300672647, "timestamp": "20260608T02" }, "geometry": { "type": "LineString", "coordinates": [ [ -99.5, 54.0 ], [ -99.569594100014044, 54.490955013170257 ] ] } },
{ "type": "Feature", "properties": { "u": -1.7057479478140134, "v": 10.805546561479039, "speed": 10.93935156002234, "direction": -8.9706038677073927, "timestamp": "20260608T02" }, "geometry": { "type": "LineString", "coordinates": [ [ -99.5, 54.25 ], [ -99.63151140285369, 54.736736331598152 ] ] } },
{ "type": "Feature", "properties": { "u": -7.444086626888196, "v": 21.920905450888672, "speed": 23.150389229890202, "direction": -18.756894649008657, "timestamp": "20260608T02" }, "geometry": { "type": "LineString", "coordinates": [ [ -99.25, 49.25 ], [ -99.76369468807215, 50.237428173463456 ] ] } },
{ "type": "Feature", "properties": { "u": -7.6662452107480927, "v": 22.042127678614392, "speed": 23.33723865909711, "direction": -19.177658897460667, "timestamp": "20260608T02" }, "geometry": { "type": "LineString", "coordinates": [ [ -99.25, 49.5 ], [ -99.781722840237009, 50.49288863417182 ] ] } },
{ "type": "Feature", "properties": { "u": -7.8570108814447801, "v": 21.773863184919374, "speed": 23.148082814495218, "direction": -19.84177445968589, "timestamp": "20260608T02" }, "geometry": { "type": "LineString", "coordinates": [ [ -99.25, 49.75 ], [ -99.797757737252937, 50.730804647969343 ] ] } },
{ "type": "Feature", "properties": { "u": -8.2790406829316385, "v": 21.596091618108478, "speed": 23.128633504973276, "direction": -20.974739961894752, "timestamp": "20260608T02" }, "geometry": { "type": "LineString", "coordinates": [ [ -99.25, 50.0 ], [ -99.830175714143394, 50.97279691973462 ] ] } },
{ "type": "Feature", "properties": { "u": -8.6451556031437029, "v": 22.213727910679296, "speed": 23.836703276507414, "direction": -21.26503041167285, "timestamp": "20260608T02" }, "geometry": { "type": "LineString", "coordinates": [ [ -99.25, 50.25 ], [ -99.859004803208506, 51.250618374354922 ] ] } },
{ "type": "Feature", "properties": { "u": -8.5813896653844122, "v": 21.681694851426446, "speed": 23.318150445941001, "direction": -21.593144867579895, "timestamp": "20260608T02" }, "geometry": { "type": "LineString", "coordinates": [ [ -99.25, 50.5 ], [ -99.857706838095368, 51.476652921235427 ] ] } },
{ "type": "Feature", "properties": { "u": -8.3034199201020673, "v": 19.441795273574265, "speed": 21.140723398907674, "direction": -23.126902198678739, "timestamp": "20260608T02" }, "geometry": { "type": "LineString", "coordinates": [ [ -99.25, 50.75 ], [ -99.841156589717201, 51.625756543854699 ] ] } },
{ "type": "Feature", "properties": { "u": -8.3113273042378939, "v": 15.509609267086937, "speed": 17.596196781574118, "direction": -28.186075817456363, "timestamp": "20260608T02" }, "geometry": { "type": "LineString", "coordinates": [ [ -99.25, 51.0 ], [ -99.844902243957108, 51.698631048066979 ] ] } },
{ "type": "Feature", "properties": { "u": -8.5913177357196826, "v": 10.434781591618439, "speed": 13.516486499859001, "direction": -39.465811404081876, "timestamp": "20260608T02" }, "geometry": { "type": "LineString", "coordinates": [ [ -99.25, 51.25 ], [ -99.868280527252679, 51.720035206829657 ] ] } },
{ "type": "Feature", "properties": { "u": -10.197572452143135, "v": 5.0737321968657936, "speed": 11.390050145728997, "direction": -63.547673720486088, "timestamp": "20260608T02" }, "geometry": { "type": "LineString", "coordinates": [ [ -99.25, 51.5 ], [ -99.98789447415723, 51.728546495354315 ] ] } },
{ "type": "Feature", "properties": { "u": -12.131614466373302, "v": 2.4908847788010187, "speed": 12.38469121706232, "direction": -78.397181348050367, "timestamp": "20260608T02" }, "geometry": { "type": "LineString", "coordinates": [ [ -99.25, 51.75 ], [ -100.132691747700179, 51.862202017063112 ] ] } },
{ "type": "Feature", "properties": { "u": -11.977399115256169, "v": 2.8503845854258421, "speed": 12.311895948673888, "direction": -76.613736611602448, "timestamp": "20260608T02" }, "geometry": { "type": "LineString", "coordinates": [ [ -99.25, 52.0 ], [ -100.126329775846074, 52.128395702046213 ] ] } },
{ "type": "Feature", "properties": { "u": -9.9393369453781713, "v": 5.1674300048746584, "speed": 11.202354742153027, "direction": -62.530220532344522, "timestamp": "20260608T02" }, "geometry": { "type": "LineString", "coordinates": [ [ -99.25, 52.25 ], [ -99.981305526686938, 52.482767117336699 ] ] } },
{ "type": "Feature", "properties": { "u": -7.6029778152800755, "v": 7.7151616341178046, "speed": 10.831850751381516, "direction": -44.580396531959664, "timestamp": "20260608T02" }, "geometry": { "type": "LineString", "coordinates": [ [ -99.25, 52.5 ], [ -99.812579135020826, 52.847529803338638 ] ] } },
{ "type": "Feature", "properties": { "u": -5.8509162318399133, "v": 9.1212637874031302, "speed": 10.836543444816686, "direction": -32.678505228510396, "timestamp": "20260608T02" }, "geometry": { "type": "LineString", "coordinates": [ [ -99.25, 52.75 ], [ -99.685416162103593, 53.160867738171312 ] ] } },
{ "type": "Feature", "properties": { "u": -4.1078572511993841, "v": 9.2619603167532478, "speed": 10.132048169316176, "direction": -23.918205630871888, "timestamp": "20260608T02" }, "geometry": { "type": "LineString", "coordinates": [ [ -99.25, 53.0 ], [ -99.55746759020694, 53.417205419673571 ] ] } },
{ "type": "Feature", "properties": { "u": -2.5427484727682348, "v": 8.9904617288895778, "speed": 9.3431243111923408, "direction": -15.792354079988847, "timestamp": "20260608T02" }, "geometry": { "type": "LineString", "coordinates": [ [ -99.25, 53.25 ], [ -99.441431573070574, 53.654975753553586 ] ] } },
{ "type": "Feature", "properties": { "u": -1.4545881643945644, "v": 9.5515014523616362, "speed": 9.6616254699953661, "direction": -8.6589838558537142, "timestamp": "20260608T02" }, "geometry": { "type": "LineString", "coordinates": [ [ -99.25, 53.5 ], [ -99.360153798486763, 53.930247813169444 ] ] } },
{ "type": "Feature", "properties": { "u": -1.1248658141350774, "v": 10.333244504040008, "speed": 10.39429002289636, "direction": -6.2126929414214542, "timestamp": "20260608T02" }, "geometry": { "type": "LineString", "coordinates": [ [ -99.25, 53.75 ], [ -99.335690520030525, 54.215461464145946 ] ] } },
{ "type": "Feature", "properties": { "u": -1.2976190605763178, "v": 10.92364812887716, "speed": 11.000450157602298, "direction": -6.7744142249892843, "timestamp": "20260608T02" }, "geometry": { "type": "LineString", "coordinates": [ [ -99.25, 54.0 ], [ -99.349443306559664, 54.492056222021496 ] ] } },
{ "type": "Feature", "properties": { "u": -1.8125255762746799, "v": 11.119417711017983, "speed": 11.266175002934681, "direction": -9.2580985212375193, "timestamp": "20260608T02" }, "geometry": { "type": "LineString", "coordinates": [ [ -99.25, 54.25 ], [ -99.389743847588704, 54.750874671667475 ] ] } },
{ "type": "Feature", "properties": { "u": -7.472405153851974, "v": 21.043830214288491, "speed": 22.331135861642029, "direction": -19.549324380984707, "timestamp": "20260608T02" }, "geometry": { "type": "LineString", "coordinates": [ [ -99.0, 49.25 ], [ -99.515648866953256, 50.197920279922904 ] ] } },
{ "type": "Feature", "properties": { "u": -7.709552875669333, "v": 21.045202928803739, "speed": 22.412892982773794, "direction": -20.119450904141878, "timestamp": "20260608T02" }, "geometry": { "type": "LineString", "coordinates": [ [ -99.0, 49.5 ], [ -99.534726615091969, 50.447982113910079 ] ] } },
{ "type": "Feature", "properties": { "u": -7.7873082478208309, "v": 20.489106400035961, "speed": 21.919070482540381, "direction": -20.810328744376598, "timestamp": "20260608T02" }, "geometry": { "type": "LineString", "coordinates": [ [ -99.0, 49.75 ], [ -99.542898362937365, 50.672932720722343 ] ] } },
{ "type": "Feature", "properties": { "u": -7.8064054016821132, "v": 20.303883099121897, "speed": 21.752876458027789, "direction": -21.030675740957996, "timestamp": "20260608T02" }, "geometry": { "type": "LineString", "coordinates": [ [ -99.0, 50.0 ], [ -99.547054544393191, 50.914589328789276 ] ] } },
{ "type": "Feature", "properties": { "u": -8.1420889914548269, "v": 20.438566874110283, "speed": 22.000650649747794, "direction": -21.720798423310644, "timestamp": "20260608T02" }, "geometry": { "type": "LineString", "coordinates": [ [ -99.0, 50.25 ], [ -99.573566460983542, 51.170656165500461 ] ] } },
{ "type": "Feature", "properties": { "u": -8.7148951056677877, "v": 21.307295217721606, "speed": 23.020647823159418, "direction": -22.245048447045271, "timestamp": "20260608T02" }, "geometry": { "type": "LineString", "coordinates": [ [ -99.0, 50.5 ], [ -99.617161270552899, 51.459788072870346 ] ] } },
{ "type": "Feature", "properties": { "u": -9.1122541614961055, "v": 21.980595165841677, "speed": 23.794531719458686, "direction": -22.516892923228966, "timestamp": "20260608T02" }, "geometry": { "type": "LineString", "coordinates": [ [ -99.0, 50.75 ], [ -99.648741018349014, 51.740116899362235 ] ] } },
{ "type": "Feature", "properties": { "u": -8.9738905630495847, "v": 20.506111690116441, "speed": 22.383729101405791, "direction": -23.635162370791843, "timestamp": "20260608T02" }, "geometry": { "type": "LineString", "coordinates": [ [ -99.0, 51.0 ], [ -99.642326723225253, 51.923698724780017 ] ] } },
{ "type": "Feature", "properties": { "u": -8.2150979962751691, "v": 15.414141149549536, "speed": 17.466641991712105, "direction": -28.055765281736836, "timestamp": "20260608T02" }, "geometry": { "type": "LineString", "coordinates": [ [ -99.0, 51.25 ], [ -99.591205595790242, 51.944330682412144 ] ] } },
{ "type": "Feature", "properties": { "u": -9.0774018633667488, "v": 7.7534778874705976, "speed": 11.937991620894598, "direction": -49.497648674643131, "timestamp": "20260608T02" }, "geometry": { "type": "LineString", "coordinates": [ [ -99.0, 51.5 ], [ -99.656839135599881, 51.849255760696877 ] ] } },
{ "type": "Feature", "properties": { "u": -11.193636139746401, "v": 1.8469532070834012, "speed": 11.344986830234417, "direction": -80.630598738722355, "timestamp": "20260608T02" }, "geometry": { "type": "LineString", "coordinates": [ [ -99.0, 51.75 ], [ -99.814444794194515, 51.83319609040916 ] ] } },
{ "type": "Feature", "properties": { "u": -11.305827832614561, "v": 0.41468879572897599, "speed": 11.313430504406044, "direction": -87.899377957679931, "timestamp": "20260608T02" }, "geometry": { "type": "LineString", "coordinates": [ [ -99.0, 52.0 ], [ -99.827194074019758, 52.018679675483284 ] ] } },
{ "type": "Feature", "properties": { "u": -9.0076655197130826, "v": 1.9413555356965326, "speed": 9.2144939867041824, "direction": -77.837502820864827, "timestamp": "20260608T02" }, "geometry": { "type": "LineString", "coordinates": [ [ -99.0, 52.25 ], [ -99.662756038286517, 52.337448447553896 ] ] } },
{ "type": "Feature", "properties": { "u": -6.4731999307385912, "v": 4.5358025955049879, "speed": 7.9041648849643744, "direction": -54.980884742115286, "timestamp": "20260608T02" }, "geometry": { "type": "LineString", "coordinates": [ [ -99.0, 52.5 ], [ -99.478981697215133, 52.704315432229954 ] ] } },
{ "type": "Feature", "properties": { "u": -4.8054300760882915, "v": 6.8404123614355452, "speed": 8.3596291479140472, "direction": -35.08826772238092, "timestamp": "20260608T02" }, "geometry": { "type": "LineString", "coordinates": [ [ -99.0, 52.75 ], [ -99.357612694846182, 53.058126682947545 ] ] } },
{ "type": "Feature", "properties": { "u": -3.402332103817634, "v": 7.8450209196639982, "speed": 8.551036017619964, "direction": -23.446048948018408, "timestamp": "20260608T02" }, "geometry": { "type": "LineString", "coordinates": [ [ -99.0, 53.0 ], [ -99.254659981852839, 53.353379320705585 ] ] } },
{ "type": "Feature", "properties": { "u": -2.2322540273245135, "v": 8.0706383930584771, "speed": 8.3736588247919457, "direction": -15.460886623550296, "timestamp": "20260608T02" }, "geometry": { "type": "LineString", "coordinates": [ [ -99.0, 53.25 ], [ -99.168055906638159, 53.613542269957591 ] ] } },
{ "type": "Feature", "properties": { "u": -1.4482621637805007, "v": 8.8154657242030865, "speed": 8.9336386332578748, "direction": -9.3295844528331422, "timestamp": "20260608T02" }, "geometry": { "type": "LineString", "coordinates": [ [ -99.0, 53.5 ], [ -99.109674739868026, 53.897093050639782 ] ] } },
{ "type": "Feature", "properties": { "u": -1.4069450570250284, "v": 9.8375153199531269, "speed": 9.9376155119726608, "direction": -8.1391530406284129, "timestamp": "20260608T02" }, "geometry": { "type": "LineString", "coordinates": [ [ -99.0, 53.75 ], [ -99.107178875983138, 54.193131320718607 ] ] } },
{ "type": "Feature", "properties": { "u": -1.6236686111420386, "v": 10.867551040209298, "speed": 10.988173886973309, "direction": -8.4974329602046303, "timestamp": "20260608T02" }, "geometry": { "type": "LineString", "coordinates": [ [ -99.0, 54.0 ], [ -99.124430181672409, 54.489529326135553 ] ] } },
{ "type": "Feature", "properties": { "u": -1.8250470895036286, "v": 11.389128883777721, "speed": 11.534429054366134, "direction": -9.1039445001646886, "timestamp": "20260608T02" }, "geometry": { "type": "LineString", "coordinates": [ [ -99.0, 54.25 ], [ -99.140709243310098, 54.763023823593592 ] ] } },
{ "type": "Feature", "properties": { "u": -7.1953568600175535, "v": 20.030571615109629, "speed": 21.283725227765867, "direction": -19.759239690863577, "timestamp": "20260608T02" }, "geometry": { "type": "LineString", "coordinates": [ [ -98.75, 49.25 ], [ -99.246530572928009, 50.152278000680617 ] ] } },
{ "type": "Feature", "properties": { "u": -7.7430932800682699, "v": 20.271980597702651, "speed": 21.700430661566863, "direction": -20.904875554018577, "timestamp": "20260608T02" }, "geometry": { "type": "LineString", "coordinates": [ [ -98.75, 49.5 ], [ -99.287052942857315, 50.413152279175797 ] ] } },
{ "type": "Feature", "properties": { "u": -8.1072984723194015, "v": 20.131067745055802, "speed": 21.702262026694328, "direction": -21.93591338463925, "timestamp": "20260608T02" }, "geometry": { "type": "LineString", "coordinates": [ [ -98.75, 49.75 ], [ -99.315206734907207, 50.656804853380891 ] ] } },
{ "type": "Feature", "properties": { "u": -8.1786733835544023, "v": 19.778000476036876, "speed": 21.402336347814369, "direction": -22.466257631524229, "timestamp": "20260608T02" }, "geometry": { "type": "LineString", "coordinates": [ [ -98.75, 50.0 ], [ -99.323142209680384, 50.890900922344002 ] ] } },
{ "type": "Feature", "properties": { "u": -8.2604981835782585, "v": 19.733975108017127, "speed": 21.393120478432763, "direction": -22.713830343443895, "timestamp": "20260608T02" }, "geometry": { "type": "LineString", "coordinates": [ [ -98.75, 50.25 ], [ -99.331907752922916, 51.138917797658429 ] ] } },
{ "type": "Feature", "properties": { "u": -8.6549595806457926, "v": 20.639379357740367, "speed": 22.380623441167398, "direction": -22.750353022338377, "timestamp": "20260608T02" }, "geometry": { "type": "LineString", "coordinates": [ [ -98.75, 50.5 ], [ -99.362916826491855, 51.429701772871191 ] ] } },
{ "type": "Feature", "properties": { "u": -9.1219364592779062, "v": 22.093015147272848, "speed": 23.902113778173074, "direction": -22.435133292948972, "timestamp": "20260608T02" }, "geometry": { "type": "LineString", "coordinates": [ [ -98.75, 50.75 ], [ -99.399430343252774, 51.745180862489768 ] ] } },
{ "type": "Feature", "properties": { "u": -8.9567413514380583, "v": 22.340329265281106, "speed": 24.068932824654603, "direction": -21.846961477638175, "timestamp": "20260608T02" }, "geometry": { "type": "LineString", "coordinates": [ [ -98.75, 51.0 ], [ -99.391099229216607, 52.006321138075727 ] ] } },
{ "type": "Feature", "properties": { "u": -7.9406282178527441, "v": 19.149883071763412, "speed": 20.730933364331914, "direction": -22.521670545244124, "timestamp": "20260608T02" }, "geometry": { "type": "LineString", "coordinates": [ [ -98.75, 51.25 ], [ -99.321453175435394, 52.112607345574929 ] ] } },
{ "type": "Feature", "properties": { "u": -8.1953597680149191, "v": 11.438964798315434, "speed": 14.071738960920827, "direction": -35.619418306231964, "timestamp": "20260608T02" }, "geometry": { "type": "LineString", "coordinates": [ [ -98.75, 51.5 ], [ -99.343014731194955, 52.015268684608806 ] ] } },
{ "type": "Feature", "properties": { "u": -10.156535656504314, "v": 3.008916094029559, "speed": 10.592865174387599, "direction": -73.49785723044188, "timestamp": "20260608T02" }, "geometry": { "type": "LineString", "coordinates": [ [ -98.75, 51.75 ], [ -99.488985749511627, 51.885536760992323 ] ] } },
{ "type": "Feature", "properties": { "u": -10.551062815488132, "v": -0.78362549261793824, "speed": 10.580122657562013, "direction": -94.247548615762199, "timestamp": "20260608T02" }, "geometry": { "type": "LineString", "coordinates": [ [ -98.75, 52.0 ], [ -99.521971479205135, 51.964701554386579 ] ] } },
{ "type": "Feature", "properties": { "u": -8.1578343019083768, "v": -0.33424654948454635, "speed": 8.1646788824322574, "direction": -92.34623678157304, "timestamp": "20260608T02" }, "geometry": { "type": "LineString", "coordinates": [ [ -98.75, 52.25 ], [ -99.350228098068058, 52.234943849122317 ] ] } },
{ "type": "Feature", "properties": { "u": -5.4777786730757514, "v": 1.8010642584674039, "speed": 5.7662719025668814, "direction": -71.799412233625276, "timestamp": "20260608T02" }, "geometry": { "type": "LineString", "coordinates": [ [ -98.75, 52.5 ], [ -99.155325921317441, 52.581129020651687 ] ] } },
{ "type": "Feature", "properties": { "u": -3.9420902555722108, "v": 4.4707226509179723, "speed": 5.9604896279171893, "direction": -41.404456424213969, "timestamp": "20260608T02" }, "geometry": { "type": "LineString", "coordinates": [ [ -98.75, 52.75 ], [ -99.04336427693265, 52.951383903194504 ] ] } },
{ "type": "Feature", "properties": { "u": -2.8220812000824194, "v": 6.40517510210395, "speed": 6.9993149942312911, "direction": -23.777997844353223, "timestamp": "20260608T02" }, "geometry": { "type": "LineString", "coordinates": [ [ -98.75, 53.0 ], [ -98.961228982142529, 53.288521400995677 ] ] } },
{ "type": "Feature", "properties": { "u": -2.0062146739000495, "v": 7.2401649048602783, "speed": 7.5129811105407631, "direction": -15.487795302649239, "timestamp": "20260608T02" }, "geometry": { "type": "LineString", "coordinates": [ [ -98.75, 53.25 ], [ -98.901038466861749, 53.576133554272985 ] ] } },
{ "type": "Feature", "properties": { "u": -1.4791794647969401, "v": 8.0976838120250942, "speed": 8.2316738886213301, "direction": -10.351915860619766, "timestamp": "20260608T02" }, "geometry": { "type": "LineString", "coordinates": [ [ -98.75, 53.5 ], [ -98.862016061095076, 53.864760532073205 ] ] } },
{ "type": "Feature", "properties": { "u": -1.5760256114100515, "v": 9.2277985700627205, "speed": 9.361416729185386, "direction": -9.6920915435238566, "timestamp": "20260608T02" }, "geometry": { "type": "LineString", "coordinates": [ [ -98.75, 53.75 ], [ -98.870059168414684, 54.165666602255079 ] ] } },
{ "type": "Feature", "properties": { "u": -1.64822279456012, "v": 10.604304370609437, "speed": 10.731631263001631, "direction": -8.8347682468135886, "timestamp": "20260608T02" }, "geometry": { "type": "LineString", "coordinates": [ [ -98.75, 54.0 ], [ -98.876311896624941, 54.477671368045471 ] ] } },
{ "type": "Feature", "properties": { "u": -1.5481523900743615, "v": 11.413364756607251, "speed": 11.517884827096399, "direction": -7.724672565436129, "timestamp": "20260608T02" }, "geometry": { "type": "LineString", "coordinates": [ [ -98.75, 54.25 ], [ -98.869360948322338, 54.764115529576905 ] ] } }
]
}
