{
"type": "FeatureCollection",
"name": "geojson_wind500m_20240716T13",
"crs": { "type": "name", "properties": { "name": "urn:ogc:def:crs:OGC:1.3:CRS84" } },
"features": [
{ "type": "Feature", "properties": { "u": 14.855986456816201, "v": -0.093633675955902107, "speed": 14.856281529049568, "direction": 90.361116606508844, "timestamp": "20240716T13" }, "geometry": { "type": "LineString", "coordinates": [ [ -82.25, 41.0 ], [ -81.363316437644343, 40.995782266848835 ] ] } },
{ "type": "Feature", "properties": { "u": 16.246716888880318, "v": -0.0087134396845065729, "speed": 16.246719225476266, "direction": 90.030728871224341, "timestamp": "20240716T13" }, "geometry": { "type": "LineString", "coordinates": [ [ -82.25, 41.25 ], [ -81.276609010571477, 41.249607502716913 ] ] } },
{ "type": "Feature", "properties": { "u": 18.138505921259497, "v": -1.6556891555395534, "speed": 18.213915110028847, "direction": 95.215525380330476, "timestamp": "20240716T13" }, "geometry": { "type": "LineString", "coordinates": [ [ -82.25, 41.5 ], [ -81.159081279982459, 41.425419407408128 ] ] } },
{ "type": "Feature", "properties": { "u": 18.440861630063846, "v": -4.7520385444901541, "speed": 19.043299293648701, "direction": 104.45021152952943, "timestamp": "20240716T13" }, "geometry": { "type": "LineString", "coordinates": [ [ -82.25, 41.75 ], [ -81.136587720244748, 41.535944209707651 ] ] } },
{ "type": "Feature", "properties": { "u": 16.004419074198626, "v": -8.1068897343768409, "speed": 17.940543221093318, "direction": 116.86407000916994, "timestamp": "20240716T13" }, "geometry": { "type": "LineString", "coordinates": [ [ -82.25, 42.0 ], [ -81.27990675114512, 41.634824786739784 ] ] } },
{ "type": "Feature", "properties": { "u": 11.925294099583505, "v": -10.943651538335923, "speed": 16.185677259666441, "direction": 132.54210486796546, "timestamp": "20240716T13" }, "geometry": { "type": "LineString", "coordinates": [ [ -82.25, 42.25 ], [ -81.5243011958989, 41.75704272349838 ] ] } },
{ "type": "Feature", "properties": { "u": 8.1139432017134698, "v": -13.12296645498855, "speed": 15.428814693922115, "direction": 148.27145698050887, "timestamp": "20240716T13" }, "geometry": { "type": "LineString", "coordinates": [ [ -82.25, 42.5 ], [ -81.75426668667798, 41.908875384910424 ] ] } },
{ "type": "Feature", "properties": { "u": 5.4759691622353035, "v": -14.007131805276483, "speed": 15.039480698353252, "direction": 158.64740885191756, "timestamp": "20240716T13" }, "geometry": { "type": "LineString", "coordinates": [ [ -82.25, 42.75 ], [ -81.914091357123553, 42.119048116879441 ] ] } },
{ "type": "Feature", "properties": { "u": 3.9037340312861066, "v": -12.625843927078229, "speed": 13.215561821502689, "direction": 162.8191239517148, "timestamp": "20240716T13" }, "geometry": { "type": "LineString", "coordinates": [ [ -82.25, 43.0 ], [ -82.009563840459336, 42.431268291573055 ] ] } },
{ "type": "Feature", "properties": { "u": 4.0113817049055855, "v": -9.7061687374230612, "speed": 10.502423279499833, "direction": 157.54558881138882, "timestamp": "20240716T13" }, "geometry": { "type": "LineString", "coordinates": [ [ -82.25, 43.25 ], [ -82.001921922946053, 42.812785192007972 ] ] } },
{ "type": "Feature", "properties": { "u": 4.9110523990865484, "v": -7.1277191569432539, "speed": 8.6557966731450886, "direction": 145.4328644460775, "timestamp": "20240716T13" }, "geometry": { "type": "LineString", "coordinates": [ [ -82.25, 43.5 ], [ -81.945028408259432, 43.178931569507057 ] ] } },
{ "type": "Feature", "properties": { "u": 5.5604560290571907, "v": -5.5979861749964437, "speed": 7.8902547783027757, "direction": 135.19270708394279, "timestamp": "20240716T13" }, "geometry": { "type": "LineString", "coordinates": [ [ -82.25, 43.75 ], [ -81.903262059771535, 43.497838460585747 ] ] } },
{ "type": "Feature", "properties": { "u": 5.6649908193176728, "v": -4.7293278897270747, "speed": 7.3796113225226074, "direction": 129.85628267973925, "timestamp": "20240716T13" }, "geometry": { "type": "LineString", "coordinates": [ [ -82.25, 44.0 ], [ -81.895258379258593, 43.786967212174453 ] ] } },
{ "type": "Feature", "properties": { "u": 5.9361332577511829, "v": -4.0069783326133299, "speed": 7.1619517878726588, "direction": 124.01993604476111, "timestamp": "20240716T13" }, "geometry": { "type": "LineString", "coordinates": [ [ -82.25, 44.25 ], [ -81.876702967312383, 44.069505480512916 ] ] } },
{ "type": "Feature", "properties": { "u": 7.1127667091925781, "v": -3.0653671370761622, "speed": 7.7451872762680649, "direction": 113.31444360203091, "timestamp": "20240716T13" }, "geometry": { "type": "LineString", "coordinates": [ [ -82.25, 44.5 ], [ -81.800796081249686, 44.361920399230804 ] ] } },
{ "type": "Feature", "properties": { "u": 8.3297912461377415, "v": -2.4561858570863264, "speed": 8.6843693593020248, "direction": 106.42908225199371, "timestamp": "20240716T13" }, "geometry": { "type": "LineString", "coordinates": [ [ -82.25, 44.75 ], [ -81.721664955690201, 44.639360997428547 ] ] } },
{ "type": "Feature", "properties": { "u": 9.2667399481980119, "v": -2.9976184162733004, "speed": 9.7395166942261433, "direction": 107.92543177323253, "timestamp": "20240716T13" }, "geometry": { "type": "LineString", "coordinates": [ [ -82.25, 45.0 ], [ -81.659677958841158, 44.864972143411116 ] ] } },
{ "type": "Feature", "properties": { "u": 9.2799548239885894, "v": -4.0215021558604569, "speed": 10.113853920482507, "direction": 113.42967211039772, "timestamp": "20240716T13" }, "geometry": { "type": "LineString", "coordinates": [ [ -82.25, 45.25 ], [ -81.656239715532124, 45.068851254240521 ] ] } },
{ "type": "Feature", "properties": { "u": 7.7201309200509556, "v": -4.1812672397548454, "speed": 8.7797162341942414, "direction": 118.44022971087338, "timestamp": "20240716T13" }, "geometry": { "type": "LineString", "coordinates": [ [ -82.25, 45.5 ], [ -81.753853547442091, 45.311654628839875 ] ] } },
{ "type": "Feature", "properties": { "u": 5.5087899722527451, "v": -3.9534673476119324, "speed": 6.7806099303105567, "direction": 125.66569097093867, "timestamp": "20240716T13" }, "geometry": { "type": "LineString", "coordinates": [ [ -82.25, 45.75 ], [ -81.894386521850535, 45.571915885242703 ] ] } },
{ "type": "Feature", "properties": { "u": 3.0439026415704573, "v": -3.7722014365874896, "speed": 4.8471483337682502, "direction": 141.09889800438734, "timestamp": "20240716T13" }, "geometry": { "type": "LineString", "coordinates": [ [ -82.25, 46.0 ], [ -82.052618470555998, 45.830081016369931 ] ] } },
{ "type": "Feature", "properties": { "u": 14.485924070834011, "v": 1.1337519397327329, "speed": 14.53022331716949, "direction": 85.524824671912711, "timestamp": "20240716T13" }, "geometry": { "type": "LineString", "coordinates": [ [ -82.0, 41.0 ], [ -81.135403711057691, 41.051069907195171 ] ] } },
{ "type": "Feature", "properties": { "u": 15.835113012310096, "v": 1.6395961791633886, "speed": 15.919770090782082, "direction": 84.088556868780529, "timestamp": "20240716T13" }, "geometry": { "type": "LineString", "coordinates": [ [ -82.0, 41.25 ], [ -81.051269470122023, 41.323855683746096 ] ] } },
{ "type": "Feature", "properties": { "u": 18.268768106046192, "v": 1.0342203580038278, "speed": 18.298019014674789, "direction": 86.759864703319721, "timestamp": "20240716T13" }, "geometry": { "type": "LineString", "coordinates": [ [ -82.0, 41.5 ], [ -80.901246816851312, 41.546586502612783 ] ] } },
{ "type": "Feature", "properties": { "u": 19.614266940871442, "v": -0.81873225487657475, "speed": 19.63134712985682, "direction": 92.390233934730958, "timestamp": "20240716T13" }, "geometry": { "type": "LineString", "coordinates": [ [ -82.0, 41.75 ], [ -80.815740494752134, 41.713120168699255 ] ] } },
{ "type": "Feature", "properties": { "u": 18.130151201790643, "v": -3.4713895013698353, "speed": 18.459494241988629, "direction": 100.83926415602467, "timestamp": "20240716T13" }, "geometry": { "type": "LineString", "coordinates": [ [ -82.0, 42.0 ], [ -80.901057439196308, 41.843631103541902 ] ] } },
{ "type": "Feature", "properties": { "u": 14.169634768829283, "v": -6.6123669245579233, "speed": 15.636557991674616, "direction": 115.01646414044127, "timestamp": "20240716T13" }, "geometry": { "type": "LineString", "coordinates": [ [ -82.0, 42.25 ], [ -81.137724661511882, 41.952145634028923 ] ] } },
{ "type": "Feature", "properties": { "u": 10.058473332572818, "v": -10.464189602455296, "speed": 14.514549590607766, "direction": 136.13254319925849, "timestamp": "20240716T13" }, "geometry": { "type": "LineString", "coordinates": [ [ -82.0, 42.5 ], [ -81.385462753662793, 42.028640107997511 ] ] } },
{ "type": "Feature", "properties": { "u": 7.293867738049979, "v": -13.611116567796811, "speed": 15.442247271764533, "direction": 151.81422067390119, "timestamp": "20240716T13" }, "geometry": { "type": "LineString", "coordinates": [ [ -82.0, 42.75 ], [ -81.55257724420629, 42.136886641090236 ] ] } },
{ "type": "Feature", "properties": { "u": 5.0486939871650049, "v": -13.979238686501887, "speed": 14.862988435379579, "direction": 160.14248119100398, "timestamp": "20240716T13" }, "geometry": { "type": "LineString", "coordinates": [ [ -82.0, 43.0 ], [ -81.689044237327295, 42.370304563671084 ] ] } },
{ "type": "Feature", "properties": { "u": 3.9013057727151725, "v": -11.815365452105468, "speed": 12.44279098510572, "direction": 161.72733611303377, "timestamp": "20240716T13" }, "geometry": { "type": "LineString", "coordinates": [ [ -82.0, 43.25 ], [ -81.758729409143228, 42.71777633098624 ] ] } },
{ "type": "Feature", "properties": { "u": 3.9975012357264683, "v": -9.0973781687061077, "speed": 9.9369163060823418, "direction": 156.27871544964538, "timestamp": "20240716T13" }, "geometry": { "type": "LineString", "coordinates": [ [ -82.0, 43.5 ], [ -81.75175904963443, 43.090208190598823 ] ] } },
{ "type": "Feature", "properties": { "u": 4.4727612541485611, "v": -7.0408215195935053, "speed": 8.3413884280366428, "direction": 147.57378569001938, "timestamp": "20240716T13" }, "geometry": { "type": "LineString", "coordinates": [ [ -82.0, 43.75 ], [ -81.721088339464828, 43.432845877495787 ] ] } },
{ "type": "Feature", "properties": { "u": 4.9787585571959312, "v": -5.8323403302175416, "speed": 7.6683916500354732, "direction": 139.5143780293235, "timestamp": "20240716T13" }, "geometry": { "type": "LineString", "coordinates": [ [ -82.0, 44.0 ], [ -81.688230230870431, 43.737281967107315 ] ] } },
{ "type": "Feature", "properties": { "u": 5.7926275101476694, "v": -4.8811287049071428, "speed": 7.5749555051622623, "direction": 130.11899696692814, "timestamp": "20240716T13" }, "geometry": { "type": "LineString", "coordinates": [ [ -82.0, 44.25 ], [ -81.635727405853089, 44.030129337616792 ] ] } },
{ "type": "Feature", "properties": { "u": 7.2102781116497434, "v": -3.7641407132527869, "speed": 8.1336870948237596, "direction": 117.56690404862167, "timestamp": "20240716T13" }, "geometry": { "type": "LineString", "coordinates": [ [ -82.0, 44.5 ], [ -81.544637787874208, 44.330444112015641 ] ] } },
{ "type": "Feature", "properties": { "u": 8.5903560776642429, "v": -2.8810669991520128, "speed": 9.0606161266585943, "direction": 108.54062288229204, "timestamp": "20240716T13" }, "geometry": { "type": "LineString", "coordinates": [ [ -82.0, 44.75 ], [ -81.455138067111335, 44.620222207245405 ] ] } },
{ "type": "Feature", "properties": { "u": 9.442029315828977, "v": -2.9443610193755769, "speed": 9.890459009236741, "direction": 107.31933832313626, "timestamp": "20240716T13" }, "geometry": { "type": "LineString", "coordinates": [ [ -82.0, 45.0 ], [ -81.398511445280647, 44.867371125253349 ] ] } },
{ "type": "Feature", "properties": { "u": 9.1845297910504957, "v": -3.6405971145421656, "speed": 9.8797537840326157, "direction": 111.62256321602355, "timestamp": "20240716T13" }, "geometry": { "type": "LineString", "coordinates": [ [ -82.0, 45.25 ], [ -81.412345305028765, 45.086009138984586 ] ] } },
{ "type": "Feature", "properties": { "u": 7.4646839308189907, "v": -3.7977313032656563, "speed": 8.3752175636714732, "direction": 116.96516356498785, "timestamp": "20240716T13" }, "geometry": { "type": "LineString", "coordinates": [ [ -82.0, 45.5 ], [ -81.52027025317372, 45.328931022375421 ] ] } },
{ "type": "Feature", "properties": { "u": 5.2850144752449912, "v": -3.6668247792986008, "speed": 6.4324942258526221, "direction": 124.75351133005928, "timestamp": "20240716T13" }, "geometry": { "type": "LineString", "coordinates": [ [ -82.0, 45.75 ], [ -81.658832086705317, 45.584827712644206 ] ] } },
{ "type": "Feature", "properties": { "u": 3.1630156130502716, "v": -3.6199905256795737, "speed": 4.8071820409060502, "direction": 138.85422453814459, "timestamp": "20240716T13" }, "geometry": { "type": "LineString", "coordinates": [ [ -82.0, 46.0 ], [ -81.794894603121406, 45.836937363708124 ] ] } },
{ "type": "Feature", "properties": { "u": 14.682118857070858, "v": 2.2723127887072385, "speed": 14.856918238412639, "direction": 81.202283985957166, "timestamp": "20240716T13" }, "geometry": { "type": "LineString", "coordinates": [ [ -81.75, 41.0 ], [ -80.873693772274308, 41.102356431923752 ] ] } },
{ "type": "Feature", "properties": { "u": 15.591513933752369, "v": 3.0309838100949089, "speed": 15.883392887020447, "direction": 78.998935887965757, "timestamp": "20240716T13" }, "geometry": { "type": "LineString", "coordinates": [ [ -81.75, 41.25 ], [ -80.815864243313612, 41.38653080225653 ] ] } },
{ "type": "Feature", "properties": { "u": 17.909775621919632, "v": 3.3665586756668859, "speed": 18.223440403617936, "direction": 79.354152806938359, "timestamp": "20240716T13" }, "geometry": { "type": "LineString", "coordinates": [ [ -81.75, 41.5 ], [ -80.67283798996003, 41.651646787192199 ] ] } },
{ "type": "Feature", "properties": { "u": 19.853326584927288, "v": 3.108079000469842, "speed": 20.095141989071443, "direction": 81.102447814593248, "timestamp": "20240716T13" }, "geometry": { "type": "LineString", "coordinates": [ [ -81.75, 41.75 ], [ -80.551306682025526, 41.890003558579721 ] ] } },
{ "type": "Feature", "properties": { "u": 19.427908795367014, "v": 2.0219404847346292, "speed": 19.532841152400433, "direction": 84.058388523535129, "timestamp": "20240716T13" }, "geometry": { "type": "LineString", "coordinates": [ [ -81.75, 42.0 ], [ -80.57239504761921, 42.09107840021327 ] ] } },
{ "type": "Feature", "properties": { "u": 15.975358767915765, "v": -0.42942207876804295, "speed": 15.981129218092086, "direction": 91.539755681411222, "timestamp": "20240716T13" }, "geometry": { "type": "LineString", "coordinates": [ [ -81.75, 42.25 ], [ -80.777839594046796, 42.230656663118559 ] ] } },
{ "type": "Feature", "properties": { "u": 11.781427640346482, "v": -5.0909418299899958, "speed": 12.834318289689637, "direction": 113.36993888675264, "timestamp": "20240716T13" }, "geometry": { "type": "LineString", "coordinates": [ [ -81.75, 42.5 ], [ -81.030196321983212, 42.270678295946396 ] ] } },
{ "type": "Feature", "properties": { "u": 9.2176929917240944, "v": -10.365460377573694, "speed": 13.871143894024375, "direction": 138.35426476877524, "timestamp": "20240716T13" }, "geometry": { "type": "LineString", "coordinates": [ [ -81.75, 42.75 ], [ -81.184565343308506, 42.283087370379562 ] ] } },
{ "type": "Feature", "properties": { "u": 7.0058403121584094, "v": -12.954943075984268, "speed": 14.727944479168048, "direction": 151.59613742883346, "timestamp": "20240716T13" }, "geometry": { "type": "LineString", "coordinates": [ [ -81.75, 43.0 ], [ -81.318500997888023, 42.416444005586293 ] ] } },
{ "type": "Feature", "properties": { "u": 5.1210581640812372, "v": -12.58278854384573, "speed": 13.584984514493875, "direction": 157.85421114143452, "timestamp": "20240716T13" }, "geometry": { "type": "LineString", "coordinates": [ [ -81.75, 43.25 ], [ -81.433295593567408, 42.683207723250192 ] ] } },
{ "type": "Feature", "properties": { "u": 4.5132008421612735, "v": -10.70000237024464, "speed": 11.612882181651811, "direction": 157.13025631167486, "timestamp": "20240716T13" }, "geometry": { "type": "LineString", "coordinates": [ [ -81.75, 43.5 ], [ -81.469734604148229, 43.01801791125024 ] ] } },
{ "type": "Feature", "properties": { "u": 4.5217044570035885, "v": -8.4050945281582248, "speed": 9.5441827949679094, "direction": 151.72099827379705, "timestamp": "20240716T13" }, "geometry": { "type": "LineString", "coordinates": [ [ -81.75, 43.75 ], [ -81.468036347819279, 43.371392138371249 ] ] } },
{ "type": "Feature", "properties": { "u": 4.795553785411748, "v": -6.6689901317291866, "speed": 8.2141807556127109, "direction": 144.28075080284128, "timestamp": "20240716T13" }, "geometry": { "type": "LineString", "coordinates": [ [ -81.75, 44.0 ], [ -81.449702510304434, 43.699595039111301 ] ] } },
{ "type": "Feature", "properties": { "u": 5.5908620253170804, "v": -5.3903524693721856, "speed": 7.7661855456974127, "direction": 133.95393402809682, "timestamp": "20240716T13" }, "geometry": { "type": "LineString", "coordinates": [ [ -81.75, 44.25 ], [ -81.39841554028601, 44.007191330208457 ] ] } },
{ "type": "Feature", "properties": { "u": 7.066679148483427, "v": -4.2347067395540146, "speed": 8.2383672749905159, "direction": 120.93214472411699, "timestamp": "20240716T13" }, "geometry": { "type": "LineString", "coordinates": [ [ -81.75, 44.5 ], [ -81.303706722596814, 44.309247444164235 ] ] } },
{ "type": "Feature", "properties": { "u": 8.660217216642268, "v": -3.2268530876290829, "speed": 9.241858205391841, "direction": 110.43571981499311, "timestamp": "20240716T13" }, "geometry": { "type": "LineString", "coordinates": [ [ -81.75, 44.75 ], [ -81.200706973117889, 44.604646257314002 ] ] } },
{ "type": "Feature", "properties": { "u": 9.5298109360047949, "v": -2.9188806097357709, "speed": 9.9668029221956651, "direction": 107.02927414261794, "timestamp": "20240716T13" }, "geometry": { "type": "LineString", "coordinates": [ [ -81.75, 45.0 ], [ -81.142919465200478, 44.868518891453341 ] ] } },
{ "type": "Feature", "properties": { "u": 9.0637811666733494, "v": -3.2500511436725521, "speed": 9.6288608606537558, "direction": 109.72659699348802, "timestamp": "20240716T13" }, "geometry": { "type": "LineString", "coordinates": [ [ -81.75, 45.25 ], [ -81.17007117642784, 45.103601299834573 ] ] } },
{ "type": "Feature", "properties": { "u": 7.2983039894184421, "v": -3.3298028870681562, "speed": 8.0220214652348432, "direction": 114.52452898271393, "timestamp": "20240716T13" }, "geometry": { "type": "LineString", "coordinates": [ [ -81.75, 45.5 ], [ -81.280962923875492, 45.350008878960892 ] ] } },
{ "type": "Feature", "properties": { "u": 5.2413562549469859, "v": -3.3984636209578301, "speed": 6.2467087633605667, "direction": 122.95913073014484, "timestamp": "20240716T13" }, "geometry": { "type": "LineString", "coordinates": [ [ -81.75, 45.75 ], [ -81.411650391931715, 45.596916053110007 ] ] } },
{ "type": "Feature", "properties": { "u": 3.518241562111001, "v": -3.6999339972435736, "speed": 5.1056375971394665, "direction": 136.4419172542581, "timestamp": "20240716T13" }, "geometry": { "type": "LineString", "coordinates": [ [ -81.75, 46.0 ], [ -81.521860015823421, 45.833336306430468 ] ] } },
{ "type": "Feature", "properties": { "u": 15.433026828049677, "v": 3.4070480491383264, "speed": 15.804628862597133, "direction": 77.550865795367329, "timestamp": "20240716T13" }, "geometry": { "type": "LineString", "coordinates": [ [ -81.5, 41.0 ], [ -80.578875627303304, 41.153470632844069 ] ] } },
{ "type": "Feature", "properties": { "u": 15.487657724228155, "v": 4.2507309903590844, "speed": 16.060394009339969, "direction": 74.652556863480896, "timestamp": "20240716T13" }, "geometry": { "type": "LineString", "coordinates": [ [ -81.5, 41.25 ], [ -80.572086589602932, 41.441474368935097 ] ] } },
{ "type": "Feature", "properties": { "u": 17.174622424418587, "v": 4.9001819355668088, "speed": 17.859995476567093, "direction": 74.075743119071248, "timestamp": "20240716T13" }, "geometry": { "type": "LineString", "coordinates": [ [ -81.5, 41.5 ], [ -80.467052898768728, 41.720728916016526 ] ] } },
{ "type": "Feature", "properties": { "u": 19.259055814712116, "v": 5.8427007644323989, "speed": 20.125813849305462, "direction": 73.123555977848184, "timestamp": "20240716T13" }, "geometry": { "type": "LineString", "coordinates": [ [ -81.5, 41.75 ], [ -80.33718723827775, 42.013184719118577 ] ] } },
{ "type": "Feature", "properties": { "u": 19.701687023298806, "v": 6.4839046663912452, "speed": 20.741202744461827, "direction": 71.783416107347279, "timestamp": "20240716T13" }, "geometry": { "type": "LineString", "coordinates": [ [ -81.5, 42.0 ], [ -80.305800230314773, 42.292067777765368 ] ] } },
{ "type": "Feature", "properties": { "u": 16.909952532958489, "v": 5.2214934857196305, "speed": 17.697753780870659, "direction": 72.840239517244669, "timestamp": "20240716T13" }, "geometry": { "type": "LineString", "coordinates": [ [ -81.5, 42.25 ], [ -80.470966063553689, 42.485202409266648 ] ] } },
{ "type": "Feature", "properties": { "u": 12.527168887385798, "v": 0.79217128141301352, "speed": 12.552190871404971, "direction": 86.381647235181347, "timestamp": "20240716T13" }, "geometry": { "type": "LineString", "coordinates": [ [ -81.5, 42.5 ], [ -80.734634161873743, 42.53568339105464 ] ] } },
{ "type": "Feature", "properties": { "u": 9.8822372474328759, "v": -5.0623405646929385, "speed": 11.103418618042163, "direction": 117.12454983339931, "timestamp": "20240716T13" }, "geometry": { "type": "LineString", "coordinates": [ [ -81.5, 42.75 ], [ -80.893800658107949, 42.521966641230051 ] ] } },
{ "type": "Feature", "properties": { "u": 7.7723853524930648, "v": -8.921998483978383, "speed": 11.832667958485157, "direction": 138.93929843704336, "timestamp": "20240716T13" }, "geometry": { "type": "LineString", "coordinates": [ [ -81.5, 43.0 ], [ -81.021288471589898, 42.598108176397368 ] ] } },
{ "type": "Feature", "properties": { "u": 5.6152282236197824, "v": -10.762498603406518, "speed": 12.139281864742388, "direction": 152.44714004568166, "timestamp": "20240716T13" }, "geometry": { "type": "LineString", "coordinates": [ [ -81.5, 43.25 ], [ -81.152734363765205, 42.765202765612322 ] ] } },
{ "type": "Feature", "properties": { "u": 4.7460147837267996, "v": -10.949640947115709, "speed": 11.933955471598942, "direction": 156.56615140349246, "timestamp": "20240716T13" }, "geometry": { "type": "LineString", "coordinates": [ [ -81.5, 43.5 ], [ -81.205277084136455, 43.006772930310106 ] ] } },
{ "type": "Feature", "properties": { "u": 4.8075688035266095, "v": -9.3560540127321214, "speed": 10.518957386062704, "direction": 152.8038263707387, "timestamp": "20240716T13" }, "geometry": { "type": "LineString", "coordinates": [ [ -81.5, 43.75 ], [ -81.200210469117934, 43.328556125552609 ] ] } },
{ "type": "Feature", "properties": { "u": 4.8623523432630016, "v": -7.4107624924155227, "speed": 8.8635134697831841, "direction": 146.73030317526556, "timestamp": "20240716T13" }, "geometry": { "type": "LineString", "coordinates": [ [ -81.5, 44.0 ], [ -81.195519585842391, 43.666181869711011 ] ] } },
{ "type": "Feature", "properties": { "u": 5.438388081125292, "v": -5.8933839191141759, "speed": 8.0192293232578908, "direction": 137.29931780092537, "timestamp": "20240716T13" }, "geometry": { "type": "LineString", "coordinates": [ [ -81.5, 44.25 ], [ -81.158003948843827, 43.984532255895758 ] ] } },
{ "type": "Feature", "properties": { "u": 6.8948449919933079, "v": -4.5112544190255344, "speed": 8.2395572633966569, "direction": 123.19647554637716, "timestamp": "20240716T13" }, "geometry": { "type": "LineString", "coordinates": [ [ -81.5, 44.5 ], [ -81.064558839589594, 44.296790341485334 ] ] } },
{ "type": "Feature", "properties": { "u": 8.5614491436334887, "v": -3.3919062364626553, "speed": 9.2088782897797525, "direction": 111.61266151228858, "timestamp": "20240716T13" }, "geometry": { "type": "LineString", "coordinates": [ [ -81.5, 44.75 ], [ -80.956971551987579, 44.597211430789969 ] ] } },
{ "type": "Feature", "properties": { "u": 9.5318501648625666, "v": -2.9999594718947553, "speed": 9.9927936233268415, "direction": 107.47035428363458, "timestamp": "20240716T13" }, "geometry": { "type": "LineString", "coordinates": [ [ -81.5, 45.0 ], [ -80.892789559565003, 44.864866690455194 ] ] } },
{ "type": "Feature", "properties": { "u": 9.0219952033094124, "v": -3.1616201721460127, "speed": 9.559928847091836, "direction": 109.31223154938648, "timestamp": "20240716T13" }, "geometry": { "type": "LineString", "coordinates": [ [ -81.5, 45.25 ], [ -80.922744771931733, 45.107584676930358 ] ] } },
{ "type": "Feature", "properties": { "u": 7.4180676998946655, "v": -3.2700191555913589, "speed": 8.1068337640631896, "direction": 113.78875766991477, "timestamp": "20240716T13" }, "geometry": { "type": "LineString", "coordinates": [ [ -81.5, 45.5 ], [ -81.023266119156332, 45.352701839838225 ] ] } },
{ "type": "Feature", "properties": { "u": 5.6097706605168662, "v": -3.4155165265982985, "speed": 6.5677454280035814, "direction": 121.33520219263551, "timestamp": "20240716T13" }, "geometry": { "type": "LineString", "coordinates": [ [ -81.5, 45.75 ], [ -81.137867831909475, 45.596147904207285 ] ] } },
{ "type": "Feature", "properties": { "u": 4.2243724622121919, "v": -3.7710150014118775, "speed": 5.6626740008912853, "direction": 131.75466831490567, "timestamp": "20240716T13" }, "geometry": { "type": "LineString", "coordinates": [ [ -81.5, 46.0 ], [ -81.226071035865203, 45.830134459395865 ] ] } },
{ "type": "Feature", "properties": { "u": 16.275468312369739, "v": 4.6422705005425415, "speed": 16.924584018142337, "direction": 74.080199961035206, "timestamp": "20240716T13" }, "geometry": { "type": "LineString", "coordinates": [ [ -81.25, 41.0 ], [ -80.278594279877169, 41.20911128380822 ] ] } },
{ "type": "Feature", "properties": { "u": 15.830170892969393, "v": 5.218180575271723, "speed": 16.66804484685467, "direction": 71.755964139909139, "timestamp": "20240716T13" }, "geometry": { "type": "LineString", "coordinates": [ [ -81.25, 41.25 ], [ -80.301565567756256, 41.485053179066291 ] ] } },
{ "type": "Feature", "properties": { "u": 16.572666836534399, "v": 5.9903732776061744, "speed": 17.622084385220305, "direction": 70.127051381404101, "timestamp": "20240716T13" }, "geometry": { "type": "LineString", "coordinates": [ [ -81.25, 41.5 ], [ -80.253256796834691, 41.769836634126406 ] ] } },
{ "type": "Feature", "properties": { "u": 18.55144474256511, "v": 7.5654422036131619, "speed": 20.03477022011128, "direction": 67.813933260216913, "timestamp": "20240716T13" }, "geometry": { "type": "LineString", "coordinates": [ [ -81.25, 41.75 ], [ -80.129910993426748, 42.09078568484744 ] ] } },
{ "type": "Feature", "properties": { "u": 19.380682121869452, "v": 9.0769416596699291, "speed": 21.400974496550425, "direction": 64.903959683803137, "timestamp": "20240716T13" }, "geometry": { "type": "LineString", "coordinates": [ [ -81.25, 42.0 ], [ -80.075257649311496, 42.408871245931081 ] ] } },
{ "type": "Feature", "properties": { "u": 17.071314607844773, "v": 8.5072126609721526, "speed": 19.073606101076411, "direction": 63.511373820180424, "timestamp": "20240716T13" }, "geometry": { "type": "LineString", "coordinates": [ [ -81.25, 42.25 ], [ -80.21114657702411, 42.633207777521271 ] ] } },
{ "type": "Feature", "properties": { "u": 12.64783107601678, "v": 4.6799471157091848, "speed": 13.485901376374162, "direction": 69.694531671171717, "timestamp": "20240716T13" }, "geometry": { "type": "LineString", "coordinates": [ [ -81.25, 42.5 ], [ -80.477262127700499, 42.710808428635552 ] ] } },
{ "type": "Feature", "properties": { "u": 9.7663061704524292, "v": -0.19672045830072799, "speed": 9.7682872169961943, "direction": 91.153939658728063, "timestamp": "20240716T13" }, "geometry": { "type": "LineString", "coordinates": [ [ -81.25, 42.75 ], [ -80.650912139122894, 42.741138718094561 ] ] } },
{ "type": "Feature", "properties": { "u": 7.3573171961519135, "v": -3.6361195308416776, "speed": 8.2067948413105185, "direction": 116.29941723479557, "timestamp": "20240716T13" }, "geometry": { "type": "LineString", "coordinates": [ [ -81.25, 43.0 ], [ -80.796853070166151, 42.836210831944065 ] ] } },
{ "type": "Feature", "properties": { "u": 4.5246542207128186, "v": -7.2482925800779165, "speed": 8.5446030418871359, "direction": 148.02605401683235, "timestamp": "20240716T13" }, "geometry": { "type": "LineString", "coordinates": [ [ -81.25, 43.25 ], [ -80.970179329472501, 42.923500334230724 ] ] } },
{ "type": "Feature", "properties": { "u": 3.849168192808714, "v": -10.048790621730356, "speed": 10.760775470936389, "direction": 159.04076656644932, "timestamp": "20240716T13" }, "geometry": { "type": "LineString", "coordinates": [ [ -81.25, 43.5 ], [ -81.010970387761205, 43.047351773795931 ] ] } },
{ "type": "Feature", "properties": { "u": 4.6197765240405531, "v": -10.086786334199408, "speed": 11.094394696596481, "direction": 155.39208699362666, "timestamp": "20240716T13" }, "geometry": { "type": "LineString", "coordinates": [ [ -81.25, 43.75 ], [ -80.961920787091771, 43.295640255216242 ] ] } },
{ "type": "Feature", "properties": { "u": 4.9867603178612931, "v": -8.3661597232833653, "speed": 9.7396307416290107, "direction": 149.20238406557121, "timestamp": "20240716T13" }, "geometry": { "type": "LineString", "coordinates": [ [ -81.25, 44.0 ], [ -80.937729160764974, 43.62314595841066 ] ] } },
{ "type": "Feature", "properties": { "u": 5.4029526212258165, "v": -6.3522574329878445, "speed": 8.3392488583900786, "direction": 139.6169639925902, "timestamp": "20240716T13" }, "geometry": { "type": "LineString", "coordinates": [ [ -81.25, 44.25 ], [ -80.910232327395661, 43.963862277793339 ] ] } },
{ "type": "Feature", "properties": { "u": 6.7344898181830599, "v": -4.5489576410236134, "speed": 8.1268917016925002, "direction": 124.03791488533211, "timestamp": "20240716T13" }, "geometry": { "type": "LineString", "coordinates": [ [ -81.25, 44.5 ], [ -80.824686006051323, 44.295091998152088 ] ] } },
{ "type": "Feature", "properties": { "u": 8.4771782892133096, "v": -3.4069765298358901, "speed": 9.1361940008934841, "direction": 111.89518620295318, "timestamp": "20240716T13" }, "geometry": { "type": "LineString", "coordinates": [ [ -81.25, 44.75 ], [ -80.712316613380892, 44.596532588746129 ] ] } },
{ "type": "Feature", "properties": { "u": 9.3861650299817967, "v": -3.1140914380664815, "speed": 9.8892699151500647, "direction": 108.35453490766379, "timestamp": "20240716T13" }, "geometry": { "type": "LineString", "coordinates": [ [ -81.25, 45.0 ], [ -80.652070185402152, 44.859725610897904 ] ] } },
{ "type": "Feature", "properties": { "u": 8.9520708474838262, "v": -3.3764360625899568, "speed": 9.5676482451607594, "direction": 110.66487818971433, "timestamp": "20240716T13" }, "geometry": { "type": "LineString", "coordinates": [ [ -81.25, 45.25 ], [ -80.677218749035461, 45.097908285468918 ] ] } },
{ "type": "Feature", "properties": { "u": 7.5797324901282987, "v": -3.464845060668913, "speed": 8.3341163848573832, "direction": 114.5660739680805, "timestamp": "20240716T13" }, "geometry": { "type": "LineString", "coordinates": [ [ -81.25, 45.5 ], [ -80.762876475119384, 45.343925898168067 ] ] } },
{ "type": "Feature", "properties": { "u": 6.0630947446065955, "v": -3.4830895177925667, "speed": 6.9923551448015404, "direction": 119.87624201046064, "timestamp": "20240716T13" }, "geometry": { "type": "LineString", "coordinates": [ [ -81.25, 45.75 ], [ -80.85860402713854, 45.593104075775109 ] ] } },
{ "type": "Feature", "properties": { "u": 4.9580045541866307, "v": -3.6134591326639192, "speed": 6.1350546910983326, "direction": 126.08505935497968, "timestamp": "20240716T13" }, "geometry": { "type": "LineString", "coordinates": [ [ -81.25, 46.0 ], [ -80.928498744167854, 45.837231570600721 ] ] } },
{ "type": "Feature", "properties": { "u": 16.667185474463182, "v": 6.1817530600377468, "speed": 17.776645986671461, "direction": 69.650503154352748, "timestamp": "20240716T13" }, "geometry": { "type": "LineString", "coordinates": [ [ -81.0, 41.0 ], [ -80.005214535305484, 41.278457345046746 ] ] } },
{ "type": "Feature", "properties": { "u": 15.985991887050414, "v": 6.4003786994591421, "speed": 17.21966271764148, "direction": 68.180110112497957, "timestamp": "20240716T13" }, "geometry": { "type": "LineString", "coordinates": [ [ -81.0, 41.25 ], [ -80.042229850722492, 41.538305346822483 ] ] } },
{ "type": "Feature", "properties": { "u": 16.492843651699818, "v": 7.0691372824163032, "speed": 17.943984887339354, "direction": 66.799132862323347, "timestamp": "20240716T13" }, "geometry": { "type": "LineString", "coordinates": [ [ -81.0, 41.5 ], [ -80.008057666708169, 41.818429607316048 ] ] } },
{ "type": "Feature", "properties": { "u": 18.289054613059154, "v": 8.7193075247172764, "speed": 20.261190546215481, "direction": 64.510526136335713, "timestamp": "20240716T13" }, "geometry": { "type": "LineString", "coordinates": [ [ -81.0, 41.75 ], [ -79.895753441471697, 42.142761600212488 ] ] } },
{ "type": "Feature", "properties": { "u": 18.725797253249926, "v": 10.136813402997509, "speed": 21.293437222229116, "direction": 61.572040362904609, "timestamp": "20240716T13" }, "geometry": { "type": "LineString", "coordinates": [ [ -81.0, 42.0 ], [ -79.864952897660075, 42.456613216351236 ] ] } },
{ "type": "Feature", "properties": { "u": 16.534315212493052, "v": 9.639234849482758, "speed": 19.138924421961701, "direction": 59.758515296949327, "timestamp": "20240716T13" }, "geometry": { "type": "LineString", "coordinates": [ [ -81.0, 42.25 ], [ -79.993825001200108, 42.68419976799472 ] ] } },
{ "type": "Feature", "properties": { "u": 12.56991466953844, "v": 6.4709537721377188, "speed": 14.13775079426077, "direction": 62.760728324337947, "timestamp": "20240716T13" }, "geometry": { "type": "LineString", "coordinates": [ [ -81.0, 42.5 ], [ -80.232022545340286, 42.791484404150346 ] ] } },
{ "type": "Feature", "properties": { "u": 9.73774719359964, "v": 3.1777528824146968, "speed": 10.243135935256966, "direction": 71.926762054098106, "timestamp": "20240716T13" }, "geometry": { "type": "LineString", "coordinates": [ [ -81.0, 42.75 ], [ -80.402664012968856, 42.893142021730391 ] ] } },
{ "type": "Feature", "properties": { "u": 6.4066735428565922, "v": 0.63309658214284192, "speed": 6.4378783125389685, "direction": 84.356450791360885, "timestamp": "20240716T13" }, "geometry": { "type": "LineString", "coordinates": [ [ -81.0, 43.0 ], [ -80.60540447434947, 43.02851786406049 ] ] } },
{ "type": "Feature", "properties": { "u": 2.715195965607704, "v": -4.1947106397417233, "speed": 4.9967876163405993, "direction": 147.08540512992505, "timestamp": "20240716T13" }, "geometry": { "type": "LineString", "coordinates": [ [ -81.0, 43.25 ], [ -80.832082647944262, 43.061049070281904 ] ] } },
{ "type": "Feature", "properties": { "u": 2.2112576803102573, "v": -9.1111198403372473, "speed": 9.3756154610627096, "direction": 166.3581492890894, "timestamp": "20240716T13" }, "geometry": { "type": "LineString", "coordinates": [ [ -81.0, 43.5 ], [ -80.86268304230714, 43.089589196381205 ] ] } },
{ "type": "Feature", "properties": { "u": 3.7909370443979742, "v": -10.483999293036646, "speed": 11.148338210288641, "direction": 160.1203821999365, "timestamp": "20240716T13" }, "geometry": { "type": "LineString", "coordinates": [ [ -81.0, 43.75 ], [ -80.76360541375719, 43.277747779592943 ] ] } },
{ "type": "Feature", "properties": { "u": 4.8058923419636912, "v": -9.0792870183744778, "speed": 10.272782192014418, "direction": 152.10661826518626, "timestamp": "20240716T13" }, "geometry": { "type": "LineString", "coordinates": [ [ -81.0, 44.0 ], [ -80.699055110083606, 43.591023107280428 ] ] } },
{ "type": "Feature", "properties": { "u": 5.4997330344255628, "v": -6.7826477892531445, "speed": 8.7322033006001618, "direction": 140.96301478124283, "timestamp": "20240716T13" }, "geometry": { "type": "LineString", "coordinates": [ [ -81.0, 44.25 ], [ -80.654146237427483, 43.944475324808415 ] ] } },
{ "type": "Feature", "properties": { "u": 6.6031606607510449, "v": -4.4468017987986723, "speed": 7.9608904620958878, "direction": 123.95771804348949, "timestamp": "20240716T13" }, "geometry": { "type": "LineString", "coordinates": [ [ -81.0, 44.5 ], [ -80.582980046131169, 44.299693612666729 ] ] } },
{ "type": "Feature", "properties": { "u": 8.2297576904818541, "v": -3.3939550464507993, "speed": 8.9021257293622895, "direction": 112.4112685863213, "timestamp": "20240716T13" }, "geometry": { "type": "LineString", "coordinates": [ [ -81.0, 44.75 ], [ -80.47800980053664, 44.597119142051767 ] ] } },
{ "type": "Feature", "properties": { "u": 9.1423612212366034, "v": -3.3357824449297677, "speed": 9.7319172427365235, "direction": 110.0455594434802, "timestamp": "20240716T13" }, "geometry": { "type": "LineString", "coordinates": [ [ -81.0, 45.0 ], [ -80.417601295892496, 44.849739529507666 ] ] } },
{ "type": "Feature", "properties": { "u": 8.7822893369218296, "v": -3.5131758551602785, "speed": 9.4589117020242881, "direction": 111.80287242753373, "timestamp": "20240716T13" }, "geometry": { "type": "LineString", "coordinates": [ [ -81.0, 45.25 ], [ -80.438081896531401, 45.091748835353144 ] ] } },
{ "type": "Feature", "properties": { "u": 7.6233458067314261, "v": -3.4086240402290011, "speed": 8.3506957277005789, "direction": 114.09083493714606, "timestamp": "20240716T13" }, "geometry": { "type": "LineString", "coordinates": [ [ -81.0, 45.5 ], [ -80.510073596186245, 45.346458376566261 ] ] } },
{ "type": "Feature", "properties": { "u": 6.3471520865554378, "v": -3.1374445298305735, "speed": 7.0802470145912872, "direction": 116.30352999073645, "timestamp": "20240716T13" }, "geometry": { "type": "LineString", "coordinates": [ [ -81.0, 45.75 ], [ -80.590267038458066, 45.608673669827454 ] ] } },
{ "type": "Feature", "properties": { "u": 5.4590640936095101, "v": -3.0744507705855431, "speed": 6.2652716077509893, "direction": 119.38746148482052, "timestamp": "20240716T13" }, "geometry": { "type": "LineString", "coordinates": [ [ -81.0, 46.0 ], [ -80.646007593865249, 45.861511226550199 ] ] } },
{ "type": "Feature", "properties": { "u": 16.56241893119579, "v": 7.7783627349188453, "speed": 18.297995728724139, "direction": 64.843405442762915, "timestamp": "20240716T13" }, "geometry": { "type": "LineString", "coordinates": [ [ -80.75, 41.0 ], [ -79.761467554724291, 41.350376699771118 ] ] } },
{ "type": "Feature", "properties": { "u": 16.109787885206153, "v": 7.7959014148350008, "speed": 17.896964674943103, "direction": 64.176579364929069, "timestamp": "20240716T13" }, "geometry": { "type": "LineString", "coordinates": [ [ -80.75, 41.25 ], [ -79.784812850109006, 41.601166730397971 ] ] } },
{ "type": "Feature", "properties": { "u": 16.510231985669591, "v": 8.3019112904594312, "speed": 18.479975413817115, "direction": 63.305180461184825, "timestamp": "20240716T13" }, "geometry": { "type": "LineString", "coordinates": [ [ -80.75, 41.5 ], [ -79.757011866181941, 41.873959968038712 ] ] } },
{ "type": "Feature", "properties": { "u": 17.734671908251133, "v": 9.5814545795802815, "speed": 20.157451712800203, "direction": 61.619119348810734, "timestamp": "20240716T13" }, "geometry": { "type": "LineString", "coordinates": [ [ -80.75, 41.75 ], [ -79.679225657878931, 42.181597053134247 ] ] } },
{ "type": "Feature", "properties": { "u": 17.455441598357144, "v": 10.522177412859534, "speed": 20.381576457706807, "direction": 58.918337669538516, "timestamp": "20240716T13" }, "geometry": { "type": "LineString", "coordinates": [ [ -80.75, 42.0 ], [ -79.691954345744051, 42.473971955534211 ] ] } },
{ "type": "Feature", "properties": { "u": 15.236482429146129, "v": 9.8119271901798868, "speed": 18.122480845598101, "direction": 57.21944159005087, "timestamp": "20240716T13" }, "geometry": { "type": "LineString", "coordinates": [ [ -80.75, 42.25 ], [ -79.822802986223635, 42.691978702260357 ] ] } },
{ "type": "Feature", "properties": { "u": 12.180877118147487, "v": 7.3997778465421851, "speed": 14.252385047618715, "direction": 58.721680071557394, "timestamp": "20240716T13" }, "geometry": { "type": "LineString", "coordinates": [ [ -80.75, 42.5 ], [ -80.005791367670341, 42.833323326420818 ] ] } },
{ "type": "Feature", "properties": { "u": 9.6513440301182332, "v": 5.5037937611886631, "speed": 11.110363961337995, "direction": 60.305535239788654, "timestamp": "20240716T13" }, "geometry": { "type": "LineString", "coordinates": [ [ -80.75, 42.75 ], [ -80.157964183317773, 42.997918637891381 ] ] } },
{ "type": "Feature", "properties": { "u": 5.5224365690071187, "v": 3.4293700156487876, "speed": 6.5006064611648418, "direction": 58.160191407644838, "timestamp": "20240716T13" }, "geometry": { "type": "LineString", "coordinates": [ [ -80.75, 43.0 ], [ -80.409865803018988, 43.154476126831028 ] ] } },
{ "type": "Feature", "properties": { "u": 1.107103164636962, "v": -2.2519880833661912, "speed": 2.5094078474358263, "direction": 153.82073954330525, "timestamp": "20240716T13" }, "geometry": { "type": "LineString", "coordinates": [ [ -80.75, 43.25 ], [ -80.681532812285695, 43.148559095343863 ] ] } },
{ "type": "Feature", "properties": { "u": 0.69259379096291618, "v": -8.3512621894051691, "speed": 8.3799323574518674, "direction": 175.25914807017497, "timestamp": "20240716T13" }, "geometry": { "type": "LineString", "coordinates": [ [ -80.75, 43.5 ], [ -80.706990597188721, 43.123817018495259 ] ] } },
{ "type": "Feature", "properties": { "u": 2.759083028081085, "v": -10.391970954339245, "speed": 10.75200443971614, "direction": 165.1309322422062, "timestamp": "20240716T13" }, "geometry": { "type": "LineString", "coordinates": [ [ -80.75, 43.75 ], [ -80.577949585236027, 43.281893200254991 ] ] } },
{ "type": "Feature", "properties": { "u": 4.3995979728521473, "v": -9.6146487790528461, "speed": 10.573454188072464, "direction": 155.41148938225317, "timestamp": "20240716T13" }, "geometry": { "type": "LineString", "coordinates": [ [ -80.75, 44.0 ], [ -80.474497255992347, 43.566907712655279 ] ] } },
{ "type": "Feature", "properties": { "u": 5.5436832977080233, "v": -7.2844845674729672, "speed": 9.1540231548231681, "direction": 142.72791613310343, "timestamp": "20240716T13" }, "geometry": { "type": "LineString", "coordinates": [ [ -80.75, 44.25 ], [ -80.401382400741753, 43.921870064528242 ] ] } },
{ "type": "Feature", "properties": { "u": 6.4261646933581433, "v": -4.5762122351553751, "speed": 7.8890627508816609, "direction": 125.45549836105259, "timestamp": "20240716T13" }, "geometry": { "type": "LineString", "coordinates": [ [ -80.75, 44.5 ], [ -80.344158155213975, 44.293864313731738 ] ] } },
{ "type": "Feature", "properties": { "u": 7.6802155301600079, "v": -3.4433843762452239, "speed": 8.4168050085695025, "direction": 114.14882882727034, "timestamp": "20240716T13" }, "geometry": { "type": "LineString", "coordinates": [ [ -80.75, 44.75 ], [ -80.262865701848497, 44.594892595664632 ] ] } },
{ "type": "Feature", "properties": { "u": 8.6031637959146643, "v": -3.3794775105540773, "speed": 9.2431215259606745, "direction": 111.44579294326944, "timestamp": "20240716T13" }, "geometry": { "type": "LineString", "coordinates": [ [ -80.75, 45.0 ], [ -80.201949958581096, 44.847771283308376 ] ] } },
{ "type": "Feature", "properties": { "u": 8.4811876957704069, "v": -3.3314304046233874, "speed": 9.1120235552667719, "direction": 111.44501630926425, "timestamp": "20240716T13" }, "geometry": { "type": "LineString", "coordinates": [ [ -80.75, 45.25 ], [ -80.207347313173486, 45.09993556735931 ] ] } },
{ "type": "Feature", "properties": { "u": 7.6242445177411104, "v": -2.75043883996265, "speed": 8.1051846542000785, "direction": 109.83685989053259, "timestamp": "20240716T13" }, "geometry": { "type": "LineString", "coordinates": [ [ -80.75, 45.5 ], [ -80.260015839098443, 45.376106358560243 ] ] } },
{ "type": "Feature", "properties": { "u": 6.6053144435300357, "v": -2.1301758707777863, "speed": 6.9403046142334706, "direction": 107.87421250740547, "timestamp": "20240716T13" }, "geometry": { "type": "LineString", "coordinates": [ [ -80.75, 45.75 ], [ -80.323601670173304, 45.654046131946949 ] ] } },
{ "type": "Feature", "properties": { "u": 5.9115724061489203, "v": -2.037461679404696, "speed": 6.2528344299352705, "direction": 109.01684324972568, "timestamp": "20240716T13" }, "geometry": { "type": "LineString", "coordinates": [ [ -80.75, 46.0 ], [ -80.366664742489064, 45.908222446873665 ] ] } },
{ "type": "Feature", "properties": { "u": 16.038122172228295, "v": 9.2532716658594723, "speed": 18.516057877785936, "direction": 60.016996690482479, "timestamp": "20240716T13" }, "geometry": { "type": "LineString", "coordinates": [ [ -80.5, 41.0 ], [ -79.542760348328017, 41.416814039002681 ] ] } },
{ "type": "Feature", "properties": { "u": 16.055363570050115, "v": 9.0982303048391131, "speed": 18.454064431620075, "direction": 60.460701945443063, "timestamp": "20240716T13" }, "geometry": { "type": "LineString", "coordinates": [ [ -80.5, 41.25 ], [ -79.538073578928305, 41.659830193911674 ] ] } },
{ "type": "Feature", "properties": { "u": 16.312250467147958, "v": 9.5951829910167206, "speed": 18.925037699673556, "direction": 59.535129536745053, "timestamp": "20240716T13" }, "geometry": { "type": "LineString", "coordinates": [ [ -80.5, 41.5 ], [ -79.518919227555045, 41.932215450045796 ] ] } },
{ "type": "Feature", "properties": { "u": 16.781575158330501, "v": 10.511093200418832, "speed": 19.801624808651091, "direction": 57.939142348200498, "timestamp": "20240716T13" }, "geometry": { "type": "LineString", "coordinates": [ [ -80.5, 41.75 ], [ -79.486771213311457, 42.223472666685531 ] ] } },
{ "type": "Feature", "properties": { "u": 15.863416825224657, "v": 11.10918948712526, "speed": 19.36651967782738, "direction": 54.99635161825578, "timestamp": "20240716T13" }, "geometry": { "type": "LineString", "coordinates": [ [ -80.5, 42.0 ], [ -79.538453473720239, 42.500413940861499 ] ] } },
{ "type": "Feature", "properties": { "u": 13.575910410372742, "v": 9.9769140615822245, "speed": 16.847675141177909, "direction": 53.687895371121066, "timestamp": "20240716T13" }, "geometry": { "type": "LineString", "coordinates": [ [ -80.5, 42.25 ], [ -79.673855012117883, 42.699410543314514 ] ] } },
{ "type": "Feature", "properties": { "u": 11.427647313092626, "v": 8.0955042566233306, "speed": 14.004581831723486, "direction": 54.68571262885542, "timestamp": "20240716T13" }, "geometry": { "type": "LineString", "coordinates": [ [ -80.5, 42.5 ], [ -79.801811052263886, 42.864662353901949 ] ] } },
{ "type": "Feature", "properties": { "u": 9.0397373852879372, "v": 7.2877805795929183, "speed": 11.611571718387829, "direction": 51.124453868915793, "timestamp": "20240716T13" }, "geometry": { "type": "LineString", "coordinates": [ [ -80.5, 42.75 ], [ -79.945481552746358, 43.07827840448617 ] ] } },
{ "type": "Feature", "properties": { "u": 4.2812643336933967, "v": 5.2597448481234492, "speed": 6.7818979764013205, "direction": 39.144488750451238, "timestamp": "20240716T13" }, "geometry": { "type": "LineString", "coordinates": [ [ -80.5, 43.0 ], [ -80.236311248122476, 43.236925443609167 ] ] } },
{ "type": "Feature", "properties": { "u": -0.25721638013080961, "v": -0.95161063130840706, "speed": 0.98576014315186333, "direction": -164.87462822422981, "timestamp": "20240716T13" }, "geometry": { "type": "LineString", "coordinates": [ [ -80.5, 43.25 ], [ -80.515907173553586, 43.207134656247369 ] ] } },
{ "type": "Feature", "properties": { "u": -0.41971818016917417, "v": -7.1429933322783512, "speed": 7.1553139061635518, "direction": -176.63719960385711, "timestamp": "20240716T13" }, "geometry": { "type": "LineString", "coordinates": [ [ -80.5, 43.5 ], [ -80.526064091988204, 43.178243543591066 ] ] } },
{ "type": "Feature", "properties": { "u": 2.0380675380157767, "v": -9.840022622670519, "speed": 10.048868817144609, "direction": 168.2983428029136, "timestamp": "20240716T13" }, "geometry": { "type": "LineString", "coordinates": [ [ -80.5, 43.75 ], [ -80.37291054250133, 43.306755737717545 ] ] } },
{ "type": "Feature", "properties": { "u": 3.976849928691446, "v": -9.7685129010291476, "speed": 10.546998608746758, "direction": 157.84831725119938, "timestamp": "20240716T13" }, "geometry": { "type": "LineString", "coordinates": [ [ -80.5, 44.0 ], [ -80.250969730729551, 43.559976896350037 ] ] } },
{ "type": "Feature", "properties": { "u": 5.1621403433996305, "v": -7.8117959498704277, "speed": 9.3633246706159916, "direction": 146.54273300161987, "timestamp": "20240716T13" }, "geometry": { "type": "LineString", "coordinates": [ [ -80.5, 44.25 ], [ -80.175375941065369, 43.898117299555388 ] ] } },
{ "type": "Feature", "properties": { "u": 5.9699134011631392, "v": -4.8935925424388209, "speed": 7.7192690061171003, "direction": 129.34178623827097, "timestamp": "20240716T13" }, "geometry": { "type": "LineString", "coordinates": [ [ -80.5, 44.5 ], [ -80.12297252193909, 44.279567903493749 ] ] } },
{ "type": "Feature", "properties": { "u": 6.9243229716155552, "v": -3.5727912647410869, "speed": 7.7917319022572311, "direction": 117.29269248139127, "timestamp": "20240716T13" }, "geometry": { "type": "LineString", "coordinates": [ [ -80.5, 44.75 ], [ -80.060809823929247, 44.589063456543194 ] ] } },
{ "type": "Feature", "properties": { "u": 7.828699546092591, "v": -3.2240467725737201, "speed": 8.4665822014986283, "direction": 112.38304235558107, "timestamp": "20240716T13" }, "geometry": { "type": "LineString", "coordinates": [ [ -80.5, 45.0 ], [ -80.001285897575301, 44.854772667902083 ] ] } },
{ "type": "Feature", "properties": { "u": 8.0749994197508492, "v": -2.7807181951756501, "speed": 8.5403752440953937, "direction": 109.00173120054332, "timestamp": "20240716T13" }, "geometry": { "type": "LineString", "coordinates": [ [ -80.5, 45.25 ], [ -79.983336498561911, 45.12474242364074 ] ] } },
{ "type": "Feature", "properties": { "u": 7.6832366442542535, "v": -1.7708265225339237, "speed": 7.8846656178002217, "direction": 102.9788404980962, "timestamp": "20240716T13" }, "geometry": { "type": "LineString", "coordinates": [ [ -80.5, 45.5 ], [ -80.006224616565902, 45.420233039525499 ] ] } },
{ "type": "Feature", "properties": { "u": 6.9540138751603893, "v": -0.68651892092457256, "speed": 6.9878192023485166, "direction": 95.638123851215553, "timestamp": "20240716T13" }, "geometry": { "type": "LineString", "coordinates": [ [ -80.5, 45.75 ], [ -80.051091787179871, 45.719075724282675 ] ] } },
{ "type": "Feature", "properties": { "u": 6.3218988777474765, "v": -0.48712874309824983, "speed": 6.3406387558996995, "direction": 94.406172828244436, "timestamp": "20240716T13" }, "geometry": { "type": "LineString", "coordinates": [ [ -80.5, 46.0 ], [ -80.090057167913784, 45.978057263824404 ] ] } },
{ "type": "Feature", "properties": { "u": 15.571507114242291, "v": 10.300422241077365, "speed": 18.670043710537463, "direction": 56.515696077064504, "timestamp": "20240716T13" }, "geometry": { "type": "LineString", "coordinates": [ [ -80.25, 41.0 ], [ -79.320610394036279, 41.463982983832317 ] ] } },
{ "type": "Feature", "properties": { "u": 16.021921203063307, "v": 10.019191724649481, "speed": 18.896723574536782, "direction": 57.980498557207348, "timestamp": "20240716T13" }, "geometry": { "type": "LineString", "coordinates": [ [ -80.25, 41.25 ], [ -79.29007721442666, 41.701314942551775 ] ] } },
{ "type": "Feature", "properties": { "u": 16.172754569908832, "v": 10.542813685759391, "speed": 19.30567043101955, "direction": 56.900179954524461, "timestamp": "20240716T13" }, "geometry": { "type": "LineString", "coordinates": [ [ -80.25, 41.5 ], [ -79.277309041265426, 41.974901517376551 ] ] } },
{ "type": "Feature", "properties": { "u": 15.801404634438772, "v": 11.504927363834623, "speed": 19.546041595892856, "direction": 53.941815711057465, "timestamp": "20240716T13" }, "geometry": { "type": "LineString", "coordinates": [ [ -80.25, 41.75 ], [ -79.295951414293825, 42.268239971343903 ] ] } },
{ "type": "Feature", "properties": { "u": 14.043839721525167, "v": 11.930913372854267, "speed": 18.427591487615544, "direction": 49.650507826975044, "timestamp": "20240716T13" }, "geometry": { "type": "LineString", "coordinates": [ [ -80.25, 42.0 ], [ -79.398745478440077, 42.537428530308752 ] ] } },
{ "type": "Feature", "properties": { "u": 12.273618078660455, "v": 10.515696259341789, "speed": 16.1623503414434, "direction": 49.410946127467767, "timestamp": "20240716T13" }, "geometry": { "type": "LineString", "coordinates": [ [ -80.25, 42.25 ], [ -79.503104377359662, 42.723680011682063 ] ] } },
{ "type": "Feature", "properties": { "u": 10.772220546961139, "v": 8.7981771899044787, "speed": 13.908582148347373, "direction": 50.759876984022156, "timestamp": "20240716T13" }, "geometry": { "type": "LineString", "coordinates": [ [ -80.25, 42.5 ], [ -79.591855316111534, 42.896314287833533 ] ] } },
{ "type": "Feature", "properties": { "u": 8.0627375759982947, "v": 8.5156145512814607, "speed": 11.727038347571453, "direction": 43.435219160534494, "timestamp": "20240716T13" }, "geometry": { "type": "LineString", "coordinates": [ [ -80.25, 42.75 ], [ -79.755412985942215, 43.133586241048711 ] ] } },
{ "type": "Feature", "properties": { "u": 3.2052425629175922, "v": 6.4567367661696506, "speed": 7.2085386559791331, "direction": 26.400644998697665, "timestamp": "20240716T13" }, "geometry": { "type": "LineString", "coordinates": [ [ -80.25, 43.0 ], [ -80.052584856947774, 43.290843998476113 ] ] } },
{ "type": "Feature", "properties": { "u": -1.1517004890085449, "v": 0.4804065658099051, "speed": 1.2478799961758296, "direction": -67.35761454029857, "timestamp": "20240716T13" }, "geometry": { "type": "LineString", "coordinates": [ [ -80.25, 43.25 ], [ -80.321225244485191, 43.271639935396841 ] ] } },
{ "type": "Feature", "properties": { "u": -1.2096218549306685, "v": -5.1810012313003702, "speed": 5.3203344622929354, "direction": -166.85841025532045, "timestamp": "20240716T13" }, "geometry": { "type": "LineString", "coordinates": [ [ -80.25, 43.5 ], [ -80.325116344222067, 43.266621566157639 ] ] } },
{ "type": "Feature", "properties": { "u": 1.3983160433904251, "v": -8.2821990446329892, "speed": 8.3994112158009422, "direction": 170.416902603523, "timestamp": "20240716T13" }, "geometry": { "type": "LineString", "coordinates": [ [ -80.25, 43.75 ], [ -80.162804053815023, 43.376927970962477 ] ] } },
{ "type": "Feature", "properties": { "u": 3.6036107444007217, "v": -9.3155883089856886, "speed": 9.9883029559415721, "direction": 158.85170432300055, "timestamp": "20240716T13" }, "geometry": { "type": "LineString", "coordinates": [ [ -80.25, 44.0 ], [ -80.024341961573768, 43.580378905000643 ] ] } },
{ "type": "Feature", "properties": { "u": 4.7741412394276344, "v": -8.0221524854972106, "speed": 9.3352747723124203, "direction": 149.24228822556125, "timestamp": "20240716T13" }, "geometry": { "type": "LineString", "coordinates": [ [ -80.25, 44.25 ], [ -79.949775479941792, 43.888641779932556 ] ] } },
{ "type": "Feature", "properties": { "u": 5.5658329695135729, "v": -5.4451171781622865, "speed": 7.7863854084191271, "direction": 134.37187725060616, "timestamp": "20240716T13" }, "geometry": { "type": "LineString", "coordinates": [ [ -80.25, 44.5 ], [ -79.898492058964351, 44.254724451434129 ] ] } },
{ "type": "Feature", "properties": { "u": 6.3284379130705766, "v": -3.7593498534936494, "speed": 7.3608313212946133, "direction": 120.71203661843009, "timestamp": "20240716T13" }, "geometry": { "type": "LineString", "coordinates": [ [ -80.25, 44.75 ], [ -79.848605123896206, 44.580659916509298 ] ] } },
{ "type": "Feature", "properties": { "u": 7.2051327416213446, "v": -2.8458147095548334, "speed": 7.7467799236523156, "direction": 111.55255662160829, "timestamp": "20240716T13" }, "geometry": { "type": "LineString", "coordinates": [ [ -80.25, 45.0 ], [ -79.791009169283811, 44.871810148218252 ] ] } },
{ "type": "Feature", "properties": { "u": 7.8109721339137828, "v": -1.968036526759013, "speed": 8.0550886678816465, "direction": 104.14177804641176, "timestamp": "20240716T13" }, "geometry": { "type": "LineString", "coordinates": [ [ -80.25, 45.25 ], [ -79.750229782992633, 45.161349706001843 ] ] } },
{ "type": "Feature", "properties": { "u": 7.8464923951270542, "v": -0.46219622383213466, "speed": 7.860093399961058, "direction": 93.371102200327243, "timestamp": "20240716T13" }, "geometry": { "type": "LineString", "coordinates": [ [ -80.25, 45.5 ], [ -79.745732726921275, 45.479180350277829 ] ] } },
{ "type": "Feature", "properties": { "u": 7.3568140837637115, "v": 1.0446928468517751, "speed": 7.430618857627362, "direction": 81.917839125489209, "timestamp": "20240716T13" }, "geometry": { "type": "LineString", "coordinates": [ [ -80.25, 45.75 ], [ -79.775089491956734, 45.797058236344675 ] ] } },
{ "type": "Feature", "properties": { "u": 6.6633745856638482, "v": 1.2363589531077306, "speed": 6.7771044207537861, "direction": 79.488566053943558, "timestamp": "20240716T13" }, "geometry": { "type": "LineString", "coordinates": [ [ -80.25, 46.0 ], [ -79.8179142134789, 46.055691844734582 ] ] } },
{ "type": "Feature", "properties": { "u": 14.853130213719513, "v": 10.876803461371411, "speed": 18.409788990724707, "direction": 53.785043077325419, "timestamp": "20240716T13" }, "geometry": { "type": "LineString", "coordinates": [ [ -80.0, 41.0 ], [ -79.113486913284675, 41.48994610186358 ] ] } },
{ "type": "Feature", "properties": { "u": 15.648911754333017, "v": 10.531990189207002, "speed": 18.86295990666509, "direction": 56.058759426331463, "timestamp": "20240716T13" }, "geometry": { "type": "LineString", "coordinates": [ [ -80.0, 41.25 ], [ -79.062425362600166, 41.724413972486801 ] ] } },
{ "type": "Feature", "properties": { "u": 15.696623691166225, "v": 11.125396097031594, "speed": 19.239501906700355, "direction": 54.671886571830406, "timestamp": "20240716T13" }, "geometry": { "type": "LineString", "coordinates": [ [ -80.0, 41.5 ], [ -79.055945362859575, 42.001143968334759 ] ] } },
{ "type": "Feature", "properties": { "u": 15.130539211562908, "v": 12.225158302046763, "speed": 19.452190425315745, "direction": 51.062515925892015, "timestamp": "20240716T13" }, "geometry": { "type": "LineString", "coordinates": [ [ -80.0, 41.75 ], [ -79.086456560684354, 42.300682806398505 ] ] } },
{ "type": "Feature", "properties": { "u": 13.188934286733906, "v": 12.275505103891589, "speed": 18.0176583710385, "direction": 47.054363208201998, "timestamp": "20240716T13" }, "geometry": { "type": "LineString", "coordinates": [ [ -80.0, 42.0 ], [ -79.200564790772219, 42.55295068035548 ] ] } },
{ "type": "Feature", "properties": { "u": 11.114364455895986, "v": 11.073867287031355, "speed": 15.689475260481698, "direction": 45.104574096239901, "timestamp": "20240716T13" }, "geometry": { "type": "LineString", "coordinates": [ [ -80.0, 42.25 ], [ -79.323649301507018, 42.748822850767176 ] ] } },
{ "type": "Feature", "properties": { "u": 9.8184998131393151, "v": 9.4110222992782884, "speed": 13.600377910121836, "direction": 46.213927635512924, "timestamp": "20240716T13" }, "geometry": { "type": "LineString", "coordinates": [ [ -80.0, 42.5 ], [ -79.40012428936015, 42.923919923390912 ] ] } },
{ "type": "Feature", "properties": { "u": 7.2566689017030805, "v": 9.0638752611107556, "speed": 11.610903422986523, "direction": 38.68126619116611, "timestamp": "20240716T13" }, "geometry": { "type": "LineString", "coordinates": [ [ -80.0, 42.75 ], [ -79.554859107062654, 43.158282669419407 ] ] } },
{ "type": "Feature", "properties": { "u": 2.6596309319865856, "v": 6.9057989899436869, "speed": 7.4002497514534653, "direction": 21.063196331122697, "timestamp": "20240716T13" }, "geometry": { "type": "LineString", "coordinates": [ [ -80.0, 43.0 ], [ -79.836189801365208, 43.311072026574038 ] ] } },
{ "type": "Feature", "properties": { "u": -1.2081552669783204, "v": 1.5656979804594799, "speed": 1.9776373062678481, "direction": -37.65521611386982, "timestamp": "20240716T13" }, "geometry": { "type": "LineString", "coordinates": [ [ -80.0, 43.25 ], [ -80.074716608256963, 43.32052693605673 ] ] } },
{ "type": "Feature", "properties": { "u": -1.3723217422489977, "v": -2.806548670395415, "speed": 3.1240970541178128, "direction": -153.94269402628987, "timestamp": "20240716T13" }, "geometry": { "type": "LineString", "coordinates": [ [ -80.0, 43.5 ], [ -80.085219849454617, 43.373578888720928 ] ] } },
{ "type": "Feature", "properties": { "u": 0.7916110719889915, "v": -5.7770027904804806, "speed": 5.830986994541731, "direction": 172.19746762700083, "timestamp": "20240716T13" }, "geometry": { "type": "LineString", "coordinates": [ [ -80.0, 43.75 ], [ -79.950636855838951, 43.489774649077454 ] ] } },
{ "type": "Feature", "properties": { "u": 3.1736346486352462, "v": -7.9005110358635235, "speed": 8.5141077929997753, "direction": 158.11467577664871, "timestamp": "20240716T13" }, "geometry": { "type": "LineString", "coordinates": [ [ -80.0, 44.0 ], [ -79.801267056769291, 43.644121124510654 ] ] } },
{ "type": "Feature", "properties": { "u": 4.6233586542402172, "v": -7.8069973901328327, "speed": 9.0732934205435445, "direction": 149.36568492440696, "timestamp": "20240716T13" }, "geometry": { "type": "LineString", "coordinates": [ [ -80.0, 44.25 ], [ -79.709257526450429, 43.898333450894917 ] ] } },
{ "type": "Feature", "properties": { "u": 5.5284270869243066, "v": -6.2449480577762477, "speed": 8.3404365772878872, "direction": 138.48269324828414, "timestamp": "20240716T13" }, "geometry": { "type": "LineString", "coordinates": [ [ -80.0, 44.5 ], [ -79.650854412424039, 44.218696033433503 ] ] } },
{ "type": "Feature", "properties": { "u": 6.2779114811921994, "v": -4.1895286442817774, "speed": 7.5474712869240079, "direction": 123.7169396049286, "timestamp": "20240716T13" }, "geometry": { "type": "LineString", "coordinates": [ [ -80.0, 44.75 ], [ -79.601809872231001, 44.561282493500819 ] ] } },
{ "type": "Feature", "properties": { "u": 7.1672176984078568, "v": -2.5659066804033124, "speed": 7.6126793331197895, "direction": 109.6976702757709, "timestamp": "20240716T13" }, "geometry": { "type": "LineString", "coordinates": [ [ -80.0, 45.0 ], [ -79.543424483172572, 44.884418617999849 ] ] } },
{ "type": "Feature", "properties": { "u": 8.0257904708961867, "v": -0.95609004284164789, "speed": 8.0825380204951074, "direction": 96.793471144795163, "timestamp": "20240716T13" }, "geometry": { "type": "LineString", "coordinates": [ [ -80.0, 45.25 ], [ -79.48648503969433, 45.206932880953076 ] ] } },
{ "type": "Feature", "properties": { "u": 8.2891067128411127, "v": 1.1636226933716212, "speed": 8.3703827791443928, "direction": 82.009051142592753, "timestamp": "20240716T13" }, "geometry": { "type": "LineString", "coordinates": [ [ -80.0, 45.5 ], [ -79.467287416102153, 45.552415436638363 ] ] } },
{ "type": "Feature", "properties": { "u": 7.8610265330479923, "v": 2.7126108578455748, "speed": 8.3158881557766424, "direction": 70.96193972367287, "timestamp": "20240716T13" }, "geometry": { "type": "LineString", "coordinates": [ [ -80.0, 45.75 ], [ -79.492540648432225, 45.87218967828133 ] ] } },
{ "type": "Feature", "properties": { "u": 7.0686096105376564, "v": 2.9072361426033644, "speed": 7.6431187230766344, "direction": 67.643209782316447, "timestamp": "20240716T13" }, "geometry": { "type": "LineString", "coordinates": [ [ -80.0, 46.0 ], [ -79.541636793202215, 46.130956583000149 ] ] } },
{ "type": "Feature", "properties": { "u": 13.660243446471709, "v": 10.871255604835298, "speed": 17.45813419133145, "direction": 51.486111586985999, "timestamp": "20240716T13" }, "geometry": { "type": "LineString", "coordinates": [ [ -79.75, 41.0 ], [ -78.934684682032298, 41.489696198416006 ] ] } },
{ "type": "Feature", "properties": { "u": 14.765810166246194, "v": 10.620564292366069, "speed": 18.188610055578756, "direction": 54.273770585403675, "timestamp": "20240716T13" }, "geometry": { "type": "LineString", "coordinates": [ [ -79.75, 41.25 ], [ -78.865334706344683, 41.72840379695343 ] ] } },
{ "type": "Feature", "properties": { "u": 14.722539521034179, "v": 11.38490111322565, "speed": 18.610995226111363, "direction": 52.285313041515913, "timestamp": "20240716T13" }, "geometry": { "type": "LineString", "coordinates": [ [ -79.75, 41.5 ], [ -78.864530488926903, 42.012833383478636 ] ] } },
{ "type": "Feature", "properties": { "u": 14.247045084468335, "v": 12.616853604399527, "speed": 19.030588233518234, "direction": 48.47264162947738, "timestamp": "20240716T13" }, "geometry": { "type": "LineString", "coordinates": [ [ -79.75, 41.75 ], [ -78.889799686940179, 42.318326738936918 ] ] } },
{ "type": "Feature", "properties": { "u": 12.581924737380277, "v": 12.263219469754127, "speed": 17.569615302005293, "direction": 45.734930943014568, "timestamp": "20240716T13" }, "geometry": { "type": "LineString", "coordinates": [ [ -79.75, 42.0 ], [ -78.987358120357527, 42.552397273412346 ] ] } },
{ "type": "Feature", "properties": { "u": 10.233393335825248, "v": 10.832371654314388, "speed": 14.901765493487892, "direction": 43.371305980137684, "timestamp": "20240716T13" }, "geometry": { "type": "LineString", "coordinates": [ [ -79.75, 42.25 ], [ -79.127259693246145, 42.737944669113261 ] ] } },
{ "type": "Feature", "properties": { "u": 8.7945667170998831, "v": 9.5533262049406442, "speed": 12.985008483613965, "direction": 42.631937377550678, "timestamp": "20240716T13" }, "geometry": { "type": "LineString", "coordinates": [ [ -79.75, 42.5 ], [ -79.212682990314889, 42.930330009231561 ] ] } },
{ "type": "Feature", "properties": { "u": 6.6705066419286769, "v": 8.8553008863520848, "speed": 11.086569020569105, "direction": 36.989924224322763, "timestamp": "20240716T13" }, "geometry": { "type": "LineString", "coordinates": [ [ -79.75, 42.75 ], [ -79.340815658926402, 43.148887427313156 ] ] } },
{ "type": "Feature", "properties": { "u": 2.629964390722626, "v": 6.8058420766789345, "speed": 7.2963140741858465, "direction": 21.127901833756567, "timestamp": "20240716T13" }, "geometry": { "type": "LineString", "coordinates": [ [ -79.75, 43.0 ], [ -79.588017003011416, 43.306569462913465 ] ] } },
{ "type": "Feature", "properties": { "u": -0.53141190457028964, "v": 2.5334230115900453, "speed": 2.5885576617052588, "direction": -11.846631995079095, "timestamp": "20240716T13" }, "geometry": { "type": "LineString", "coordinates": [ [ -79.75, 43.25 ], [ -79.782864397633404, 43.364118153675228 ] ] } },
{ "type": "Feature", "properties": { "u": -1.0077055869494354, "v": -1.1442194535203818, "speed": 1.5246995467250546, "direction": -138.62986677207689, "timestamp": "20240716T13" }, "geometry": { "type": "LineString", "coordinates": [ [ -79.75, 43.5 ], [ -79.812577539778431, 43.448458583174755 ] ] } },
{ "type": "Feature", "properties": { "u": 0.65794017476280819, "v": -3.7793580709961718, "speed": 3.8362002948713223, "direction": 170.12447385731804, "timestamp": "20240716T13" }, "geometry": { "type": "LineString", "coordinates": [ [ -79.75, 43.75 ], [ -79.70897228216559, 43.579758645450624 ] ] } },
{ "type": "Feature", "properties": { "u": 2.8569830809498673, "v": -6.7479778232518504, "speed": 7.3278616954697346, "direction": 157.05299802176899, "timestamp": "20240716T13" }, "geometry": { "type": "LineString", "coordinates": [ [ -79.75, 44.0 ], [ -79.571095772104186, 43.696037034988656 ] ] } },
{ "type": "Feature", "properties": { "u": 4.6743740487769063, "v": -7.8975828466382572, "speed": 9.1772320210068692, "direction": 149.37981281337449, "timestamp": "20240716T13" }, "geometry": { "type": "LineString", "coordinates": [ [ -79.75, 44.25 ], [ -79.456049395066742, 43.894253024926208 ] ] } },
{ "type": "Feature", "properties": { "u": 5.8471334755549655, "v": -6.6854990769911362, "speed": 8.8817153630030745, "direction": 138.82707719716592, "timestamp": "20240716T13" }, "geometry": { "type": "LineString", "coordinates": [ [ -79.75, 44.5 ], [ -79.380726638724028, 44.198851392928326 ] ] } },
{ "type": "Feature", "properties": { "u": 6.7024797866543597, "v": -4.3997219822111902, "speed": 8.0175300941912671, "direction": 123.28217481300535, "timestamp": "20240716T13" }, "geometry": { "type": "LineString", "coordinates": [ [ -79.75, 44.75 ], [ -79.324880708239903, 44.551814325125619 ] ] } },
{ "type": "Feature", "properties": { "u": 7.6330696539943519, "v": -2.2265963356448664, "speed": 7.9511938465010772, "direction": 106.26217177774426, "timestamp": "20240716T13" }, "geometry": { "type": "LineString", "coordinates": [ [ -79.75, 45.0 ], [ -79.26374816994516, 44.899702867763743 ] ] } },
{ "type": "Feature", "properties": { "u": 8.4356854667909555, "v": 0.24755039761084593, "speed": 8.4393169447524254, "direction": 88.319102379333557, "timestamp": "20240716T13" }, "geometry": { "type": "LineString", "coordinates": [ [ -79.75, 45.25 ], [ -79.210258686874667, 45.261150918811296 ] ] } },
{ "type": "Feature", "properties": { "u": 8.7953589554015696, "v": 2.4554862744235706, "speed": 9.131689438337526, "direction": 74.401342027508335, "timestamp": "20240716T13" }, "geometry": { "type": "LineString", "coordinates": [ [ -79.75, 45.5 ], [ -79.184752313155457, 45.610607489838898 ] ] } },
{ "type": "Feature", "properties": { "u": 8.4224985919860842, "v": 3.8377328634152246, "speed": 9.255629425541235, "direction": 65.503497427735624, "timestamp": "20240716T13" }, "geometry": { "type": "LineString", "coordinates": [ [ -79.75, 45.75 ], [ -79.206295477937715, 45.922870849703386 ] ] } },
{ "type": "Feature", "properties": { "u": 7.5528909048537987, "v": 4.2041578707612439, "speed": 8.6441369970001602, "direction": 60.898420498788695, "timestamp": "20240716T13" }, "geometry": { "type": "LineString", "coordinates": [ [ -79.75, 46.0 ], [ -79.260233626344061, 46.189376480664919 ] ] } },
{ "type": "Feature", "properties": { "u": 12.710375904961996, "v": 10.547458921478475, "speed": 16.516735311365693, "direction": 50.313074052503993, "timestamp": "20240716T13" }, "geometry": { "type": "LineString", "coordinates": [ [ -79.5, 41.0 ], [ -78.741377782683685, 41.475110762228759 ] ] } },
{ "type": "Feature", "properties": { "u": 13.497230436795295, "v": 10.560388726316464, "speed": 17.137591415215418, "direction": 51.959963958734676, "timestamp": "20240716T13" }, "geometry": { "type": "LineString", "coordinates": [ [ -79.5, 41.25 ], [ -78.691339236149986, 41.725693185870114 ] ] } },
{ "type": "Feature", "properties": { "u": 13.527527066192976, "v": 11.276994126502139, "speed": 17.611490142964826, "direction": 50.184294613424257, "timestamp": "20240716T13" }, "geometry": { "type": "LineString", "coordinates": [ [ -79.5, 41.5 ], [ -78.686403082143769, 42.007972708400999 ] ] } },
{ "type": "Feature", "properties": { "u": 12.804771408975872, "v": 12.026346470185196, "speed": 17.566877362156937, "direction": 46.795564025301992, "timestamp": "20240716T13" }, "geometry": { "type": "LineString", "coordinates": [ [ -79.5, 41.75 ], [ -78.726880499826009, 42.291727318476809 ] ] } },
{ "type": "Feature", "properties": { "u": 11.698882149105977, "v": 11.685428686475859, "speed": 16.535207501733488, "direction": 45.032963406487212, "timestamp": "20240716T13" }, "geometry": { "type": "LineString", "coordinates": [ [ -79.5, 42.0 ], [ -78.790882940556543, 42.526370661552967 ] ] } },
{ "type": "Feature", "properties": { "u": 9.545625439333282, "v": 10.365699586730189, "speed": 14.09136944907716, "direction": 42.641530818014743, "timestamp": "20240716T13" }, "geometry": { "type": "LineString", "coordinates": [ [ -79.5, 42.25 ], [ -78.919112945318204, 42.716923404807666 ] ] } },
{ "type": "Feature", "properties": { "u": 8.1240887917492586, "v": 9.2357745558963895, "speed": 12.30042073847757, "direction": 41.335913048735698, "timestamp": "20240716T13" }, "geometry": { "type": "LineString", "coordinates": [ [ -79.5, 42.5 ], [ -79.003646826908323, 42.916025880896235 ] ] } },
{ "type": "Feature", "properties": { "u": 5.9201102879835164, "v": 8.2308343361023013, "speed": 10.138754346084577, "direction": 35.725955822976175, "timestamp": "20240716T13" }, "geometry": { "type": "LineString", "coordinates": [ [ -79.5, 42.75 ], [ -79.136846710856261, 43.120758303428033 ] ] } },
{ "type": "Feature", "properties": { "u": 2.5764610337173712, "v": 6.4979975398626264, "speed": 6.9901447400125223, "direction": 21.628364089071525, "timestamp": "20240716T13" }, "geometry": { "type": "LineString", "coordinates": [ [ -79.5, 43.0 ], [ -79.341312345772423, 43.292702591885707 ] ] } },
{ "type": "Feature", "properties": { "u": 0.13315929136110011, "v": 3.2073370777114478, "speed": 3.2101000805174906, "direction": 2.3773885266023052, "timestamp": "20240716T13" }, "geometry": { "type": "LineString", "coordinates": [ [ -79.5, 43.25 ], [ -79.491764956971721, 43.394474643140157 ] ] } },
{ "type": "Feature", "properties": { "u": -0.58664538172890324, "v": 0.24310088188114531, "speed": 0.63502034823715781, "direction": -67.491296657969102, "timestamp": "20240716T13" }, "geometry": { "type": "LineString", "coordinates": [ [ -79.5, 43.5 ], [ -79.53643010933591, 43.510950490174828 ] ] } },
{ "type": "Feature", "properties": { "u": 0.37484600902967768, "v": -1.823084186531666, "speed": 1.8612215025803092, "direction": 168.38128659434466, "timestamp": "20240716T13" }, "geometry": { "type": "LineString", "coordinates": [ [ -79.5, 43.75 ], [ -79.476625418419886, 43.667879090696772 ] ] } },
{ "type": "Feature", "properties": { "u": 2.6414848016935015, "v": -5.2269313196960843, "speed": 5.8564710345392816, "direction": 153.18976727559362, "timestamp": "20240716T13" }, "geometry": { "type": "LineString", "coordinates": [ [ -79.5, 44.0 ], [ -79.334590270381156, 43.764552643256934 ] ] } },
{ "type": "Feature", "properties": { "u": 4.7027654395703085, "v": -7.0763752682702288, "speed": 8.4965339825721564, "direction": 146.39307482164585, "timestamp": "20240716T13" }, "geometry": { "type": "LineString", "coordinates": [ [ -79.5, 44.25 ], [ -79.204263986707986, 43.931244357285124 ] ] } },
{ "type": "Feature", "properties": { "u": 6.2382438902626092, "v": -6.3187935428485753, "speed": 8.8793490004359903, "direction": 135.36753030788373, "timestamp": "20240716T13" }, "geometry": { "type": "LineString", "coordinates": [ [ -79.5, 44.5 ], [ -79.106026217898517, 44.215369660232049 ] ] } },
{ "type": "Feature", "properties": { "u": 7.2986787619941467, "v": -4.0644726495129291, "speed": 8.3540798170368866, "direction": 119.11246579471937, "timestamp": "20240716T13" }, "geometry": { "type": "LineString", "coordinates": [ [ -79.5, 44.75 ], [ -79.037065497420585, 44.566915646418337 ] ] } },
{ "type": "Feature", "properties": { "u": 8.2082932233588473, "v": -1.5833753191673852, "speed": 8.3596145271170972, "direction": 100.91821998583818, "timestamp": "20240716T13" }, "geometry": { "type": "LineString", "coordinates": [ [ -79.5, 45.0 ], [ -78.977104522504092, 44.928676787424891 ] ] } },
{ "type": "Feature", "properties": { "u": 9.0120053120809747, "v": 1.0380539001437661, "speed": 9.0715927843229043, "direction": 83.429304376392125, "timestamp": "20240716T13" }, "geometry": { "type": "LineString", "coordinates": [ [ -79.5, 45.25 ], [ -78.923383956148683, 45.296759184691162 ] ] } },
{ "type": "Feature", "properties": { "u": 9.3457824601323676, "v": 3.1254655829100928, "speed": 9.8545514815273716, "direction": 71.508763929606673, "timestamp": "20240716T13" }, "geometry": { "type": "LineString", "coordinates": [ [ -79.5, 45.5 ], [ -78.899378474019201, 45.640786737968924 ] ] } },
{ "type": "Feature", "properties": { "u": 8.9989882216820547, "v": 4.4873265838880032, "speed": 10.055739101848273, "direction": 63.496958008965542, "timestamp": "20240716T13" }, "geometry": { "type": "LineString", "coordinates": [ [ -79.5, 45.75 ], [ -78.919080865769544, 45.952131828103063 ] ] } },
{ "type": "Feature", "properties": { "u": 8.0536260531119375, "v": 4.8543401670885267, "speed": 9.4034839852669734, "direction": 58.920439533846285, "timestamp": "20240716T13" }, "geometry": { "type": "LineString", "coordinates": [ [ -79.5, 46.0 ], [ -78.97776351115057, 46.218663971490471 ] ] } },
{ "type": "Feature", "properties": { "u": 12.438252908014711, "v": 10.139185673014509, "speed": 16.047218497783316, "direction": 50.814404101423847, "timestamp": "20240716T13" }, "geometry": { "type": "LineString", "coordinates": [ [ -79.25, 41.0 ], [ -78.507619517221713, 41.456720075361012 ] ] } },
{ "type": "Feature", "properties": { "u": 12.690973077483314, "v": 10.419418328866964, "speed": 16.420264186831318, "direction": 50.613655491385721, "timestamp": "20240716T13" }, "geometry": { "type": "LineString", "coordinates": [ [ -79.25, 41.25 ], [ -78.489644604802763, 41.719343167966983 ] ] } },
{ "type": "Feature", "properties": { "u": 12.535299681870312, "v": 10.848115781877329, "speed": 16.577555734525941, "direction": 49.126911442586291, "timestamp": "20240716T13" }, "geometry": { "type": "LineString", "coordinates": [ [ -79.25, 41.5 ], [ -78.496079410104329, 41.98865386404853 ] ] } },
{ "type": "Feature", "properties": { "u": 11.560537689773364, "v": 11.05217009520497, "speed": 15.993639219702736, "direction": 46.287878135561826, "timestamp": "20240716T13" }, "geometry": { "type": "LineString", "coordinates": [ [ -79.25, 41.75 ], [ -78.552004164307448, 42.247845499784006 ] ] } },
{ "type": "Feature", "properties": { "u": 10.64980929077387, "v": 10.782139146017185, "speed": 15.154964945321701, "direction": 44.646236277414765, "timestamp": "20240716T13" }, "geometry": { "type": "LineString", "coordinates": [ [ -79.25, 42.0 ], [ -78.604471533976067, 42.485681943514287 ] ] } },
{ "type": "Feature", "properties": { "u": 9.1485484402305453, "v": 9.7703076220980538, "speed": 13.384873910264229, "direction": 43.117679020033989, "timestamp": "20240716T13" }, "geometry": { "type": "LineString", "coordinates": [ [ -79.25, 42.25 ], [ -78.693276567697552, 42.690103946941356 ] ] } },
{ "type": "Feature", "properties": { "u": 6.7660388525579354, "v": 8.9203931694636918, "speed": 11.196101823944707, "direction": 37.179993525468255, "timestamp": "20240716T13" }, "geometry": { "type": "LineString", "coordinates": [ [ -79.25, 42.5 ], [ -78.836618888614382, 42.901819512138005 ] ] } },
{ "type": "Feature", "properties": { "u": 5.0083615142661486, "v": 7.6465583261706209, "speed": 9.1407625115802862, "direction": 33.224095180806735, "timestamp": "20240716T13" }, "geometry": { "type": "LineString", "coordinates": [ [ -79.25, 42.75 ], [ -78.942775494264282, 43.094439564241917 ] ] } },
{ "type": "Feature", "properties": { "u": 2.2682065201036874, "v": 5.9806375495168203, "speed": 6.3963103674330437, "direction": 20.769648511632884, "timestamp": "20240716T13" }, "geometry": { "type": "LineString", "coordinates": [ [ -79.25, 43.0 ], [ -79.110298150343212, 43.269398087816072 ] ] } },
{ "type": "Feature", "properties": { "u": 0.37299407636820564, "v": 3.4764285876572596, "speed": 3.4963810298773814, "direction": 6.1239696348639479, "timestamp": "20240716T13" }, "geometry": { "type": "LineString", "coordinates": [ [ -79.25, 43.25 ], [ -79.226932722930655, 43.406595882326904 ] ] } },
{ "type": "Feature", "properties": { "u": -0.35251328329725307, "v": 1.103348500289397, "speed": 1.1582933687075443, "direction": -17.718371795474269, "timestamp": "20240716T13" }, "geometry": { "type": "LineString", "coordinates": [ [ -79.25, 43.5 ], [ -79.271890733060971, 43.549700382895921 ] ] } },
{ "type": "Feature", "properties": { "u": 0.16661890605203156, "v": -0.44665765648294764, "speed": 0.47672310825972614, "direction": 159.54272790324333, "timestamp": "20240716T13" }, "geometry": { "type": "LineString", "coordinates": [ [ -79.25, 43.75 ], [ -79.239610007527133, 43.729880285744009 ] ] } },
{ "type": "Feature", "properties": { "u": 2.4521403524319734, "v": -3.56860480194285, "speed": 4.3298882826782927, "direction": 145.50538480852975, "timestamp": "20240716T13" }, "geometry": { "type": "LineString", "coordinates": [ [ -79.25, 44.0 ], [ -79.096447016305689, 43.839252035948519 ] ] } },
{ "type": "Feature", "properties": { "u": 4.6073014411786826, "v": -5.6863976177971818, "speed": 7.3186299563221962, "direction": 140.984501128772, "timestamp": "20240716T13" }, "geometry": { "type": "LineString", "coordinates": [ [ -79.25, 44.25 ], [ -78.960267293200744, 43.993855963162289 ] ] } },
{ "type": "Feature", "properties": { "u": 6.4618865488420898, "v": -5.4745443304601862, "speed": 8.4691565929719417, "direction": 130.27144670391218, "timestamp": "20240716T13" }, "geometry": { "type": "LineString", "coordinates": [ [ -79.25, 44.5 ], [ -78.841902155808327, 44.253398904033325 ] ] } },
{ "type": "Feature", "properties": { "u": 7.8224692956448862, "v": -3.5225762494420132, "speed": 8.5790191347519418, "direction": 114.24275844227039, "timestamp": "20240716T13" }, "geometry": { "type": "LineString", "coordinates": [ [ -79.25, 44.75 ], [ -78.753842948784239, 44.591325394169282 ] ] } },
{ "type": "Feature", "properties": { "u": 8.9712291279643228, "v": -1.0341450451490821, "speed": 9.0306371890826114, "direction": 96.575662184886184, "timestamp": "20240716T13" }, "geometry": { "type": "LineString", "coordinates": [ [ -79.25, 45.0 ], [ -78.678502977300738, 44.953416889858147 ] ] } },
{ "type": "Feature", "properties": { "u": 9.9499347509410967, "v": 1.3134692070043652, "speed": 10.036254426116047, "direction": 82.479989230972393, "timestamp": "20240716T13" }, "geometry": { "type": "LineString", "coordinates": [ [ -79.25, 45.25 ], [ -78.613372322364782, 45.309165279594794 ] ] } },
{ "type": "Feature", "properties": { "u": 10.318888271324978, "v": 3.3610873437588236, "speed": 10.852481895329932, "direction": 71.958438742072119, "timestamp": "20240716T13" }, "geometry": { "type": "LineString", "coordinates": [ [ -79.25, 45.5 ], [ -78.586840286365842, 45.651400330799945 ] ] } },
{ "type": "Feature", "properties": { "u": 10.144236053272753, "v": 4.8986921629243847, "speed": 11.265110297356859, "direction": 64.22391751282052, "timestamp": "20240716T13" }, "geometry": { "type": "LineString", "coordinates": [ [ -79.25, 45.75 ], [ -78.595150734690591, 45.970661809140736 ] ] } },
{ "type": "Feature", "properties": { "u": 8.8986316713988565, "v": 5.2129484690872889, "speed": 10.313121611063369, "direction": 59.637604706320154, "timestamp": "20240716T13" }, "geometry": { "type": "LineString", "coordinates": [ [ -79.25, 46.0 ], [ -78.672969215482752, 46.234817498607534 ] ] } },
{ "type": "Feature", "properties": { "u": 12.891678613435271, "v": 9.8242186396046591, "speed": 16.208351222467385, "direction": 52.690463760218272, "timestamp": "20240716T13" }, "geometry": { "type": "LineString", "coordinates": [ [ -79.0, 41.0 ], [ -78.230556681582044, 41.442532371153362 ] ] } },
{ "type": "Feature", "properties": { "u": 12.233259932520079, "v": 10.172816990484602, "speed": 15.910337963050734, "direction": 50.254091897374835, "timestamp": "20240716T13" }, "geometry": { "type": "LineString", "coordinates": [ [ -79.0, 41.25 ], [ -78.267067613038677, 41.708234999571381 ] ] } },
{ "type": "Feature", "properties": { "u": 11.631884379842386, "v": 10.188535066958341, "speed": 15.46308446063272, "direction": 48.784415240639184, "timestamp": "20240716T13" }, "geometry": { "type": "LineString", "coordinates": [ [ -79.0, 41.5 ], [ -78.300414241716751, 41.958943021034159 ] ] } },
{ "type": "Feature", "properties": { "u": 11.089549379409531, "v": 10.060876696072231, "speed": 14.973287726212023, "direction": 47.784444934025444, "timestamp": "20240716T13" }, "geometry": { "type": "LineString", "coordinates": [ [ -79.0, 41.75 ], [ -78.330441239477807, 42.20319264396722 ] ] } },
{ "type": "Feature", "properties": { "u": 10.11907931214952, "v": 9.8362534595643307, "speed": 14.111968262661437, "direction": 45.811995619363735, "timestamp": "20240716T13" }, "geometry": { "type": "LineString", "coordinates": [ [ -79.0, 42.0 ], [ -78.386641247031022, 42.443074480160554 ] ] } },
{ "type": "Feature", "properties": { "u": 8.6898271675362313, "v": 9.1109305204058053, "speed": 12.59055801580346, "direction": 43.644836024192585, "timestamp": "20240716T13" }, "geometry": { "type": "LineString", "coordinates": [ [ -79.0, 42.25 ], [ -78.47119147497196, 42.660402275693954 ] ] } },
{ "type": "Feature", "properties": { "u": 5.7193941375087043, "v": 8.09937386586844, "speed": 9.9152068218107097, "direction": 35.227927305828786, "timestamp": "20240716T13" }, "geometry": { "type": "LineString", "coordinates": [ [ -79.0, 42.5 ], [ -78.650565189391145, 42.864836660624704 ] ] } },
{ "type": "Feature", "properties": { "u": 4.301450772774424, "v": 6.8254252944922991, "speed": 8.0677697786499198, "direction": 32.219537330923799, "timestamp": "20240716T13" }, "geometry": { "type": "LineString", "coordinates": [ [ -79.0, 42.75 ], [ -78.736139037917326, 43.057451589841996 ] ] } },
{ "type": "Feature", "properties": { "u": 2.0407521232379802, "v": 5.1450391103696065, "speed": 5.5349884079131728, "direction": 21.63548636682911, "timestamp": "20240716T13" }, "geometry": { "type": "LineString", "coordinates": [ [ -79.0, 43.0 ], [ -78.874307368495565, 43.231758518485115 ] ] } },
{ "type": "Feature", "properties": { "u": 0.69168735635568079, "v": 3.466502062704071, "speed": 3.5348363398711813, "direction": 11.284294354906704, "timestamp": "20240716T13" }, "geometry": { "type": "LineString", "coordinates": [ [ -79.0, 43.25 ], [ -78.957223599769279, 43.40614874156325 ] ] } },
{ "type": "Feature", "properties": { "u": 0.13502994023790157, "v": 1.7717179148196986, "speed": 1.7768560590137041, "direction": 4.3583224692628688, "timestamp": "20240716T13" }, "geometry": { "type": "LineString", "coordinates": [ [ -79.0, 43.5 ], [ -78.991614771649623, 43.579807113280168 ] ] } },
{ "type": "Feature", "properties": { "u": 0.4805010642202906, "v": 0.59975329644949193, "speed": 0.76849547124160988, "direction": 38.700469482055354, "timestamp": "20240716T13" }, "geometry": { "type": "LineString", "coordinates": [ [ -79.0, 43.75 ], [ -78.970036999049228, 43.777015914254484 ] ] } },
{ "type": "Feature", "properties": { "u": 2.4113252665774381, "v": -1.842342605583895, "speed": 3.0345865974765673, "direction": 127.38117937406966, "timestamp": "20240716T13" }, "geometry": { "type": "LineString", "coordinates": [ [ -79.0, 44.0 ], [ -78.849002856229973, 43.917011594343066 ] ] } },
{ "type": "Feature", "properties": { "u": 4.5094256571010156, "v": -4.0384353773335384, "speed": 6.0534188731509406, "direction": 131.84617067159624, "timestamp": "20240716T13" }, "geometry": { "type": "LineString", "coordinates": [ [ -79.0, 44.25 ], [ -78.716422266174177, 44.068088496516509 ] ] } },
{ "type": "Feature", "properties": { "u": 6.4808902875123771, "v": -4.3373480231771184, "speed": 7.7983669311549271, "direction": 123.79249116473888, "timestamp": "20240716T13" }, "geometry": { "type": "LineString", "coordinates": [ [ -79.0, 44.5 ], [ -78.590701982341287, 44.304623962919948 ] ] } },
{ "type": "Feature", "properties": { "u": 8.1280850319874638, "v": -2.8853023415667223, "speed": 8.6250064283726218, "direction": 109.5438115823098, "timestamp": "20240716T13" }, "geometry": { "type": "LineString", "coordinates": [ [ -79.0, 44.75 ], [ -78.48445860902936, 44.620031426055554 ] ] } },
{ "type": "Feature", "properties": { "u": 9.8549142863247248, "v": -0.75278857541929123, "speed": 9.8836241445174835, "direction": 94.368176991978075, "timestamp": "20240716T13" }, "geometry": { "type": "LineString", "coordinates": [ [ -79.0, 45.0 ], [ -78.372209304516005, 44.966090604710843 ] ] } },
{ "type": "Feature", "properties": { "u": 10.970891007883429, "v": 1.401696868170045, "speed": 11.060072496014444, "direction": 82.719046516657144, "timestamp": "20240716T13" }, "geometry": { "type": "LineString", "coordinates": [ [ -79.0, 45.25 ], [ -78.298048375314494, 45.313139498566215 ] ] } },
{ "type": "Feature", "properties": { "u": 11.382708792769005, "v": 3.5483999626982614, "speed": 11.922969502446017, "direction": 72.685864194692925, "timestamp": "20240716T13" }, "geometry": { "type": "LineString", "coordinates": [ [ -79.0, 45.5 ], [ -78.268472174045115, 45.659837836157578 ] ] } },
{ "type": "Feature", "properties": { "u": 11.219699473967873, "v": 5.2053614354748285, "speed": 12.368405069372669, "direction": 65.111133405649653, "timestamp": "20240716T13" }, "geometry": { "type": "LineString", "coordinates": [ [ -79.0, 45.75 ], [ -78.275725454441698, 45.984475740336705 ] ] } },
{ "type": "Feature", "properties": { "u": 9.4809256866950307, "v": 5.4655151779681317, "speed": 10.943482445603577, "direction": 60.037632787902581, "timestamp": "20240716T13" }, "geometry": { "type": "LineString", "coordinates": [ [ -79.0, 46.0 ], [ -78.385210424595158, 46.246194377385955 ] ] } },
{ "type": "Feature", "properties": { "u": 12.506460526914758, "v": 9.477772002242526, "speed": 15.692027180634415, "direction": 52.84405622234506, "timestamp": "20240716T13" }, "geometry": { "type": "LineString", "coordinates": [ [ -78.75, 41.0 ], [ -78.003548527073605, 41.426926666767685 ] ] } },
{ "type": "Feature", "properties": { "u": 11.601874990627941, "v": 9.5919249683467047, "speed": 15.053522109345408, "direction": 50.417539571106069, "timestamp": "20240716T13" }, "geometry": { "type": "LineString", "coordinates": [ [ -78.75, 41.25 ], [ -78.054895835042061, 41.682068692267869 ] ] } },
{ "type": "Feature", "properties": { "u": 10.946488511016614, "v": 9.5555895240479085, "speed": 14.530481818367651, "direction": 48.881104921080698, "timestamp": "20240716T13" }, "geometry": { "type": "LineString", "coordinates": [ [ -78.75, 41.5 ], [ -78.091636555570517, 41.930431960542698 ] ] } },
{ "type": "Feature", "properties": { "u": 10.621144816738699, "v": 9.2530761432744928, "speed": 14.086452191072487, "direction": 48.937820009972974, "timestamp": "20240716T13" }, "geometry": { "type": "LineString", "coordinates": [ [ -78.75, 41.75 ], [ -78.108722314539989, 42.166805231679028 ] ] } },
{ "type": "Feature", "properties": { "u": 9.6529034121043225, "v": 8.9555461665716187, "speed": 13.167397291226951, "direction": 47.146172254810189, "timestamp": "20240716T13" }, "geometry": { "type": "LineString", "coordinates": [ [ -78.75, 42.0 ], [ -78.164898073556003, 42.403402980476201 ] ] } },
{ "type": "Feature", "properties": { "u": 8.2156829247924552, "v": 8.3367614542078368, "speed": 11.704658793193925, "direction": 44.580897851744055, "timestamp": "20240716T13" }, "geometry": { "type": "LineString", "coordinates": [ [ -78.75, 42.25 ], [ -78.250044927730215, 42.625529795234584 ] ] } },
{ "type": "Feature", "properties": { "u": 5.1396614268706848, "v": 7.3642123612029415, "speed": 8.9804088594983593, "direction": 34.912117358784045, "timestamp": "20240716T13" }, "geometry": { "type": "LineString", "coordinates": [ [ -78.75, 42.5 ], [ -78.435984813406392, 42.831721277531663 ] ] } },
{ "type": "Feature", "properties": { "u": 3.4631449741150053, "v": 6.0806111094601283, "speed": 6.9976570776387694, "direction": 29.663198715041901, "timestamp": "20240716T13" }, "geometry": { "type": "LineString", "coordinates": [ [ -78.75, 42.75 ], [ -78.5375626589788, 43.023901401327031 ] ] } },
{ "type": "Feature", "properties": { "u": 2.1533054545124721, "v": 4.3993860354544605, "speed": 4.8980936974893483, "direction": 26.079709831087182, "timestamp": "20240716T13" }, "geometry": { "type": "LineString", "coordinates": [ [ -78.75, 43.0 ], [ -78.617375059455483, 43.198170542137589 ] ] } },
{ "type": "Feature", "properties": { "u": 1.1865490708480935, "v": 3.284600137270635, "speed": 3.4923483158597954, "direction": 19.862057405347684, "timestamp": "20240716T13" }, "geometry": { "type": "LineString", "coordinates": [ [ -78.75, 43.25 ], [ -78.676619595570727, 43.397954961138318 ] ] } },
{ "type": "Feature", "properties": { "u": 0.71356788003955018, "v": 2.3294393970433891, "speed": 2.4362813925985654, "direction": 17.031188960208105, "timestamp": "20240716T13" }, "geometry": { "type": "LineString", "coordinates": [ [ -78.75, 43.5 ], [ -78.705688126595618, 43.604929702569521 ] ] } },
{ "type": "Feature", "properties": { "u": 0.9263123319844625, "v": 1.5651142403149043, "speed": 1.8186910462261019, "direction": 30.619153889767126, "timestamp": "20240716T13" }, "geometry": { "type": "LineString", "coordinates": [ [ -78.75, 43.75 ], [ -78.692237178331766, 43.820500641455624 ] ] } },
{ "type": "Feature", "properties": { "u": 2.4552339292376013, "v": -0.20632532872626541, "speed": 2.4638879415577146, "direction": 94.80355874790817, "timestamp": "20240716T13" }, "geometry": { "type": "LineString", "coordinates": [ [ -78.75, 44.0 ], [ -78.596253296583114, 43.990706066273589 ] ] } },
{ "type": "Feature", "properties": { "u": 4.4443940389586318, "v": -2.1969526326716715, "speed": 4.9577453790744448, "direction": 116.30410572331891, "timestamp": "20240716T13" }, "geometry": { "type": "LineString", "coordinates": [ [ -78.75, 44.25 ], [ -78.470511815554104, 44.151038169699476 ] ] } },
{ "type": "Feature", "properties": { "u": 6.2662319314234045, "v": -2.8817904322923424, "speed": 6.8971282947355688, "direction": 114.69732651844497, "timestamp": "20240716T13" }, "geometry": { "type": "LineString", "coordinates": [ [ -78.75, 44.5 ], [ -78.354258644423723, 44.370189620167011 ] ] } },
{ "type": "Feature", "properties": { "u": 8.2098129230873607, "v": -2.1471894315749274, "speed": 8.4859560856251957, "direction": 104.65680069557628, "timestamp": "20240716T13" }, "geometry": { "type": "LineString", "coordinates": [ [ -78.75, 44.75 ], [ -78.229274840590307, 44.653279755334459 ] ] } },
{ "type": "Feature", "properties": { "u": 10.349105783485113, "v": -0.45949457636961499, "speed": 10.359301413873336, "direction": 92.542231308230839, "timestamp": "20240716T13" }, "geometry": { "type": "LineString", "coordinates": [ [ -78.75, 45.0 ], [ -78.090727668583853, 44.979302046109474 ] ] } },
{ "type": "Feature", "properties": { "u": 11.625121723685503, "v": 1.5521449194432262, "speed": 11.728282437827716, "direction": 82.395048639267543, "timestamp": "20240716T13" }, "geometry": { "type": "LineString", "coordinates": [ [ -78.75, 45.25 ], [ -78.006188665510933, 45.319916437812758 ] ] } },
{ "type": "Feature", "properties": { "u": 11.952470526036414, "v": 3.6637706817063016, "speed": 12.501390614003702, "direction": 72.958214733572603, "timestamp": "20240716T13" }, "geometry": { "type": "LineString", "coordinates": [ [ -78.75, 45.5 ], [ -77.981855532994416, 45.665034715392174 ] ] } },
{ "type": "Feature", "properties": { "u": 11.312044379574731, "v": 5.1743930226316017, "speed": 12.439320367211661, "direction": 65.419537905369467, "timestamp": "20240716T13" }, "geometry": { "type": "LineString", "coordinates": [ [ -78.75, 45.75 ], [ -78.019764237325475, 45.983080766785207 ] ] } },
{ "type": "Feature", "properties": { "u": 9.6267933127553817, "v": 5.369001842410321, "speed": 11.022764184646118, "direction": 60.850959998643184, "timestamp": "20240716T13" }, "geometry": { "type": "LineString", "coordinates": [ [ -78.75, 46.0 ], [ -78.125751654549447, 46.241846929838303 ] ] } },
{ "type": "Feature", "properties": { "u": 11.417307160757517, "v": 8.8828728728321025, "speed": 14.465833307417217, "direction": 52.116434019177099, "timestamp": "20240716T13" }, "geometry": { "type": "LineString", "coordinates": [ [ -78.5, 41.0 ], [ -77.818554939772156, 41.400129408686134 ] ] } },
{ "type": "Feature", "properties": { "u": 10.831096643994471, "v": 9.0968478330328573, "speed": 14.144443962521215, "direction": 49.973690256534582, "timestamp": "20240716T13" }, "geometry": { "type": "LineString", "coordinates": [ [ -78.5, 41.25 ], [ -77.851075546462596, 41.659767920406885 ] ] } },
{ "type": "Feature", "properties": { "u": 10.165689504061728, "v": 9.0545441627110179, "speed": 13.613449712966768, "direction": 48.308656747417544, "timestamp": "20240716T13" }, "geometry": { "type": "LineString", "coordinates": [ [ -78.5, 41.5 ], [ -77.88859677693361, 41.907862349671667 ] ] } },
{ "type": "Feature", "properties": { "u": 10.085833025145929, "v": 8.5755623140790274, "speed": 13.238742267065128, "direction": 49.626875709439439, "timestamp": "20240716T13" }, "geometry": { "type": "LineString", "coordinates": [ [ -78.5, 41.75 ], [ -77.891043077756677, 42.136286590724282 ] ] } },
{ "type": "Feature", "properties": { "u": 9.266584403070464, "v": 8.3073710990461596, "speed": 12.445159744916744, "direction": 48.124191052735064, "timestamp": "20240716T13" }, "geometry": { "type": "LineString", "coordinates": [ [ -78.5, 42.0 ], [ -77.938314447548123, 42.374205905362437 ] ] } },
{ "type": "Feature", "properties": { "u": 8.177117098962027, "v": 7.561545295572671, "speed": 11.137423908028927, "direction": 47.239815384624933, "timestamp": "20240716T13" }, "geometry": { "type": "LineString", "coordinates": [ [ -78.5, 42.25 ], [ -78.002391802654273, 42.590610148449223 ] ] } },
{ "type": "Feature", "properties": { "u": 6.0440082295255877, "v": 6.4585757089189313, "speed": 8.8455206554736332, "direction": 43.100851202254589, "timestamp": "20240716T13" }, "geometry": { "type": "LineString", "coordinates": [ [ -78.5, 42.5 ], [ -78.130732413219803, 42.790926833735085 ] ] } },
{ "type": "Feature", "properties": { "u": 3.6448898913676575, "v": 5.0411673411048605, "speed": 6.2208191165807403, "direction": 35.867868964545295, "timestamp": "20240716T13" }, "geometry": { "type": "LineString", "coordinates": [ [ -78.5, 42.75 ], [ -78.276414004431032, 42.977079609959681 ] ] } },
{ "type": "Feature", "properties": { "u": 2.7023550980850919, "v": 3.8864209276016037, "speed": 4.7336022966284563, "direction": 34.812147610599972, "timestamp": "20240716T13" }, "geometry": { "type": "LineString", "coordinates": [ [ -78.5, 43.0 ], [ -78.333558363276964, 43.175064005747821 ] ] } },
{ "type": "Feature", "properties": { "u": 1.6511030667442681, "v": 2.9674048728868607, "speed": 3.3958258224833933, "direction": 29.092137781716449, "timestamp": "20240716T13" }, "geometry": { "type": "LineString", "coordinates": [ [ -78.5, 43.25 ], [ -78.39788992822227, 43.383666886166075 ] ] } },
{ "type": "Feature", "properties": { "u": 1.072821098304918, "v": 2.5833615219406636, "speed": 2.7972668557025, "direction": 22.552186024505204, "timestamp": "20240716T13" }, "geometry": { "type": "LineString", "coordinates": [ [ -78.5, 43.5 ], [ -78.433378850108838, 43.616367636123456 ] ] } },
{ "type": "Feature", "properties": { "u": 1.1022715428669532, "v": 2.27425623830838, "speed": 2.5272997431446225, "direction": 25.858234780906638, "timestamp": "20240716T13" }, "geometry": { "type": "LineString", "coordinates": [ [ -78.5, 43.75 ], [ -78.431264744771127, 43.852443974698573 ] ] } },
{ "type": "Feature", "properties": { "u": 2.3825386571339839, "v": 1.1995675184487802, "speed": 2.6674805873811289, "direction": 63.275526076330692, "timestamp": "20240716T13" }, "geometry": { "type": "LineString", "coordinates": [ [ -78.5, 44.0 ], [ -78.350805473183001, 44.054034572903099 ] ] } },
{ "type": "Feature", "properties": { "u": 4.3049958167992717, "v": -0.37288133379707777, "speed": 4.321114378462287, "direction": 94.950373692280806, "timestamp": "20240716T13" }, "geometry": { "type": "LineString", "coordinates": [ [ -78.5, 44.25 ], [ -78.22927795007881, 44.233203543522656 ] ] } },
{ "type": "Feature", "properties": { "u": 5.7176145232026068, "v": -1.3621571954977514, "speed": 5.8776345634263176, "direction": 103.40027765878402, "timestamp": "20240716T13" }, "geometry": { "type": "LineString", "coordinates": [ [ -78.5, 44.5 ], [ -78.138906356030645, 44.438641567770368 ] ] } },
{ "type": "Feature", "properties": { "u": 7.88718792018153, "v": -1.301072711797284, "speed": 7.9937803003110481, "direction": 99.367169497574409, "timestamp": "20240716T13" }, "geometry": { "type": "LineString", "coordinates": [ [ -78.5, 44.75 ], [ -77.999738029903099, 44.691393121090215 ] ] } },
{ "type": "Feature", "properties": { "u": 10.296845910352864, "v": 0.022017333368017478, "speed": 10.296869449717189, "direction": 89.877486915263546, "timestamp": "20240716T13" }, "geometry": { "type": "LineString", "coordinates": [ [ -78.5, 45.0 ], [ -77.844056795671762, 45.000991771773336 ] ] } },
{ "type": "Feature", "properties": { "u": 11.76184093855986, "v": 1.8955035021904014, "speed": 11.913598775802329, "direction": 80.845095865620252, "timestamp": "20240716T13" }, "geometry": { "type": "LineString", "coordinates": [ [ -78.5, 45.25 ], [ -77.747440946211029, 45.335383040639208 ] ] } },
{ "type": "Feature", "properties": { "u": 11.927022833010444, "v": 3.789441963429578, "speed": 12.514541304153081, "direction": 72.373957851006821, "timestamp": "20240716T13" }, "geometry": { "type": "LineString", "coordinates": [ [ -78.5, 45.5 ], [ -77.733490969329807, 45.670695583938269 ] ] } },
{ "type": "Feature", "properties": { "u": 10.954802105655419, "v": 5.0652033154755589, "speed": 12.06913310064882, "direction": 65.185459318465092, "timestamp": "20240716T13" }, "geometry": { "type": "LineString", "coordinates": [ [ -78.5, 45.75 ], [ -77.792825593487251, 45.978162311507909 ] ] } },
{ "type": "Feature", "properties": { "u": 9.5621128141557641, "v": 5.2866035241137483, "speed": 10.926215186047443, "direction": 61.063118813351728, "timestamp": "20240716T13" }, "geometry": { "type": "LineString", "coordinates": [ [ -78.5, 46.0 ], [ -77.879945854312751, 46.238135293878997 ] ] } },
{ "type": "Feature", "properties": { "u": 9.4459868570517909, "v": 8.7215485345969324, "speed": 12.856596615937091, "direction": 47.283484188937365, "timestamp": "20240716T13" }, "geometry": { "type": "LineString", "coordinates": [ [ -78.25, 41.0 ], [ -77.686213724297488, 41.392862546603467 ] ] } },
{ "type": "Feature", "properties": { "u": 9.6002571840372504, "v": 8.9258571267965436, "speed": 13.108617907607327, "direction": 47.084798883389396, "timestamp": "20240716T13" }, "geometry": { "type": "LineString", "coordinates": [ [ -78.25, 41.25 ], [ -77.674818940155589, 41.652065636342186 ] ] } },
{ "type": "Feature", "properties": { "u": 9.2754714618471574, "v": 8.7580150108521568, "speed": 12.756849053345922, "direction": 46.643605511520711, "timestamp": "20240716T13" }, "geometry": { "type": "LineString", "coordinates": [ [ -78.25, 41.5 ], [ -77.692137875156646, 41.894505180669015 ] ] } },
{ "type": "Feature", "properties": { "u": 9.8138492980332455, "v": 7.9907149972635603, "speed": 12.65555862899779, "direction": 50.846539873181982, "timestamp": "20240716T13" }, "geometry": { "type": "LineString", "coordinates": [ [ -78.25, 41.75 ], [ -77.65746476280242, 42.109942116993857 ] ] } },
{ "type": "Feature", "properties": { "u": 9.4330288990258033, "v": 7.6381891429214743, "speed": 12.13770849843163, "direction": 51.001933461563922, "timestamp": "20240716T13" }, "geometry": { "type": "LineString", "coordinates": [ [ -78.25, 42.0 ], [ -77.678225566403071, 42.34406257400547 ] ] } },
{ "type": "Feature", "properties": { "u": 8.2360896268150547, "v": 7.1972141241342857, "speed": 10.937690043586379, "direction": 48.850991553909999, "timestamp": "20240716T13" }, "geometry": { "type": "LineString", "coordinates": [ [ -78.25, 42.25 ], [ -77.748803103492605, 42.574198834420464 ] ] } },
{ "type": "Feature", "properties": { "u": 6.337855027179331, "v": 5.9209536432932595, "speed": 8.6732980112279119, "direction": 46.947782036438568, "timestamp": "20240716T13" }, "geometry": { "type": "LineString", "coordinates": [ [ -78.25, 42.5 ], [ -77.86277941022378, 42.766709623571771 ] ] } },
{ "type": "Feature", "properties": { "u": 4.1247035330872075, "v": 4.3622974841894395, "speed": 6.0035671543198053, "direction": 43.396421070931602, "timestamp": "20240716T13" }, "geometry": { "type": "LineString", "coordinates": [ [ -78.25, 42.75 ], [ -77.996981123337548, 42.946499886675198 ] ] } },
{ "type": "Feature", "properties": { "u": 3.2072691197428154, "v": 3.5114183823816356, "speed": 4.7556949295117237, "direction": 42.408038444338146, "timestamp": "20240716T13" }, "geometry": { "type": "LineString", "coordinates": [ [ -78.25, 43.0 ], [ -78.052460038623522, 43.158171999206381 ] ] } },
{ "type": "Feature", "properties": { "u": 2.0967472770979705, "v": 2.8860719373964803, "speed": 3.5673183726498574, "direction": 35.998613238630213, "timestamp": "20240716T13" }, "geometry": { "type": "LineString", "coordinates": [ [ -78.25, 43.25 ], [ -78.120329709103856, 43.380003240423264 ] ] } },
{ "type": "Feature", "properties": { "u": 1.4077176093051724, "v": 2.6686951130420482, "speed": 3.0172176709548784, "direction": 27.811326689587116, "timestamp": "20240716T13" }, "geometry": { "type": "LineString", "coordinates": [ [ -78.25, 43.5 ], [ -78.162582101524535, 43.620211491578473 ] ] } },
{ "type": "Feature", "properties": { "u": 1.2232945957806673, "v": 2.8020741325312164, "speed": 3.0574612200756945, "direction": 23.584519294068446, "timestamp": "20240716T13" }, "geometry": { "type": "LineString", "coordinates": [ [ -78.25, 43.75 ], [ -78.173718010498234, 43.876219555519427 ] ] } },
{ "type": "Feature", "properties": { "u": 2.2372496535901307, "v": 2.377400764414527, "speed": 3.2645551622124471, "direction": 43.260410036212328, "timestamp": "20240716T13" }, "geometry": { "type": "LineString", "coordinates": [ [ -78.25, 44.0 ], [ -78.109903467908296, 44.107090124523175 ] ] } },
{ "type": "Feature", "properties": { "u": 3.945062365128496, "v": 1.3023317699227215, "speed": 4.1544656820947852, "direction": 71.731070006730491, "timestamp": "20240716T13" }, "geometry": { "type": "LineString", "coordinates": [ [ -78.25, 44.25 ], [ -78.001912564842257, 44.308663593239764 ] ] } },
{ "type": "Feature", "properties": { "u": 5.0318916407585306, "v": -0.0090326586362810546, "speed": 5.0318997479339371, "direction": 90.102850517996956, "timestamp": "20240716T13" }, "geometry": { "type": "LineString", "coordinates": [ [ -78.25, 44.5 ], [ -77.932212908679489, 44.49959312348485 ] ] } },
{ "type": "Feature", "properties": { "u": 7.0525616682585142, "v": -0.3702269806712562, "speed": 7.0622725876169827, "direction": 93.005005995824916, "timestamp": "20240716T13" }, "geometry": { "type": "LineString", "coordinates": [ [ -78.25, 44.75 ], [ -77.802676006949795, 44.733323108978773 ] ] } },
{ "type": "Feature", "properties": { "u": 9.6943232084131417, "v": 0.59531100585999341, "speed": 9.712584499651765, "direction": 86.485981564599328, "timestamp": "20240716T13" }, "geometry": { "type": "LineString", "coordinates": [ [ -78.25, 45.0 ], [ -77.632439488316848, 45.026815811074776 ] ] } },
{ "type": "Feature", "properties": { "u": 11.454167615436905, "v": 2.2640780824094415, "speed": 11.675787139451042, "direction": 78.818813088136181, "timestamp": "20240716T13" }, "geometry": { "type": "LineString", "coordinates": [ [ -78.25, 45.25 ], [ -77.517126839442795, 45.351985499207629 ] ] } },
{ "type": "Feature", "properties": { "u": 11.545605685019449, "v": 3.9835999768702903, "speed": 12.213520352857911, "direction": 70.963942484907847, "timestamp": "20240716T13" }, "geometry": { "type": "LineString", "coordinates": [ [ -78.25, 45.5 ], [ -77.508003347018771, 45.679441440399565 ] ] } },
{ "type": "Feature", "properties": { "u": 10.891256561455984, "v": 4.988584993949174, "speed": 11.979376015857959, "direction": 65.390526575135297, "timestamp": "20240716T13" }, "geometry": { "type": "LineString", "coordinates": [ [ -78.25, 45.75 ], [ -77.546927701592196, 45.974711035763477 ] ] } },
{ "type": "Feature", "properties": { "u": 9.7494329372171329, "v": 5.1289237632701985, "speed": 11.0162290084553, "direction": 62.252306224310495, "timestamp": "20240716T13" }, "geometry": { "type": "LineString", "coordinates": [ [ -78.25, 46.0 ], [ -77.617799101693095, 46.23103260194911 ] ] } },
{ "type": "Feature", "properties": { "u": 8.1049333156830574, "v": 8.2190565967080449, "speed": 11.54308604280325, "direction": 44.599443772310522, "timestamp": "20240716T13" }, "geometry": { "type": "LineString", "coordinates": [ [ -78.0, 41.0 ], [ -77.516254866959201, 41.370227774626485 ] ] } },
{ "type": "Feature", "properties": { "u": 8.6993571137941306, "v": 8.6702338689807892, "speed": 12.28217283448422, "direction": 45.096066594287173, "timestamp": "20240716T13" }, "geometry": { "type": "LineString", "coordinates": [ [ -78.0, 41.25 ], [ -77.478794645939587, 41.640551075179317 ] ] } },
{ "type": "Feature", "properties": { "u": 8.7969556290193403, "v": 8.3048772551687957, "speed": 12.097826852883745, "direction": 46.648141305136946, "timestamp": "20240716T13" }, "geometry": { "type": "LineString", "coordinates": [ [ -78.0, 41.5 ], [ -77.470917636958575, 41.874093570052651 ] ] } },
{ "type": "Feature", "properties": { "u": 9.5678376416969471, "v": 7.6447901868210959, "speed": 12.246890794744155, "direction": 51.3748239284104, "timestamp": "20240716T13" }, "geometry": { "type": "LineString", "coordinates": [ [ -78.0, 41.75 ], [ -77.422318320332565, 42.094359918325274 ] ] } },
{ "type": "Feature", "properties": { "u": 9.4360525164735041, "v": 7.221703296206055, "speed": 11.882427596753086, "direction": 52.572050564925647, "timestamp": "20240716T13" }, "geometry": { "type": "LineString", "coordinates": [ [ -78.0, 42.0 ], [ -77.428042292592281, 42.325301950279552 ] ] } },
{ "type": "Feature", "properties": { "u": 8.3722179864372279, "v": 6.6383899376539892, "speed": 10.6846738357691, "direction": 51.588856110374635, "timestamp": "20240716T13" }, "geometry": { "type": "LineString", "coordinates": [ [ -78.0, 42.25 ], [ -77.490519183032688, 42.549026573768195 ] ] } },
{ "type": "Feature", "properties": { "u": 6.5592615387051856, "v": 5.0829829558302873, "speed": 8.2982303934271631, "direction": 52.226742836586986, "timestamp": "20240716T13" }, "geometry": { "type": "LineString", "coordinates": [ [ -78.0, 42.5 ], [ -77.599252253227334, 42.728963196208575 ] ] } },
{ "type": "Feature", "properties": { "u": 4.4275243383781175, "v": 3.9539647710021768, "speed": 5.9360600719043344, "direction": 48.233810482048774, "timestamp": "20240716T13" }, "geometry": { "type": "LineString", "coordinates": [ [ -78.0, 42.75 ], [ -77.728405393137763, 42.928106521216314 ] ] } },
{ "type": "Feature", "properties": { "u": 3.6409062943836878, "v": 3.0978725982593338, "speed": 4.7804825362643877, "direction": 49.607133345871482, "timestamp": "20240716T13" }, "geometry": { "type": "LineString", "coordinates": [ [ -78.0, 43.0 ], [ -77.775751749567675, 43.139543810732405 ] ] } },
{ "type": "Feature", "properties": { "u": 2.4447162687342536, "v": 2.848937216254229, "speed": 3.7540752385604002, "direction": 40.633394354382141, "timestamp": "20240716T13" }, "geometry": { "type": "LineString", "coordinates": [ [ -78.0, 43.25 ], [ -77.8488100720636, 43.378330505236676 ] ] } },
{ "type": "Feature", "properties": { "u": 1.6354270997190088, "v": 2.8461887682201583, "speed": 3.2825923144426437, "direction": 29.881781586726959, "timestamp": "20240716T13" }, "geometry": { "type": "LineString", "coordinates": [ [ -78.0, 43.5 ], [ -77.898441562979514, 43.628206701271175 ] ] } },
{ "type": "Feature", "properties": { "u": 1.4404524304072515, "v": 3.3336155551304096, "speed": 3.6315142673096559, "direction": 23.369131479006736, "timestamp": "20240716T13" }, "geometry": { "type": "LineString", "coordinates": [ [ -78.0, 43.75 ], [ -77.910176520395723, 43.900162862843715 ] ] } },
{ "type": "Feature", "properties": { "u": 2.2019145496806285, "v": 3.3430455961657701, "speed": 4.0030465325972164, "direction": 33.371108304077687, "timestamp": "20240716T13" }, "geometry": { "type": "LineString", "coordinates": [ [ -78.0, 44.0 ], [ -77.86211615146415, 44.150587639466927 ] ] } },
{ "type": "Feature", "properties": { "u": 3.5727246452112902, "v": 2.6490662764556867, "speed": 4.447686311730509, "direction": 53.444193588492098, "timestamp": "20240716T13" }, "geometry": { "type": "LineString", "coordinates": [ [ -78.0, 44.25 ], [ -77.775327228895037, 44.369327309750254 ] ] } },
{ "type": "Feature", "properties": { "u": 4.5953185390481694, "v": 1.4056857813580643, "speed": 4.8055077766279846, "direction": 72.991381108384218, "timestamp": "20240716T13" }, "geometry": { "type": "LineString", "coordinates": [ [ -78.0, 44.5 ], [ -77.709784507204688, 44.563319179340454 ] ] } },
{ "type": "Feature", "properties": { "u": 6.5549151631859193, "v": 0.49386934655906572, "speed": 6.5734937231304453, "direction": 85.691284017488968, "timestamp": "20240716T13" }, "geometry": { "type": "LineString", "coordinates": [ [ -78.0, 44.75 ], [ -77.584240313970113, 44.772246366962122 ] ] } },
{ "type": "Feature", "properties": { "u": 8.8430749593898721, "v": 1.0426885673571253, "speed": 8.9043345728855812, "direction": 83.27529368008544, "timestamp": "20240716T13" }, "geometry": { "type": "LineString", "coordinates": [ [ -78.0, 45.0 ], [ -77.436666822493194, 45.046967953484554 ] ] } },
{ "type": "Feature", "properties": { "u": 10.353879038298581, "v": 2.4877189540712852, "speed": 10.648547165419529, "direction": 76.489679853947607, "timestamp": "20240716T13" }, "geometry": { "type": "LineString", "coordinates": [ [ -78.0, 45.25 ], [ -77.337526714329002, 45.362059412345552 ] ] } },
{ "type": "Feature", "properties": { "u": 10.843371275230632, "v": 3.9731095981300109, "speed": 11.548346223215235, "direction": 69.87670766205116, "timestamp": "20240716T13" }, "geometry": { "type": "LineString", "coordinates": [ [ -78.0, 45.5 ], [ -77.303133554639459, 45.67896890081667 ] ] } },
{ "type": "Feature", "properties": { "u": 10.399500784592828, "v": 4.8089438347255751, "speed": 11.457554598355269, "direction": 65.183204411764109, "timestamp": "20240716T13" }, "geometry": { "type": "LineString", "coordinates": [ [ -78.0, 45.75 ], [ -77.328672419232774, 45.966619091654309 ] ] } },
{ "type": "Feature", "properties": { "u": 9.3265650925803794, "v": 4.7452143882103295, "speed": 10.464314407366457, "direction": 63.03370060705425, "timestamp": "20240716T13" }, "geometry": { "type": "LineString", "coordinates": [ [ -78.0, 46.0 ], [ -77.395219920213108, 46.213748395865331 ] ] } },
{ "type": "Feature", "properties": { "u": 7.094006788755145, "v": 7.9232090031622162, "speed": 10.634950551210611, "direction": 41.83952125551734, "timestamp": "20240716T13" }, "geometry": { "type": "LineString", "coordinates": [ [ -77.75, 41.0 ], [ -77.326592289639407, 41.356901306448748 ] ] } },
{ "type": "Feature", "properties": { "u": 7.9440813721958383, "v": 8.2268973905118283, "speed": 11.436357353724098, "direction": 43.998049984964858, "timestamp": "20240716T13" }, "geometry": { "type": "LineString", "coordinates": [ [ -77.75, 41.25 ], [ -77.274045548410157, 41.620580963536568 ] ] } },
{ "type": "Feature", "properties": { "u": 8.3010366700910279, "v": 8.0799665515423289, "speed": 11.584173223507959, "direction": 45.773189267468354, "timestamp": "20240716T13" }, "geometry": { "type": "LineString", "coordinates": [ [ -77.75, 41.5 ], [ -77.25074408894173, 41.863962457276685 ] ] } },
{ "type": "Feature", "properties": { "u": 9.6529575626208679, "v": 7.3733001250355974, "speed": 12.14681622646895, "direction": 52.626017614552779, "timestamp": "20240716T13" }, "geometry": { "type": "LineString", "coordinates": [ [ -77.75, 41.75 ], [ -77.167178996199581, 42.082130636262868 ] ] } },
{ "type": "Feature", "properties": { "u": 9.6054251955756271, "v": 6.7796025597835134, "speed": 11.757006594215309, "direction": 54.785184338159738, "timestamp": "20240716T13" }, "geometry": { "type": "LineString", "coordinates": [ [ -77.75, 42.0 ], [ -77.167775922299441, 42.305387502692952 ] ] } },
{ "type": "Feature", "properties": { "u": 8.5212076208100331, "v": 6.036184304669689, "speed": 10.442533230825349, "direction": 54.687313934117604, "timestamp": "20240716T13" }, "geometry": { "type": "LineString", "coordinates": [ [ -77.75, 42.25 ], [ -77.231452605840971, 42.521900193904038 ] ] } },
{ "type": "Feature", "properties": { "u": 6.7328369152472378, "v": 4.5018960097255052, "speed": 8.0992691404655996, "direction": 56.23142348489511, "timestamp": "20240716T13" }, "geometry": { "type": "LineString", "coordinates": [ [ -77.75, 42.5 ], [ -77.338647409887272, 42.702788108546194 ] ] } },
{ "type": "Feature", "properties": { "u": 4.8847853406448083, "v": 3.6730448128159159, "speed": 6.1116598417395842, "direction": 53.059185057788902, "timestamp": "20240716T13" }, "geometry": { "type": "LineString", "coordinates": [ [ -77.75, 42.75 ], [ -77.45035594323015, 42.915452469045761 ] ] } },
{ "type": "Feature", "properties": { "u": 4.0512319165388648, "v": 2.8959740428242968, "speed": 4.9798740645015576, "direction": 54.441378932829636, "timestamp": "20240716T13" }, "geometry": { "type": "LineString", "coordinates": [ [ -77.75, 43.0 ], [ -77.50047924996565, 43.1304492812083 ] ] } },
{ "type": "Feature", "properties": { "u": 2.6152400359976462, "v": 2.9894034873647937, "speed": 3.9719030270329814, "direction": 41.180627209919535, "timestamp": "20240716T13" }, "geometry": { "type": "LineString", "coordinates": [ [ -77.75, 43.25 ], [ -77.588264277275982, 43.384657814746163 ] ] } },
{ "type": "Feature", "properties": { "u": 1.5353653170633201, "v": 3.1003559102533735, "speed": 3.4597042398280191, "direction": 26.345638293601709, "timestamp": "20240716T13" }, "geometry": { "type": "LineString", "coordinates": [ [ -77.75, 43.5 ], [ -77.654655302652614, 43.639655671633037 ] ] } },
{ "type": "Feature", "properties": { "u": 1.3059399917648167, "v": 3.8105854076683987, "speed": 4.0281559566662795, "direction": 18.917292167678387, "timestamp": "20240716T13" }, "geometry": { "type": "LineString", "coordinates": [ [ -77.75, 43.75 ], [ -77.668564423414153, 43.921647991336414 ] ] } },
{ "type": "Feature", "properties": { "u": 1.9426484518171037, "v": 4.098374602107528, "speed": 4.5354776359880145, "direction": 25.361167421535047, "timestamp": "20240716T13" }, "geometry": { "type": "LineString", "coordinates": [ [ -77.75, 44.0 ], [ -77.628351389735982, 44.184611468563403 ] ] } },
{ "type": "Feature", "properties": { "u": 3.2181524961755859, "v": 3.7026251082017758, "speed": 4.9057046568793119, "direction": 40.995677286818676, "timestamp": "20240716T13" }, "geometry": { "type": "LineString", "coordinates": [ [ -77.75, 44.25 ], [ -77.547624695168366, 44.416784914783861 ] ] } },
{ "type": "Feature", "properties": { "u": 4.5540812993040998, "v": 2.8662188334960907, "speed": 5.3809726706385534, "direction": 57.814769568114222, "timestamp": "20240716T13" }, "geometry": { "type": "LineString", "coordinates": [ [ -77.75, 44.5 ], [ -77.462388828483441, 44.629108956463789 ] ] } },
{ "type": "Feature", "properties": { "u": 6.1612775835154885, "v": 1.4892947250229511, "speed": 6.3387175547670243, "direction": 76.411203313801678, "timestamp": "20240716T13" }, "geometry": { "type": "LineString", "coordinates": [ [ -77.75, 44.75 ], [ -77.359207629710895, 44.817085347974007 ] ] } },
{ "type": "Feature", "properties": { "u": 7.9558757341174289, "v": 1.4727444931020388, "speed": 8.0910404175656492, "direction": 79.512462847867511, "timestamp": "20240716T13" }, "geometry": { "type": "LineString", "coordinates": [ [ -77.75, 45.0 ], [ -77.243184352984514, 45.066339842031624 ] ] } },
{ "type": "Feature", "properties": { "u": 9.1251503607163826, "v": 2.5402612102611761, "speed": 9.4721326068652516, "direction": 74.443850081784745, "timestamp": "20240716T13" }, "geometry": { "type": "LineString", "coordinates": [ [ -77.75, 45.25 ], [ -77.166144585102373, 45.364426180642397 ] ] } },
{ "type": "Feature", "properties": { "u": 9.7057622334525213, "v": 3.7062621092905221, "speed": 10.389331035012596, "direction": 69.100041667733208, "timestamp": "20240716T13" }, "geometry": { "type": "LineString", "coordinates": [ [ -77.75, 45.5 ], [ -77.126243803198847, 45.666948743661735 ] ] } },
{ "type": "Feature", "properties": { "u": 9.0818989714663765, "v": 4.1980288110978021, "speed": 10.005215381326344, "direction": 65.191670256009175, "timestamp": "20240716T13" }, "geometry": { "type": "LineString", "coordinates": [ [ -77.75, 45.75 ], [ -77.163728659521837, 45.939100396896301 ] ] } },
{ "type": "Feature", "properties": { "u": 8.2086758993305065, "v": 3.9024756738804327, "speed": 9.0890965670674895, "direction": 64.573180426400455, "timestamp": "20240716T13" }, "geometry": { "type": "LineString", "coordinates": [ [ -77.75, 46.0 ], [ -77.217709321056333, 46.175787192517134 ] ] } },
{ "type": "Feature", "properties": { "u": 6.3533788410423373, "v": 8.1890758448146421, "speed": 10.364670081094291, "direction": 37.805593155915957, "timestamp": "20240716T13" }, "geometry": { "type": "LineString", "coordinates": [ [ -77.5, 41.0 ], [ -77.120796868646465, 41.368877290306969 ] ] } },
{ "type": "Feature", "properties": { "u": 6.9636404690467488, "v": 8.1684368564884373, "speed": 10.73385528412715, "direction": 40.447787111803493, "timestamp": "20240716T13" }, "geometry": { "type": "LineString", "coordinates": [ [ -77.5, 41.25 ], [ -77.082786791168303, 41.617947606148128 ] ] } },
{ "type": "Feature", "properties": { "u": 8.0494249068378636, "v": 8.1517896884962262, "speed": 11.456217371204822, "direction": 44.637990603738196, "timestamp": "20240716T13" }, "geometry": { "type": "LineString", "coordinates": [ [ -77.5, 41.5 ], [ -77.015876977168631, 41.867197733716047 ] ] } },
{ "type": "Feature", "properties": { "u": 9.2589424163286651, "v": 7.4474364768820323, "speed": 11.882437660096651, "direction": 51.188517250321482, "timestamp": "20240716T13" }, "geometry": { "type": "LineString", "coordinates": [ [ -77.5, 41.75 ], [ -76.940968627676241, 42.085470111571261 ] ] } },
{ "type": "Feature", "properties": { "u": 9.1155615589097447, "v": 6.9196799193543033, "speed": 11.444449865353434, "direction": 52.797638825166942, "timestamp": "20240716T13" }, "geometry": { "type": "LineString", "coordinates": [ [ -77.5, 42.0 ], [ -76.947468559350867, 42.311697293664608 ] ] } },
{ "type": "Feature", "properties": { "u": 8.8644186001898948, "v": 5.6553972077095453, "speed": 10.514819765281834, "direction": 57.462592347251707, "timestamp": "20240716T13" }, "geometry": { "type": "LineString", "coordinates": [ [ -77.5, 42.25 ], [ -76.960566932480603, 42.504747621968896 ] ] } },
{ "type": "Feature", "properties": { "u": 7.5817521197778976, "v": 4.1604009264441402, "speed": 8.6482310951149941, "direction": 61.244718512153689, "timestamp": "20240716T13" }, "geometry": { "type": "LineString", "coordinates": [ [ -77.5, 42.5 ], [ -77.036781684849601, 42.687405447137124 ] ] } },
{ "type": "Feature", "properties": { "u": 5.500882888848273, "v": 3.6926123653066822, "speed": 6.6253376243961739, "direction": 56.127473756569067, "timestamp": "20240716T13" }, "geometry": { "type": "LineString", "coordinates": [ [ -77.5, 42.75 ], [ -77.162563091377777, 42.916333890329128 ] ] } },
{ "type": "Feature", "properties": { "u": 4.3491740520177657, "v": 3.4207100291577426, "speed": 5.5332243799004752, "direction": 51.814260620650863, "timestamp": "20240716T13" }, "geometry": { "type": "LineString", "coordinates": [ [ -77.5, 43.0 ], [ -77.232128598449492, 43.154086037349451 ] ] } },
{ "type": "Feature", "properties": { "u": 2.7330788145186684, "v": 3.4547001330497635, "speed": 4.4050735312438114, "direction": 38.348189684230604, "timestamp": "20240716T13" }, "geometry": { "type": "LineString", "coordinates": [ [ -77.5, 43.25 ], [ -77.330976709119085, 43.405617123110346 ] ] } },
{ "type": "Feature", "properties": { "u": 1.4825656699705412, "v": 3.5564241668974792, "speed": 3.8530707001906448, "direction": 22.629779004344897, "timestamp": "20240716T13" }, "geometry": { "type": "LineString", "coordinates": [ [ -77.5, 43.5 ], [ -77.407934109537308, 43.66019928679718 ] ] } },
{ "type": "Feature", "properties": { "u": 1.0910335606006545, "v": 4.2414389473417797, "speed": 4.379515792229169, "direction": 14.425560430406994, "timestamp": "20240716T13" }, "geometry": { "type": "LineString", "coordinates": [ [ -77.5, 43.75 ], [ -77.431965520895062, 43.941055808438819 ] ] } },
{ "type": "Feature", "properties": { "u": 1.5789674009556469, "v": 4.5687428866061186, "speed": 4.833895904670956, "direction": 19.065260033236875, "timestamp": "20240716T13" }, "geometry": { "type": "LineString", "coordinates": [ [ -77.5, 44.0 ], [ -77.401125090440956, 44.205799229126399 ] ] } },
{ "type": "Feature", "properties": { "u": 2.7953338416092048, "v": 4.2980790476081934, "speed": 5.1271214912009091, "direction": 33.03869464206872, "timestamp": "20240716T13" }, "geometry": { "type": "LineString", "coordinates": [ [ -77.5, 44.25 ], [ -77.324213880798339, 44.443607164306677 ] ] } },
{ "type": "Feature", "properties": { "u": 4.4227970100490666, "v": 3.8554451364002187, "speed": 5.8673324937224294, "direction": 48.920653004009417, "timestamp": "20240716T13" }, "geometry": { "type": "LineString", "coordinates": [ [ -77.5, 44.5 ], [ -77.220680034931618, 44.673668699837847 ] ] } },
{ "type": "Feature", "properties": { "u": 5.7909026080591417, "v": 2.5016251518128696, "speed": 6.3081440548079533, "direction": 66.636028859009173, "timestamp": "20240716T13" }, "geometry": { "type": "LineString", "coordinates": [ [ -77.5, 44.75 ], [ -77.132699464414401, 44.862685817649229 ] ] } },
{ "type": "Feature", "properties": { "u": 7.424689549738078, "v": 1.9670814606221851, "speed": 7.6808478947778509, "direction": 75.161099010571661, "timestamp": "20240716T13" }, "geometry": { "type": "LineString", "coordinates": [ [ -77.5, 45.0 ], [ -77.027022673078861, 45.088607273001003 ] ] } },
{ "type": "Feature", "properties": { "u": 8.5590069914318114, "v": 2.4910736549769825, "speed": 8.9141487890823878, "direction": 73.772519345635374, "timestamp": "20240716T13" }, "geometry": { "type": "LineString", "coordinates": [ [ -77.5, 45.25 ], [ -76.952368193338813, 45.362210524998964 ] ] } },
{ "type": "Feature", "properties": { "u": 8.4836180637757863, "v": 3.1746903375644786, "speed": 9.0581694724402286, "direction": 69.483437269040678, "timestamp": "20240716T13" }, "geometry": { "type": "LineString", "coordinates": [ [ -77.5, 45.5 ], [ -76.954786835769013, 45.643004069259661 ] ] } },
{ "type": "Feature", "properties": { "u": 7.2418656030185797, "v": 3.1217786316601059, "speed": 7.8860712168527431, "direction": 66.680391170868788, "timestamp": "20240716T13" }, "geometry": { "type": "LineString", "coordinates": [ [ -77.5, 45.75 ], [ -77.03250985636555, 45.890620659083787 ] ] } },
{ "type": "Feature", "properties": { "u": 6.8690636183347102, "v": 2.9507635670170211, "speed": 7.4760310741171052, "direction": 66.752950872491084, "timestamp": "20240716T13" }, "geometry": { "type": "LineString", "coordinates": [ [ -77.5, 46.0 ], [ -77.054576330951406, 46.13291727779356 ] ] } },
{ "type": "Feature", "properties": { "u": 5.527649141812665, "v": 8.7907977229466461, "speed": 10.38426837291613, "direction": 32.161660567326336, "timestamp": "20240716T13" }, "geometry": { "type": "LineString", "coordinates": [ [ -77.25, 41.0 ], [ -76.920080768667788, 41.395981879412012 ] ] } },
{ "type": "Feature", "properties": { "u": 5.6767433400944576, "v": 8.4493741925575794, "speed": 10.179260247933778, "direction": 33.895325843086525, "timestamp": "20240716T13" }, "geometry": { "type": "LineString", "coordinates": [ [ -77.25, 41.25 ], [ -76.909888772953991, 41.630602441106198 ] ] } },
{ "type": "Feature", "properties": { "u": 7.6707858569810918, "v": 8.3669444619380684, "speed": 11.351066702861774, "direction": 42.514490794100098, "timestamp": "20240716T13" }, "geometry": { "type": "LineString", "coordinates": [ [ -77.25, 41.5 ], [ -76.788649769448853, 41.876889390177389 ] ] } },
{ "type": "Feature", "properties": { "u": 9.220711745809588, "v": 7.4072554672937301, "speed": 11.82746628222054, "direction": 51.224113571991325, "timestamp": "20240716T13" }, "geometry": { "type": "LineString", "coordinates": [ [ -77.25, 41.75 ], [ -76.693276898237187, 42.083660156184401 ] ] } },
{ "type": "Feature", "properties": { "u": 9.2600323532466184, "v": 6.720454803387125, "speed": 11.441709310568207, "direction": 54.029786887549676, "timestamp": "20240716T13" }, "geometry": { "type": "LineString", "coordinates": [ [ -77.25, 42.0 ], [ -76.688711594065651, 42.302723189341762 ] ] } },
{ "type": "Feature", "properties": { "u": 9.106747160246643, "v": 5.5015638539727805, "speed": 10.639551150307053, "direction": 58.863005954449463, "timestamp": "20240716T13" }, "geometry": { "type": "LineString", "coordinates": [ [ -77.25, 42.25 ], [ -76.695820332123063, 42.497818191620397 ] ] } },
{ "type": "Feature", "properties": { "u": 7.5959915441721062, "v": 4.43100028560068, "speed": 8.7939098852630639, "direction": 59.743533469362561, "timestamp": "20240716T13" }, "geometry": { "type": "LineString", "coordinates": [ [ -77.25, 42.5 ], [ -76.785911706238792, 42.699594607459488 ] ] } },
{ "type": "Feature", "properties": { "u": 5.91048632944588, "v": 4.3210551015294003, "speed": 7.3215685369338646, "direction": 53.830103195573905, "timestamp": "20240716T13" }, "geometry": { "type": "LineString", "coordinates": [ [ -77.25, 42.75 ], [ -76.887437066783349, 42.944642121690514 ] ] } },
{ "type": "Feature", "properties": { "u": 4.4671291375934779, "v": 4.2562604250146006, "speed": 6.1701698143148471, "direction": 46.384729496988996, "timestamp": "20240716T13" }, "geometry": { "type": "LineString", "coordinates": [ [ -77.25, 43.0 ], [ -76.974863588193458, 43.191723442568225 ] ] } },
{ "type": "Feature", "properties": { "u": 2.8149910896906079, "v": 4.5093718560191371, "speed": 5.3158827461574996, "direction": 31.974615320316232, "timestamp": "20240716T13" }, "geometry": { "type": "LineString", "coordinates": [ [ -77.25, 43.25 ], [ -77.075910963396865, 43.45312485837924 ] ] } },
{ "type": "Feature", "properties": { "u": 1.5866457618472465, "v": 4.5486000624826417, "speed": 4.8173859407364201, "direction": 19.22982799864236, "timestamp": "20240716T13" }, "geometry": { "type": "LineString", "coordinates": [ [ -77.25, 43.5 ], [ -77.151470836758122, 43.704891894706428 ] ] } },
{ "type": "Feature", "properties": { "u": 1.1794591293862475, "v": 4.9430502508594545, "speed": 5.0818175508782559, "direction": 13.420382988695291, "timestamp": "20240716T13" }, "geometry": { "type": "LineString", "coordinates": [ [ -77.25, 43.75 ], [ -77.176451494810863, 43.972659921209882 ] ] } },
{ "type": "Feature", "properties": { "u": 1.5058130567124928, "v": 5.0848047592807752, "speed": 5.303085177683859, "direction": 16.496118031148743, "timestamp": "20240716T13" }, "geometry": { "type": "LineString", "coordinates": [ [ -77.25, 44.0 ], [ -77.155706014129763, 44.22904525942706 ] ] } },
{ "type": "Feature", "properties": { "u": 2.4928658161768138, "v": 4.6776442039143022, "speed": 5.3004467053141813, "direction": 28.054577066670081, "timestamp": "20240716T13" }, "geometry": { "type": "LineString", "coordinates": [ [ -77.25, 44.25 ], [ -77.093234750356714, 44.460704693870014 ] ] } },
{ "type": "Feature", "properties": { "u": 4.1438497856453012, "v": 4.4684651232191142, "speed": 6.094150605574022, "direction": 42.841429548257047, "timestamp": "20240716T13" }, "geometry": { "type": "LineString", "coordinates": [ [ -77.25, 44.5 ], [ -76.988296834617287, 44.701282212757619 ] ] } },
{ "type": "Feature", "properties": { "u": 5.5688904370548391, "v": 3.4310553342827546, "speed": 6.5410000310985312, "direction": 58.362315475913483, "timestamp": "20240716T13" }, "geometry": { "type": "LineString", "coordinates": [ [ -77.25, 44.75 ], [ -76.896781067030702, 44.904552042084809 ] ] } },
{ "type": "Feature", "properties": { "u": 7.2302680186412713, "v": 2.533792775141344, "speed": 7.6613890025729177, "direction": 70.687373365035569, "timestamp": "20240716T13" }, "geometry": { "type": "LineString", "coordinates": [ [ -77.25, 45.0 ], [ -76.789407968848877, 45.114134809691052 ] ] } },
{ "type": "Feature", "properties": { "u": 8.2904618519097699, "v": 2.480397967123313, "speed": 8.6535617980852635, "direction": 73.343503424983652, "timestamp": "20240716T13" }, "geometry": { "type": "LineString", "coordinates": [ [ -77.25, 45.25 ], [ -76.719550544057043, 45.361729638158707 ] ] } },
{ "type": "Feature", "properties": { "u": 7.8214576286581456, "v": 2.5672434653610958, "speed": 8.2320069513657455, "direction": 71.828569840581054, "timestamp": "20240716T13" }, "geometry": { "type": "LineString", "coordinates": [ [ -77.25, 45.5 ], [ -76.747341625876842, 45.61564159753879 ] ] } },
{ "type": "Feature", "properties": { "u": 6.4621773071693029, "v": 2.2760189695164481, "speed": 6.8512770998473425, "direction": 70.597419802319038, "timestamp": "20240716T13" }, "geometry": { "type": "LineString", "coordinates": [ [ -77.25, 45.75 ], [ -76.832841720196981, 45.852523377005248 ] ] } },
{ "type": "Feature", "properties": { "u": 5.9215431725956176, "v": 2.3496765570445786, "speed": 6.370687048320506, "direction": 68.356753267571577, "timestamp": "20240716T13" }, "geometry": { "type": "LineString", "coordinates": [ [ -77.25, 46.0 ], [ -76.866018189243874, 46.10584128635336 ] ] } }
]
}
