{
"type": "FeatureCollection",
"name": "geojson_wind500m_20240716T14",
"crs": { "type": "name", "properties": { "name": "urn:ogc:def:crs:OGC:1.3:CRS84" } },
"features": [
{ "type": "Feature", "properties": { "u": 11.642140617806062, "v": -1.6581628191125923, "speed": 11.759631886222337, "direction": 98.105985373814264, "timestamp": "20240716T14" }, "geometry": { "type": "LineString", "coordinates": [ [ -82.25, 41.0 ], [ -81.555135694189772, 40.925307981121051 ] ] } },
{ "type": "Feature", "properties": { "u": 12.386146147149017, "v": -2.3429978865451093, "speed": 12.605802452636217, "direction": 100.71166238188493, "timestamp": "20240716T14" }, "geometry": { "type": "LineString", "coordinates": [ [ -82.25, 41.25 ], [ -81.507907727706424, 41.144459554660131 ] ] } },
{ "type": "Feature", "properties": { "u": 13.421064582437584, "v": -4.6262241499368084, "speed": 14.196017906843421, "direction": 109.01900833029175, "timestamp": "20240716T14" }, "geometry": { "type": "LineString", "coordinates": [ [ -82.25, 41.5 ], [ -81.442806140753575, 41.291611524777622 ] ] } },
{ "type": "Feature", "properties": { "u": 12.206046203179907, "v": -7.8547535647983526, "speed": 14.51498251731207, "direction": 122.76182150912143, "timestamp": "20240716T14" }, "geometry": { "type": "LineString", "coordinates": [ [ -82.25, 41.75 ], [ -81.513030003558811, 41.396182271855928 ] ] } },
{ "type": "Feature", "properties": { "u": 9.2152391016807655, "v": -10.680049891967162, "speed": 14.106172315552293, "direction": 139.21086199700312, "timestamp": "20240716T14" }, "geometry": { "type": "LineString", "coordinates": [ [ -82.25, 42.0 ], [ -81.69142669610946, 41.518916671533013 ] ] } },
{ "type": "Feature", "properties": { "u": 6.8105747090505542, "v": -11.494448225849306, "speed": 13.360623783502374, "direction": 149.35283746904918, "timestamp": "20240716T14" }, "geometry": { "type": "LineString", "coordinates": [ [ -82.25, 42.25 ], [ -81.83555102454271, 41.732232061898678 ] ] } },
{ "type": "Feature", "properties": { "u": 5.7178327481614231, "v": -10.786513414303354, "speed": 12.208295662085408, "direction": 152.07234380190127, "timestamp": "20240716T14" }, "geometry": { "type": "LineString", "coordinates": [ [ -82.25, 42.5 ], [ -81.900660584773547, 42.014121017373725 ] ] } },
{ "type": "Feature", "properties": { "u": 5.6712503647711019, "v": -9.4829442245527371, "speed": 11.049403235736058, "direction": 149.11857489879733, "timestamp": "20240716T14" }, "geometry": { "type": "LineString", "coordinates": [ [ -82.25, 42.75 ], [ -81.902112355456509, 42.322840350245372 ] ] } },
{ "type": "Feature", "properties": { "u": 6.1019238518866485, "v": -7.6571508624845173, "speed": 9.7910895218596892, "direction": 141.44893171459978, "timestamp": "20240716T14" }, "geometry": { "type": "LineString", "coordinates": [ [ -82.25, 43.0 ], [ -81.874174412242468, 42.655083294482679 ] ] } },
{ "type": "Feature", "properties": { "u": 7.0349145825015542, "v": -5.8054431367488393, "speed": 9.1210302705953783, "direction": 129.53057122389893, "timestamp": "20240716T14" }, "geometry": { "type": "LineString", "coordinates": [ [ -82.25, 43.25 ], [ -81.814935922270507, 42.988493552398701 ] ] } },
{ "type": "Feature", "properties": { "u": 7.2734235382976777, "v": -4.3479988764096031, "speed": 8.4739473798650575, "direction": 120.87067048546935, "timestamp": "20240716T14" }, "geometry": { "type": "LineString", "coordinates": [ [ -82.25, 43.5 ], [ -81.798327451303408, 43.304144194756326 ] ] } },
{ "type": "Feature", "properties": { "u": 6.7125939701322093, "v": -3.4552386642407615, "speed": 7.5496749621900658, "direction": 117.23667886902416, "timestamp": "20240716T14" }, "geometry": { "type": "LineString", "coordinates": [ [ -82.25, 43.75 ], [ -81.831417244443472, 43.594358618727895 ] ] } },
{ "type": "Feature", "properties": { "u": 5.9927621494635277, "v": -2.8925791515101822, "speed": 6.6543378579535686, "direction": 115.76561781177361, "timestamp": "20240716T14" }, "geometry": { "type": "LineString", "coordinates": [ [ -82.25, 44.0 ], [ -81.874733344603285, 43.869703641823868 ] ] } },
{ "type": "Feature", "properties": { "u": 6.120105639202845, "v": -2.4059672585856422, "speed": 6.5760452769418016, "direction": 111.46103618090891, "timestamp": "20240716T14" }, "geometry": { "type": "LineString", "coordinates": [ [ -82.25, 44.25 ], [ -81.865133762055294, 44.141623096460108 ] ] } },
{ "type": "Feature", "properties": { "u": 7.1542346149916938, "v": -1.8635569365656859, "speed": 7.3929640457780819, "direction": 104.60013802133149, "timestamp": "20240716T14" }, "geometry": { "type": "LineString", "coordinates": [ [ -82.25, 44.5 ], [ -81.798177192349087, 44.416055993848396 ] ] } },
{ "type": "Feature", "properties": { "u": 7.7997002380102112, "v": -1.7703342649432314, "speed": 7.9980877222276474, "direction": 102.78802551213292, "timestamp": "20240716T14" }, "geometry": { "type": "LineString", "coordinates": [ [ -82.25, 44.75 ], [ -81.755287125561168, 44.670255213290844 ] ] } },
{ "type": "Feature", "properties": { "u": 8.0603405648651094, "v": -2.4674709681183997, "speed": 8.4295612578661014, "direction": 107.02065413376755, "timestamp": "20240716T14" }, "geometry": { "type": "LineString", "coordinates": [ [ -82.25, 45.0 ], [ -81.736529597109083, 44.888852659093764 ] ] } },
{ "type": "Feature", "properties": { "u": 7.7299655231224715, "v": -2.9872925896154117, "speed": 8.2871155418899054, "direction": 111.12933034268097, "timestamp": "20240716T14" }, "geometry": { "type": "LineString", "coordinates": [ [ -82.25, 45.25 ], [ -81.755412837132397, 45.115437270738042 ] ] } },
{ "type": "Feature", "properties": { "u": 6.3288223393212366, "v": -2.3935563036491705, "speed": 6.7663213034432692, "direction": 110.71658390207337, "timestamp": "20240716T14" }, "geometry": { "type": "LineString", "coordinates": [ [ -82.25, 45.5 ], [ -81.84326819907055, 45.392182148484274 ] ] } },
{ "type": "Feature", "properties": { "u": 4.3125250849039345, "v": -1.5101403951071317, "speed": 4.5692884151539408, "direction": 109.29900102265864, "timestamp": "20240716T14" }, "geometry": { "type": "LineString", "coordinates": [ [ -82.25, 45.75 ], [ -81.971609999151525, 45.681975657878056 ] ] } },
{ "type": "Feature", "properties": { "u": 2.2289113468260173, "v": -1.1085368054330869, "speed": 2.4893572746814718, "direction": 116.44320290495327, "timestamp": "20240716T14" }, "geometry": { "type": "LineString", "coordinates": [ [ -82.25, 46.0 ], [ -82.105466490740113, 45.950065909665177 ] ] } },
{ "type": "Feature", "properties": { "u": 12.104296788687458, "v": -0.90520765231308919, "speed": 12.13809711785318, "direction": 94.276846096752706, "timestamp": "20240716T14" }, "geometry": { "type": "LineString", "coordinates": [ [ -82.0, 41.0 ], [ -81.27755177836211, 40.959224880526435 ] ] } },
{ "type": "Feature", "properties": { "u": 13.291090946643248, "v": -1.2350278600612996, "speed": 13.348347926506474, "direction": 95.308764397554555, "timestamp": "20240716T14" }, "geometry": { "type": "LineString", "coordinates": [ [ -82.0, 41.25 ], [ -81.203689689700184, 41.194368114411652 ] ] } },
{ "type": "Feature", "properties": { "u": 14.942518460682161, "v": -3.3721911921228473, "speed": 15.31830706651548, "direction": 102.71732913750512, "timestamp": "20240716T14" }, "geometry": { "type": "LineString", "coordinates": [ [ -82.0, 41.5 ], [ -81.101300118999333, 41.34809949585032 ] ] } },
{ "type": "Feature", "properties": { "u": 14.104166160120696, "v": -7.1991463623822813, "speed": 15.835252174161795, "direction": 117.04099083199615, "timestamp": "20240716T14" }, "geometry": { "type": "LineString", "coordinates": [ [ -82.0, 41.75 ], [ -81.148426352661019, 41.425714127820619 ] ] } },
{ "type": "Feature", "properties": { "u": 10.668701786106972, "v": -10.83195114419261, "speed": 15.203695714893064, "direction": 135.43502490458505, "timestamp": "20240716T14" }, "geometry": { "type": "LineString", "coordinates": [ [ -82.0, 42.0 ], [ -81.353326382621816, 41.512074272784119 ] ] } },
{ "type": "Feature", "properties": { "u": 7.6201945947991128, "v": -12.38513287694842, "speed": 14.541625839027569, "direction": 148.39728167551442, "timestamp": "20240716T14" }, "geometry": { "type": "LineString", "coordinates": [ [ -82.0, 42.25 ], [ -81.536282622609988, 41.692111131668987 ] ] } },
{ "type": "Feature", "properties": { "u": 5.6892541582018925, "v": -12.630082135400148, "speed": 13.852313439406844, "direction": 155.75069010383376, "timestamp": "20240716T14" }, "geometry": { "type": "LineString", "coordinates": [ [ -82.0, 42.5 ], [ -81.652406635828939, 41.931077381288283 ] ] } },
{ "type": "Feature", "properties": { "u": 4.7288952205880985, "v": -12.087436027375571, "speed": 12.979543895037216, "direction": 158.63336952498511, "timestamp": "20240716T14" }, "geometry": { "type": "LineString", "coordinates": [ [ -82.0, 42.75 ], [ -81.709918604580992, 42.205520899667768 ] ] } },
{ "type": "Feature", "properties": { "u": 4.5747655249423014, "v": -10.592163553128584, "speed": 11.537868448913176, "direction": 156.64043818711014, "timestamp": "20240716T14" }, "geometry": { "type": "LineString", "coordinates": [ [ -82.0, 43.0 ], [ -81.71823412025492, 42.52287551562484 ] ] } },
{ "type": "Feature", "properties": { "u": 5.2301443563870347, "v": -8.5308806011219502, "speed": 10.006514568981848, "direction": 148.48821463752711, "timestamp": "20240716T14" }, "geometry": { "type": "LineString", "coordinates": [ [ -82.0, 43.25 ], [ -81.676549316396319, 42.865726099048558 ] ] } },
{ "type": "Feature", "properties": { "u": 5.6153783242200683, "v": -6.492736767113362, "speed": 8.5841775640503997, "direction": 139.14442979381022, "timestamp": "20240716T14" }, "geometry": { "type": "LineString", "coordinates": [ [ -82.0, 43.5 ], [ -81.651290451292809, 43.207534379859759 ] ] } },
{ "type": "Feature", "properties": { "u": 5.3675584780992747, "v": -5.0169747707132188, "speed": 7.3471572642613525, "direction": 133.06641857067564, "timestamp": "20240716T14" }, "geometry": { "type": "LineString", "coordinates": [ [ -82.0, 43.75 ], [ -81.665290731366952, 43.524010145463372 ] ] } },
{ "type": "Feature", "properties": { "u": 5.1713085129922023, "v": -4.0275432657479957, "speed": 6.5546576183670835, "direction": 127.9123426828267, "timestamp": "20240716T14" }, "geometry": { "type": "LineString", "coordinates": [ [ -82.0, 44.0 ], [ -81.67617275618575, 43.818579132173511 ] ] } },
{ "type": "Feature", "properties": { "u": 5.883398252562106, "v": -3.1727559439502464, "speed": 6.6843664829303355, "direction": 118.3367723462392, "timestamp": "20240716T14" }, "geometry": { "type": "LineString", "coordinates": [ [ -82.0, 44.25 ], [ -81.630019237365815, 44.10708306558783 ] ] } },
{ "type": "Feature", "properties": { "u": 7.2371944460539996, "v": -2.4008900643579993, "speed": 7.6250414130762474, "direction": 108.35291274964807, "timestamp": "20240716T14" }, "geometry": { "type": "LineString", "coordinates": [ [ -82.0, 44.5 ], [ -81.542937897608269, 44.391851798902792 ] ] } },
{ "type": "Feature", "properties": { "u": 8.0507471558302033, "v": -2.0779290590741302, "speed": 8.3145847125188883, "direction": 104.47240851457114, "timestamp": "20240716T14" }, "geometry": { "type": "LineString", "coordinates": [ [ -82.0, 44.75 ], [ -81.489363931266013, 44.656399591933599 ] ] } },
{ "type": "Feature", "properties": { "u": 8.346175371417246, "v": -2.4528461775998354, "speed": 8.6991435038984122, "direction": 106.37746343058845, "timestamp": "20240716T14" }, "geometry": { "type": "LineString", "coordinates": [ [ -82.0, 45.0 ], [ -81.468320972783673, 44.889511433441449 ] ] } },
{ "type": "Feature", "properties": { "u": 7.9088227355118583, "v": -2.5723631314049822, "speed": 8.3166416985199572, "direction": 108.01723761446209, "timestamp": "20240716T14" }, "geometry": { "type": "LineString", "coordinates": [ [ -82.0, 45.25 ], [ -81.493968998092043, 45.134127786873648 ] ] } },
{ "type": "Feature", "properties": { "u": 6.2676891692933676, "v": -1.6988154775164979, "speed": 6.4938356577239453, "direction": 105.16527827907393, "timestamp": "20240716T14" }, "geometry": { "type": "LineString", "coordinates": [ [ -82.0, 45.5 ], [ -81.597197019158841, 45.423476780292049 ] ] } },
{ "type": "Feature", "properties": { "u": 4.1180428152398374, "v": -0.96798453599058432, "speed": 4.2302802141306612, "direction": 103.22777459343409, "timestamp": "20240716T14" }, "geometry": { "type": "LineString", "coordinates": [ [ -82.0, 45.75 ], [ -81.734164574058539, 45.706397092973397 ] ] } },
{ "type": "Feature", "properties": { "u": 2.2124432242574592, "v": -0.89822346923121088, "speed": 2.3878254587051573, "direction": 112.09651927602758, "timestamp": "20240716T14" }, "geometry": { "type": "LineString", "coordinates": [ [ -82.0, 46.0 ], [ -81.856534364322954, 45.959539483367962 ] ] } },
{ "type": "Feature", "properties": { "u": 12.767927220540141, "v": -0.044891139002011915, "speed": 12.768006137348571, "direction": 90.201447122900177, "timestamp": "20240716T14" }, "geometry": { "type": "LineString", "coordinates": [ [ -81.75, 41.0 ], [ -80.987942816876227, 40.997977876621533 ] ] } },
{ "type": "Feature", "properties": { "u": 14.160727139032526, "v": -0.13324396747751344, "speed": 14.161353998152912, "direction": 90.539103085100251, "timestamp": "20240716T14" }, "geometry": { "type": "LineString", "coordinates": [ [ -81.75, 41.25 ], [ -80.901587099401965, 41.243998019482994 ] ] } },
{ "type": "Feature", "properties": { "u": 16.562096171791396, "v": -1.6357145464683358, "speed": 16.642673814059908, "direction": 95.640384850988028, "timestamp": "20240716T14" }, "geometry": { "type": "LineString", "coordinates": [ [ -81.75, 41.5 ], [ -80.753892556808594, 41.426319164573499 ] ] } },
{ "type": "Feature", "properties": { "u": 16.5721426863688, "v": -5.0966018644051303, "speed": 17.338144761814185, "direction": 107.09477288903271, "timestamp": "20240716T14" }, "geometry": { "type": "LineString", "coordinates": [ [ -81.75, 41.75 ], [ -80.74941621280982, 41.520423339441209 ] ] } },
{ "type": "Feature", "properties": { "u": 12.938577697580108, "v": -9.2060509435996174, "speed": 15.879488871259955, "direction": 125.43259454131869, "timestamp": "20240716T14" }, "geometry": { "type": "LineString", "coordinates": [ [ -81.75, 42.0 ], [ -80.965739926827979, 41.585313020558573 ] ] } },
{ "type": "Feature", "properties": { "u": 8.892214644141589, "v": -11.988633524436263, "speed": 14.926446833078634, "direction": 143.4349161958626, "timestamp": "20240716T14" }, "geometry": { "type": "LineString", "coordinates": [ [ -81.75, 42.25 ], [ -81.20887543911482, 41.70997146286323 ] ] } },
{ "type": "Feature", "properties": { "u": 5.8444964057793722, "v": -13.640901762808729, "speed": 14.840227058228129, "direction": 156.80710280079558, "timestamp": "20240716T14" }, "geometry": { "type": "LineString", "coordinates": [ [ -81.75, 42.5 ], [ -81.392921882011223, 41.885544965639248 ] ] } },
{ "type": "Feature", "properties": { "u": 3.8460860179616363, "v": -14.200160487099721, "speed": 14.711795795107685, "direction": 164.84514546908102, "timestamp": "20240716T14" }, "geometry": { "type": "LineString", "coordinates": [ [ -81.75, 42.75 ], [ -81.514072167610195, 42.110353131211724 ] ] } },
{ "type": "Feature", "properties": { "u": 3.1120012823532193, "v": -12.972488808925421, "speed": 13.340540389319445, "direction": 166.51009692383042, "timestamp": "20240716T14" }, "geometry": { "type": "LineString", "coordinates": [ [ -81.75, 43.0 ], [ -81.558327711156053, 42.415653657255611 ] ] } },
{ "type": "Feature", "properties": { "u": 3.6231417647279915, "v": -10.660545096624064, "speed": 11.259412862333082, "direction": 161.22892166202462, "timestamp": "20240716T14" }, "geometry": { "type": "LineString", "coordinates": [ [ -81.75, 43.25 ], [ -81.52593205832585, 42.769795265917836 ] ] } },
{ "type": "Feature", "properties": { "u": 4.27130252711083, "v": -8.3179433221603549, "speed": 9.3505190438165204, "direction": 152.81929104383082, "timestamp": "20240716T14" }, "geometry": { "type": "LineString", "coordinates": [ [ -81.75, 43.5 ], [ -81.484756254944301, 43.125317868371155 ] ] } },
{ "type": "Feature", "properties": { "u": 4.3688078500457763, "v": -6.4054482936991732, "speed": 7.753466958327432, "direction": 145.70422878957896, "timestamp": "20240716T14" }, "geometry": { "type": "LineString", "coordinates": [ [ -81.75, 43.75 ], [ -81.477570647575888, 43.461466293076612 ] ] } },
{ "type": "Feature", "properties": { "u": 4.6085616405173075, "v": -4.9738918664927985, "speed": 6.7807404237303457, "direction": 137.1833393021175, "timestamp": "20240716T14" }, "geometry": { "type": "LineString", "coordinates": [ [ -81.75, 44.0 ], [ -81.461411954972831, 43.775950816824647 ] ] } },
{ "type": "Feature", "properties": { "u": 5.7060148694286568, "v": -3.903867588330848, "speed": 6.9136667432962833, "direction": 124.37864954154577, "timestamp": "20240716T14" }, "geometry": { "type": "LineString", "coordinates": [ [ -81.75, 44.25 ], [ -81.391174089808757, 44.074150108633745 ] ] } },
{ "type": "Feature", "properties": { "u": 7.2959539567676135, "v": -3.1156249826867835, "speed": 7.933351320344701, "direction": 113.12416021644884, "timestamp": "20240716T14" }, "geometry": { "type": "LineString", "coordinates": [ [ -81.75, 44.5 ], [ -81.289226964358875, 44.359656532311405 ] ] } },
{ "type": "Feature", "properties": { "u": 8.3292914725093024, "v": -2.5595412151500927, "speed": 8.7136873748183206, "direction": 107.08187853027208, "timestamp": "20240716T14" }, "geometry": { "type": "LineString", "coordinates": [ [ -81.75, 44.75 ], [ -81.221696654914638, 44.634705350668916 ] ] } },
{ "type": "Feature", "properties": { "u": 8.7191561861795535, "v": -2.4560311167800246, "speed": 9.058464188016913, "direction": 105.7315833778152, "timestamp": "20240716T14" }, "geometry": { "type": "LineString", "coordinates": [ [ -81.75, 45.0 ], [ -81.194560858966469, 44.889367967712609 ] ] } },
{ "type": "Feature", "properties": { "u": 8.1785403480241285, "v": -2.1439778495991293, "speed": 8.4548899013429111, "direction": 104.68936777178672, "timestamp": "20240716T14" }, "geometry": { "type": "LineString", "coordinates": [ [ -81.75, 45.25 ], [ -81.226711628916348, 45.153424421189229 ] ] } },
{ "type": "Feature", "properties": { "u": 6.3275605458966151, "v": -1.1739024871601078, "speed": 6.4355317970893555, "direction": 100.51014109669741, "timestamp": "20240716T14" }, "geometry": { "type": "LineString", "coordinates": [ [ -81.75, 45.5 ], [ -81.343349290225348, 45.447121509587383 ] ] } },
{ "type": "Feature", "properties": { "u": 4.1044060513790717, "v": -0.80155194808137031, "speed": 4.1819414821432144, "direction": 101.05024872322262, "timestamp": "20240716T14" }, "geometry": { "type": "LineString", "coordinates": [ [ -81.75, 45.75 ], [ -81.485044879361823, 45.713894056392732 ] ] } },
{ "type": "Feature", "properties": { "u": 2.3100351683791174, "v": -1.140440206107399, "speed": 2.5762116261779862, "direction": 116.27507163345192, "timestamp": "20240716T14" }, "geometry": { "type": "LineString", "coordinates": [ [ -81.75, 46.0 ], [ -81.600206025522269, 45.948628819544709 ] ] } },
{ "type": "Feature", "properties": { "u": 13.501804937183914, "v": 1.0807493897752842, "speed": 13.544990062944438, "direction": 85.423527741206939, "timestamp": "20240716T14" }, "geometry": { "type": "LineString", "coordinates": [ [ -81.5, 41.0 ], [ -80.694141127232896, 41.048682404944834 ] ] } },
{ "type": "Feature", "properties": { "u": 14.712011347335164, "v": 1.1815106689707955, "speed": 14.759378216747834, "direction": 85.408472854946979, "timestamp": "20240716T14" }, "geometry": { "type": "LineString", "coordinates": [ [ -81.5, 41.25 ], [ -80.61855795975201, 41.303221201304993 ] ] } },
{ "type": "Feature", "properties": { "u": 17.541154665160004, "v": 0.26371221240213238, "speed": 17.543136866536571, "direction": 89.138685059814136, "timestamp": "20240716T14" }, "geometry": { "type": "LineString", "coordinates": [ [ -81.5, 41.5 ], [ -80.445008256026341, 41.511878928486581 ] ] } },
{ "type": "Feature", "properties": { "u": 18.648140081070803, "v": -1.9552716396979577, "speed": 18.750365747586006, "direction": 95.985635178774231, "timestamp": "20240716T14" }, "geometry": { "type": "LineString", "coordinates": [ [ -81.5, 41.75 ], [ -80.374072775048063, 41.661924700914504 ] ] } },
{ "type": "Feature", "properties": { "u": 15.879577005251821, "v": -5.4907668168341859, "speed": 16.802067911497378, "direction": 109.07412563433709, "timestamp": "20240716T14" }, "geometry": { "type": "LineString", "coordinates": [ [ -81.5, 42.0 ], [ -80.537473939163434, 41.752668161403868 ] ] } },
{ "type": "Feature", "properties": { "u": 11.285712931740148, "v": -9.452894926008506, "speed": 14.721567133284561, "direction": 129.9494869602095, "timestamp": "20240716T14" }, "geometry": { "type": "LineString", "coordinates": [ [ -81.5, 42.25 ], [ -80.81322210508182, 41.824193922251872 ] ] } },
{ "type": "Feature", "properties": { "u": 7.2648488248343996, "v": -12.737439669573602, "speed": 14.663573840770368, "direction": 150.30155614703844, "timestamp": "20240716T14" }, "geometry": { "type": "LineString", "coordinates": [ [ -81.5, 42.5 ], [ -81.056143358514234, 41.926241456325513 ] ] } },
{ "type": "Feature", "properties": { "u": 4.5120432129381376, "v": -14.865117294057908, "speed": 15.534807566285481, "direction": 163.11526173236305, "timestamp": "20240716T14" }, "geometry": { "type": "LineString", "coordinates": [ [ -81.5, 42.75 ], [ -81.223220809439468, 42.080400121889284 ] ] } },
{ "type": "Feature", "properties": { "u": 3.1962621362286487, "v": -14.214918119811866, "speed": 14.569831460811228, "direction": 167.3276519972579, "timestamp": "20240716T14" }, "geometry": { "type": "LineString", "coordinates": [ [ -81.5, 43.0 ], [ -81.303137973345272, 42.359688372981445 ] ] } },
{ "type": "Feature", "properties": { "u": 3.1839457521030941, "v": -11.904666501626352, "speed": 12.32309194428411, "direction": 165.02649722870649, "timestamp": "20240716T14" }, "geometry": { "type": "LineString", "coordinates": [ [ -81.5, 43.25 ], [ -81.303093498018441, 42.713753761188002 ] ] } },
{ "type": "Feature", "properties": { "u": 3.8185131307616564, "v": -9.4676387596690841, "speed": 10.208683862936864, "direction": 158.03466353576411, "timestamp": "20240716T14" }, "geometry": { "type": "LineString", "coordinates": [ [ -81.5, 43.5 ], [ -81.262874037388144, 43.073529785600492 ] ] } },
{ "type": "Feature", "properties": { "u": 4.2112088747035532, "v": -7.4035065815383971, "speed": 8.5174051147790504, "direction": 150.36822947280848, "timestamp": "20240716T14" }, "geometry": { "type": "LineString", "coordinates": [ [ -81.5, 43.75 ], [ -81.237398176794116, 43.416508712543319 ] ] } },
{ "type": "Feature", "properties": { "u": 4.6292433248748752, "v": -5.6843060628457689, "speed": 7.3308409597401418, "direction": 140.84096526866438, "timestamp": "20240716T14" }, "geometry": { "type": "LineString", "coordinates": [ [ -81.5, 44.0 ], [ -81.210116868279371, 43.743950177349291 ] ] } },
{ "type": "Feature", "properties": { "u": 5.8326334659605381, "v": -4.60037117850736, "speed": 7.4285279920239944, "direction": 128.26389321983152, "timestamp": "20240716T14" }, "geometry": { "type": "LineString", "coordinates": [ [ -81.5, 44.25 ], [ -81.133211609130498, 44.042776073040208 ] ] } },
{ "type": "Feature", "properties": { "u": 7.4733721975589349, "v": -3.8147926503457521, "speed": 8.3907052724058211, "direction": 117.04209869559614, "timestamp": "20240716T14" }, "geometry": { "type": "LineString", "coordinates": [ [ -81.5, 44.5 ], [ -81.028022186769547, 44.328162493227666 ] ] } },
{ "type": "Feature", "properties": { "u": 8.6169241928365228, "v": -3.1524918176501275, "speed": 9.1754883905676845, "direction": 110.09498827148619, "timestamp": "20240716T14" }, "geometry": { "type": "LineString", "coordinates": [ [ -81.5, 44.75 ], [ -80.953452926884893, 44.607995864069814 ] ] } },
{ "type": "Feature", "properties": { "u": 9.0734869328760954, "v": -2.6256605834924915, "speed": 9.4457534702520896, "direction": 106.13923991063689, "timestamp": "20240716T14" }, "geometry": { "type": "LineString", "coordinates": [ [ -81.5, 45.0 ], [ -80.921988816284312, 44.881727000743581 ] ] } },
{ "type": "Feature", "properties": { "u": 8.4708233393985779, "v": -1.9514101936288735, "speed": 8.6926894452234027, "direction": 102.97281128345398, "timestamp": "20240716T14" }, "geometry": { "type": "LineString", "coordinates": [ [ -81.5, 45.25 ], [ -80.958010456831445, 45.162098639926626 ] ] } },
{ "type": "Feature", "properties": { "u": 6.4879693053639604, "v": -1.132180216608849, "speed": 6.5860137982109759, "direction": 99.898699972775546, "timestamp": "20240716T14" }, "geometry": { "type": "LineString", "coordinates": [ [ -81.5, 45.5 ], [ -81.083040366996826, 45.449000891143747 ] ] } },
{ "type": "Feature", "properties": { "u": 4.2436768065135047, "v": -1.0676991162567337, "speed": 4.3759312427180648, "direction": 104.12236506251665, "timestamp": "20240716T14" }, "geometry": { "type": "LineString", "coordinates": [ [ -81.5, 45.75 ], [ -81.226054419045241, 45.701905445213661 ] ] } },
{ "type": "Feature", "properties": { "u": 2.5313698040808932, "v": -1.5797004855794758, "speed": 2.9838375808935331, "direction": 121.96621141401744, "timestamp": "20240716T14" }, "geometry": { "type": "LineString", "coordinates": [ [ -81.5, 46.0 ], [ -81.335853605600192, 45.928842320469393 ] ] } },
{ "type": "Feature", "properties": { "u": 13.875204103196051, "v": 2.2473274103695506, "speed": 14.056022531098435, "direction": 80.799860287617605, "timestamp": "20240716T14" }, "geometry": { "type": "LineString", "coordinates": [ [ -81.25, 41.0 ], [ -80.421854697202633, 41.10123096443106 ] ] } },
{ "type": "Feature", "properties": { "u": 14.873911332047307, "v": 2.3539183887492774, "speed": 15.059022879805225, "direction": 81.007056341802254, "timestamp": "20240716T14" }, "geometry": { "type": "LineString", "coordinates": [ [ -81.25, 41.25 ], [ -80.358858031613593, 41.356032359853572 ] ] } },
{ "type": "Feature", "properties": { "u": 17.549351733726294, "v": 2.1181808690253492, "speed": 17.676720184127682, "direction": 83.117775462232629, "timestamp": "20240716T14" }, "geometry": { "type": "LineString", "coordinates": [ [ -81.25, 41.5 ], [ -80.194515253152403, 41.595413552658798 ] ] } },
{ "type": "Feature", "properties": { "u": 19.76614028421432, "v": 1.5284351603157105, "speed": 19.825146046738961, "direction": 85.578349403887557, "timestamp": "20240716T14" }, "geometry": { "type": "LineString", "coordinates": [ [ -81.25, 41.75 ], [ -80.056570768909722, 41.818848430644849 ] ] } },
{ "type": "Feature", "properties": { "u": 18.752785133113768, "v": -0.47640488509011347, "speed": 18.758835567893613, "direction": 91.45525686806694, "timestamp": "20240716T14" }, "geometry": { "type": "LineString", "coordinates": [ [ -81.25, 42.0 ], [ -80.113317051964245, 41.978540320491433 ] ] } },
{ "type": "Feature", "properties": { "u": 14.714043458644284, "v": -4.4532726927603514, "speed": 15.373181602354071, "direction": 106.83868008752489, "timestamp": "20240716T14" }, "geometry": { "type": "LineString", "coordinates": [ [ -81.25, 42.25 ], [ -80.354595354021271, 42.049402130956743 ] ] } },
{ "type": "Feature", "properties": { "u": 9.9882479039781167, "v": -8.9925396435847453, "speed": 13.439898267203011, "direction": 131.9970879863767, "timestamp": "20240716T14" }, "geometry": { "type": "LineString", "coordinates": [ [ -81.25, 42.5 ], [ -80.639753279678473, 42.09493064668537 ] ] } },
{ "type": "Feature", "properties": { "u": 6.6940645645505104, "v": -13.156825409180783, "speed": 14.76186151005475, "direction": 153.03345148024266, "timestamp": "20240716T14" }, "geometry": { "type": "LineString", "coordinates": [ [ -81.25, 42.75 ], [ -80.839370561340488, 42.157350206793659 ] ] } },
{ "type": "Feature", "properties": { "u": 4.7637886036023867, "v": -14.111662099336943, "speed": 14.894048780156279, "direction": 161.34644221562468, "timestamp": "20240716T14" }, "geometry": { "type": "LineString", "coordinates": [ [ -81.25, 43.0 ], [ -80.956591937992158, 42.364339545074913 ] ] } },
{ "type": "Feature", "properties": { "u": 3.682894228508292, "v": -12.439048406505629, "speed": 12.972803673754179, "direction": 163.50728277893504, "timestamp": "20240716T14" }, "geometry": { "type": "LineString", "coordinates": [ [ -81.25, 43.25 ], [ -81.022236753963327, 42.689682504211461 ] ] } },
{ "type": "Feature", "properties": { "u": 3.7535622857261992, "v": -10.181475671677868, "speed": 10.85134446443363, "direction": 159.76279243510754, "timestamp": "20240716T14" }, "geometry": { "type": "LineString", "coordinates": [ [ -81.25, 43.5 ], [ -81.016907421882081, 43.04137496974424 ] ] } },
{ "type": "Feature", "properties": { "u": 4.2892838267794966, "v": -8.1720230458915601, "speed": 9.2292966367570468, "direction": 152.30617917251007, "timestamp": "20240716T14" }, "geometry": { "type": "LineString", "coordinates": [ [ -81.25, 43.75 ], [ -80.982529592648362, 43.381890853788668 ] ] } },
{ "type": "Feature", "properties": { "u": 4.8786651444933069, "v": -6.3210286270776903, "speed": 7.9847840607263496, "direction": 142.33849903947274, "timestamp": "20240716T14" }, "geometry": { "type": "LineString", "coordinates": [ [ -81.25, 44.0 ], [ -80.944498078529875, 43.715268980762268 ] ] } },
{ "type": "Feature", "properties": { "u": 5.9947725220839603, "v": -5.0618153563338453, "speed": 7.8459717239580993, "direction": 130.17679575535141, "timestamp": "20240716T14" }, "geometry": { "type": "LineString", "coordinates": [ [ -81.25, 44.25 ], [ -80.873015404647617, 44.021990299264239 ] ] } },
{ "type": "Feature", "properties": { "u": 7.6832603840821401, "v": -4.3581754495266765, "speed": 8.8332430838544855, "direction": 119.56320586990076, "timestamp": "20240716T14" }, "geometry": { "type": "LineString", "coordinates": [ [ -81.25, 44.5 ], [ -80.764766782826129, 44.303685790561865 ] ] } },
{ "type": "Feature", "properties": { "u": 8.8560735086648403, "v": -3.7181813062393507, "speed": 9.6049419684318202, "direction": 112.77487332327307, "timestamp": "20240716T14" }, "geometry": { "type": "LineString", "coordinates": [ [ -81.25, 44.75 ], [ -80.68828436375513, 44.582514355574801 ] ] } },
{ "type": "Feature", "properties": { "u": 9.2390066574590328, "v": -2.9267541592318698, "speed": 9.6914980227596068, "direction": 107.57728220397763, "timestamp": "20240716T14" }, "geometry": { "type": "LineString", "coordinates": [ [ -81.25, 45.0 ], [ -80.661444661358829, 44.868164227061627 ] ] } },
{ "type": "Feature", "properties": { "u": 8.4858386004799566, "v": -2.0990639953476657, "speed": 8.7415974747159648, "direction": 103.89383639174905, "timestamp": "20240716T14" }, "geometry": { "type": "LineString", "coordinates": [ [ -81.25, 45.25 ], [ -80.707049733868871, 45.155447567777131 ] ] } },
{ "type": "Feature", "properties": { "u": 6.5515695916120116, "v": -1.4642970210986859, "speed": 6.7132130816572229, "direction": 102.59873156477391, "timestamp": "20240716T14" }, "geometry": { "type": "LineString", "coordinates": [ [ -81.25, 45.5 ], [ -80.828952993773441, 45.434040674725281 ] ] } },
{ "type": "Feature", "properties": { "u": 4.4754274324820358, "v": -1.4997766517057891, "speed": 4.7200403291089126, "direction": 108.5267019441375, "timestamp": "20240716T14" }, "geometry": { "type": "LineString", "coordinates": [ [ -81.25, 45.75 ], [ -80.961094029090447, 45.682442493166405 ] ] } },
{ "type": "Feature", "properties": { "u": 2.9192791290455129, "v": -1.9220883359418819, "speed": 3.4952273466034454, "direction": 123.36138572389181, "timestamp": "20240716T14" }, "geometry": { "type": "LineString", "coordinates": [ [ -81.25, 46.0 ], [ -81.060699668413946, 45.913419444326941 ] ] } },
{ "type": "Feature", "properties": { "u": 13.745824956013097, "v": 3.4397486869401557, "speed": 14.169670947155371, "direction": 75.950840850837267, "timestamp": "20240716T14" }, "geometry": { "type": "LineString", "coordinates": [ [ -81.0, 41.0 ], [ -80.179576726530826, 41.154943634546854 ] ] } },
{ "type": "Feature", "properties": { "u": 14.337375459661386, "v": 3.5898868509274977, "speed": 14.779973703419188, "direction": 75.942910265170511, "timestamp": "20240716T14" }, "geometry": { "type": "LineString", "coordinates": [ [ -81.0, 41.25 ], [ -80.141003552906142, 41.411706614906642 ] ] } },
{ "type": "Feature", "properties": { "u": 16.74019824820477, "v": 3.8166876676382366, "speed": 17.16977990952417, "direction": 77.15636940804589, "timestamp": "20240716T14" }, "geometry": { "type": "LineString", "coordinates": [ [ -81.0, 41.5 ], [ -79.993180820677907, 41.671922867911633 ] ] } },
{ "type": "Feature", "properties": { "u": 19.718991319560992, "v": 4.4348426862850285, "speed": 20.211542452594198, "direction": 77.324955235726492, "timestamp": "20240716T14" }, "geometry": { "type": "LineString", "coordinates": [ [ -81.0, 41.75 ], [ -79.80941750336693, 41.949767688571399 ] ] } },
{ "type": "Feature", "properties": { "u": 20.704904562783536, "v": 4.2199495200949375, "speed": 21.130571381439829, "direction": 78.480100946074202, "timestamp": "20240716T14" }, "geometry": { "type": "LineString", "coordinates": [ [ -81.0, 42.0 ], [ -79.744991115177569, 42.19008781622049 ] ] } },
{ "type": "Feature", "properties": { "u": 18.147738468155065, "v": 1.8241128936930751, "speed": 18.239183078128598, "direction": 84.260215179315111, "timestamp": "20240716T14" }, "geometry": { "type": "LineString", "coordinates": [ [ -81.0, 42.25 ], [ -79.895642154105062, 42.332167247463651 ] ] } },
{ "type": "Feature", "properties": { "u": 12.937644890175791, "v": -2.7935911988790596, "speed": 13.235815316433904, "direction": 102.18465540323231, "timestamp": "20240716T14" }, "geometry": { "type": "LineString", "coordinates": [ [ -81.0, 42.5 ], [ -80.209555525772458, 42.374162558609051 ] ] } },
{ "type": "Feature", "properties": { "u": 8.8627658888732217, "v": -8.5720134831246675, "speed": 12.329964896780762, "direction": 134.04459119837909, "timestamp": "20240716T14" }, "geometry": { "type": "LineString", "coordinates": [ [ -81.0, 42.75 ], [ -80.456337394594129, 42.363873266525914 ] ] } },
{ "type": "Feature", "properties": { "u": 6.1477959022729918, "v": -11.641786355079836, "speed": 13.165355445005183, "direction": 152.16235653772833, "timestamp": "20240716T14" }, "geometry": { "type": "LineString", "coordinates": [ [ -81.0, 43.0 ], [ -80.621349091783458, 42.47559520923064 ] ] } },
{ "type": "Feature", "properties": { "u": 4.0886582412255219, "v": -11.80622545797122, "speed": 12.494162067861497, "direction": 160.89832678683749, "timestamp": "20240716T14" }, "geometry": { "type": "LineString", "coordinates": [ [ -81.0, 43.25 ], [ -80.747142867762108, 42.718188042433731 ] ] } },
{ "type": "Feature", "properties": { "u": 3.7068758667849289, "v": -10.673077124785326, "speed": 11.298473525364757, "direction": 160.84732920615707, "timestamp": "20240716T14" }, "geometry": { "type": "LineString", "coordinates": [ [ -81.0, 43.5 ], [ -80.769806603226556, 43.019230760144808 ] ] } },
{ "type": "Feature", "properties": { "u": 4.3462149026687831, "v": -8.960245865915514, "speed": 9.9586941893923164, "direction": 154.12404893675279, "timestamp": "20240716T14" }, "geometry": { "type": "LineString", "coordinates": [ [ -81.0, 43.75 ], [ -80.728979494619409, 43.346385321355157 ] ] } },
{ "type": "Feature", "properties": { "u": 4.9243211599206704, "v": -6.8796024696294138, "speed": 8.4603705017081605, "direction": 144.40545396956583, "timestamp": "20240716T14" }, "geometry": { "type": "LineString", "coordinates": [ [ -81.0, 44.0 ], [ -80.69163909968492, 43.690107996863539 ] ] } },
{ "type": "Feature", "properties": { "u": 5.8856843382200035, "v": -5.2822579370548652, "speed": 7.9084466896317487, "direction": 131.90720112812608, "timestamp": "20240716T14" }, "geometry": { "type": "LineString", "coordinates": [ [ -81.0, 44.25 ], [ -80.629875475601125, 44.01206045328582 ] ] } },
{ "type": "Feature", "properties": { "u": 7.4526921775398582, "v": -4.2801433995250786, "speed": 8.594314877502562, "direction": 119.86911127385838, "timestamp": "20240716T14" }, "geometry": { "type": "LineString", "coordinates": [ [ -81.0, 44.5 ], [ -80.52932822511049, 44.307200747769137 ] ] } },
{ "type": "Feature", "properties": { "u": 8.8463018851711883, "v": -3.9666076836863016, "speed": 9.6948972949620522, "direction": 114.15106464972524, "timestamp": "20240716T14" }, "geometry": { "type": "LineString", "coordinates": [ [ -81.0, 44.75 ], [ -80.438904150131393, 44.571323978212327 ] ] } },
{ "type": "Feature", "properties": { "u": 9.0681187427455541, "v": -3.2682312770648334, "speed": 9.6390929662970901, "direction": 109.81961717296377, "timestamp": "20240716T14" }, "geometry": { "type": "LineString", "coordinates": [ [ -81.0, 45.0 ], [ -80.422330787783764, 44.852782374906987 ] ] } },
{ "type": "Feature", "properties": { "u": 8.1710423170834119, "v": -2.422113595163264, "speed": 8.522474219112814, "direction": 106.51121995513276, "timestamp": "20240716T14" }, "geometry": { "type": "LineString", "coordinates": [ [ -81.0, 45.25 ], [ -80.477191376185473, 45.140895784001657 ] ] } },
{ "type": "Feature", "properties": { "u": 6.4514315950336076, "v": -1.8803276010080126, "speed": 6.7198661826341768, "direction": 106.24923686998072, "timestamp": "20240716T14" }, "geometry": { "type": "LineString", "coordinates": [ [ -81.0, 45.5 ], [ -80.585388520875654, 45.415300558513152 ] ] } },
{ "type": "Feature", "properties": { "u": 4.7415976902445642, "v": -1.8170434703184113, "speed": 5.0778337535960505, "direction": 110.96749871185679, "timestamp": "20240716T14" }, "geometry": { "type": "LineString", "coordinates": [ [ -81.0, 45.75 ], [ -80.693911720158795, 45.668151195030703 ] ] } },
{ "type": "Feature", "properties": { "u": 3.4707313577818932, "v": -2.0486888302848971, "speed": 4.0302732018096048, "direction": 120.55232649016961, "timestamp": "20240716T14" }, "geometry": { "type": "LineString", "coordinates": [ [ -81.0, 46.0 ], [ -80.774940809757709, 45.907716719356536 ] ] } },
{ "type": "Feature", "properties": { "u": 13.692650217014725, "v": 4.7688149249685861, "speed": 14.499319492794017, "direction": 70.798023529464416, "timestamp": "20240716T14" }, "geometry": { "type": "LineString", "coordinates": [ [ -80.75, 41.0 ], [ -79.932750475183568, 41.214811483106693 ] ] } },
{ "type": "Feature", "properties": { "u": 14.091123927484864, "v": 5.0287762895138428, "speed": 14.961562903310371, "direction": 70.359764865130927, "timestamp": "20240716T14" }, "geometry": { "type": "LineString", "coordinates": [ [ -80.75, 41.25 ], [ -79.905757242786564, 41.476521454482608 ] ] } },
{ "type": "Feature", "properties": { "u": 15.713109688350857, "v": 5.3909979543595341, "speed": 16.612184534914551, "direction": 71.063459989093033, "timestamp": "20240716T14" }, "geometry": { "type": "LineString", "coordinates": [ [ -80.75, 41.5 ], [ -79.80495383229885, 41.742837745691872 ] ] } },
{ "type": "Feature", "properties": { "u": 18.531698327034487, "v": 6.3789549488921011, "speed": 19.598849688800819, "direction": 71.00558498892967, "timestamp": "20240716T14" }, "geometry": { "type": "LineString", "coordinates": [ [ -80.75, 41.75 ], [ -79.631103231727423, 42.037340313013161 ] ] } },
{ "type": "Feature", "properties": { "u": 21.133583398075331, "v": 7.5868496114701909, "speed": 22.454145146731161, "direction": 70.252118546756989, "timestamp": "20240716T14" }, "geometry": { "type": "LineString", "coordinates": [ [ -80.75, 42.0 ], [ -79.469007138994769, 42.341749982498655 ] ] } },
{ "type": "Feature", "properties": { "u": 20.308392378228032, "v": 7.3245641358356686, "speed": 21.588886973812258, "direction": 70.167306177846299, "timestamp": "20240716T14" }, "geometry": { "type": "LineString", "coordinates": [ [ -80.75, 42.25 ], [ -79.514158272405993, 42.579935321434036 ] ] } },
{ "type": "Feature", "properties": { "u": 15.146359057399161, "v": 3.7057786470358316, "speed": 15.593107069358702, "direction": 76.251826804462624, "timestamp": "20240716T14" }, "geometry": { "type": "LineString", "coordinates": [ [ -80.75, 42.5 ], [ -79.82461087986124, 42.666926966082698 ] ] } },
{ "type": "Feature", "properties": { "u": 10.269868181593116, "v": -2.1796155448617252, "speed": 10.498614974876523, "direction": 101.98231814122711, "timestamp": "20240716T14" }, "geometry": { "type": "LineString", "coordinates": [ [ -80.75, 42.75 ], [ -80.120022477995334, 42.651819119600823 ] ] } },
{ "type": "Feature", "properties": { "u": 6.6589254069675405, "v": -6.6389603489671707, "speed": 9.4030357912068023, "direction": 134.91397785161888, "timestamp": "20240716T14" }, "geometry": { "type": "LineString", "coordinates": [ [ -80.75, 43.0 ], [ -80.339867947281363, 42.700947732028503 ] ] } },
{ "type": "Feature", "properties": { "u": 3.6304785901867311, "v": -9.1645655905325825, "speed": 9.8574660667424077, "direction": 158.38935153837551, "timestamp": "20240716T14" }, "geometry": { "type": "LineString", "coordinates": [ [ -80.75, 43.25 ], [ -80.525478323008343, 42.837181730156189 ] ] } },
{ "type": "Feature", "properties": { "u": 2.9842857851316666, "v": -10.418586150612784, "speed": 10.83756887060375, "direction": 164.01624056309316, "timestamp": "20240716T14" }, "geometry": { "type": "LineString", "coordinates": [ [ -80.75, 43.5 ], [ -80.564678746602326, 43.030694317539968 ] ] } },
{ "type": "Feature", "properties": { "u": 3.9243695367316511, "v": -9.6626923431336209, "speed": 10.429204168050433, "direction": 157.89614651170029, "timestamp": "20240716T14" }, "geometry": { "type": "LineString", "coordinates": [ [ -80.75, 43.75 ], [ -80.505284853840962, 43.314743588147131 ] ] } },
{ "type": "Feature", "properties": { "u": 4.7758893784833116, "v": -7.6640508852666436, "speed": 9.0303264241923245, "direction": 148.07070864712679, "timestamp": "20240716T14" }, "geometry": { "type": "LineString", "coordinates": [ [ -80.75, 44.0 ], [ -80.450933895104015, 43.654772482645647 ] ] } },
{ "type": "Feature", "properties": { "u": 5.6968481450112831, "v": -5.6281524554662292, "speed": 8.0081320449458779, "direction": 134.65245698895922, "timestamp": "20240716T14" }, "geometry": { "type": "LineString", "coordinates": [ [ -80.75, 44.25 ], [ -80.39175054435853, 43.996479619123143 ] ] } },
{ "type": "Feature", "properties": { "u": 6.9132983000088455, "v": -4.1961948403653775, "speed": 8.0871345063139763, "direction": 121.2566774081393, "timestamp": "20240716T14" }, "geometry": { "type": "LineString", "coordinates": [ [ -80.75, 44.5 ], [ -80.313393428349016, 44.310982214397953 ] ] } },
{ "type": "Feature", "properties": { "u": 8.3028525363131127, "v": -3.8967972401621345, "speed": 9.1718258253575833, "direction": 115.14218393998949, "timestamp": "20240716T14" }, "geometry": { "type": "LineString", "coordinates": [ [ -80.75, 44.75 ], [ -80.223373601684841, 44.574468592785486 ] ] } },
{ "type": "Feature", "properties": { "u": 8.5921511763119938, "v": -3.3957938620530985, "speed": 9.2388569525757394, "direction": 111.56494525022265, "timestamp": "20240716T14" }, "geometry": { "type": "LineString", "coordinates": [ [ -80.75, 45.0 ], [ -80.202651498941421, 44.847036312520132 ] ] } },
{ "type": "Feature", "properties": { "u": 7.7284891734111598, "v": -2.7052708870305273, "speed": 8.1882864798288804, "direction": 109.29202541553248, "timestamp": "20240716T14" }, "geometry": { "type": "LineString", "coordinates": [ [ -80.75, 45.25 ], [ -80.255507298564723, 45.128140951034659 ] ] } },
{ "type": "Feature", "properties": { "u": 6.3462243587670173, "v": -2.0484276430585897, "speed": 6.6686295009285388, "direction": 107.88898721641569, "timestamp": "20240716T14" }, "geometry": { "type": "LineString", "coordinates": [ [ -80.75, 45.5 ], [ -80.342149830702866, 45.407728484546908 ] ] } },
{ "type": "Feature", "properties": { "u": 5.0252993798590655, "v": -1.8138524459545533, "speed": 5.34262992850031, "direction": 109.84675161915828, "timestamp": "20240716T14" }, "geometry": { "type": "LineString", "coordinates": [ [ -80.75, 45.75 ], [ -80.42559769019779, 45.668294934866914 ] ] } },
{ "type": "Feature", "properties": { "u": 4.0799623775103022, "v": -1.9527928401812624, "speed": 4.5232170939014988, "direction": 115.57718034451118, "timestamp": "20240716T14" }, "geometry": { "type": "LineString", "coordinates": [ [ -80.75, 46.0 ], [ -80.485435291803071, 45.912036358550395 ] ] } },
{ "type": "Feature", "properties": { "u": 13.854568305417056, "v": 6.2666964243151293, "speed": 15.205937886365012, "direction": 65.66181572401814, "timestamp": "20240716T14" }, "geometry": { "type": "LineString", "coordinates": [ [ -80.5, 41.0 ], [ -79.67308635036413, 41.282283622716896 ] ] } },
{ "type": "Feature", "properties": { "u": 14.582104918405918, "v": 6.5903931304190531, "speed": 16.002220641675727, "direction": 65.679375161162667, "timestamp": "20240716T14" }, "geometry": { "type": "LineString", "coordinates": [ [ -80.5, 41.25 ], [ -79.626341055146199, 41.546864555424278 ] ] } },
{ "type": "Feature", "properties": { "u": 15.484098579617864, "v": 6.9858678077227312, "speed": 16.98704382317008, "direction": 65.716817620578951, "timestamp": "20240716T14" }, "geometry": { "type": "LineString", "coordinates": [ [ -80.5, 41.5 ], [ -79.568727431221134, 41.814678730077603 ] ] } },
{ "type": "Feature", "properties": { "u": 17.479951510509483, "v": 7.9038558600057573, "speed": 19.183838048354925, "direction": 65.669090675818708, "timestamp": "20240716T14" }, "geometry": { "type": "LineString", "coordinates": [ [ -80.5, 41.75 ], [ -79.444605027045029, 42.106029543243501 ] ] } },
{ "type": "Feature", "properties": { "u": 20.343650693865126, "v": 9.6853959699789094, "speed": 22.531556063647329, "direction": 64.541377001337878, "timestamp": "20240716T14" }, "geometry": { "type": "LineString", "coordinates": [ [ -80.5, 42.0 ], [ -79.266888188588098, 42.436279097746798 ] ] } },
{ "type": "Feature", "properties": { "u": 20.402573101862536, "v": 10.560659226604017, "speed": 22.973735274815482, "direction": 62.633279551647909, "timestamp": "20240716T14" }, "geometry": { "type": "LineString", "coordinates": [ [ -80.5, 42.25 ], [ -79.258427022682483, 42.725705370567752 ] ] } },
{ "type": "Feature", "properties": { "u": 15.973748881215492, "v": 8.2964607787239473, "speed": 17.999775408961021, "direction": 62.553495218151404, "timestamp": "20240716T14" }, "geometry": { "type": "LineString", "coordinates": [ [ -80.5, 42.5 ], [ -79.524060279669357, 42.87371444949207 ] ] } },
{ "type": "Feature", "properties": { "u": 11.083945130595867, "v": 3.6247401185645747, "speed": 11.661585680566402, "direction": 71.890900710117847, "timestamp": "20240716T14" }, "geometry": { "type": "LineString", "coordinates": [ [ -80.5, 42.75 ], [ -79.820085110739441, 42.913276581917323 ] ] } },
{ "type": "Feature", "properties": { "u": 6.8508132677017093, "v": -0.77913051129399258, "speed": 6.8949754736726234, "direction": 96.488267154421223, "timestamp": "20240716T14" }, "geometry": { "type": "LineString", "coordinates": [ [ -80.5, 43.0 ], [ -80.078049319288866, 42.96490403102279 ] ] } },
{ "type": "Feature", "properties": { "u": 2.7538741799283537, "v": -5.1253941513022951, "speed": 5.8183750485062271, "direction": 151.75086257779174, "timestamp": "20240716T14" }, "geometry": { "type": "LineString", "coordinates": [ [ -80.5, 43.25 ], [ -80.329690649939977, 43.019126389580975 ] ] } },
{ "type": "Feature", "properties": { "u": 1.5756992888416397, "v": -8.9847689420504935, "speed": 9.1218913165467601, "direction": 170.0529365963385, "timestamp": "20240716T14" }, "geometry": { "type": "LineString", "coordinates": [ [ -80.5, 43.5 ], [ -80.40215060211699, 43.095280678286016 ] ] } },
{ "type": "Feature", "properties": { "u": 2.7269923647434497, "v": -10.202764075001848, "speed": 10.560912940059557, "direction": 165.03579213210105, "timestamp": "20240716T14" }, "geometry": { "type": "LineString", "coordinates": [ [ -80.5, 43.75 ], [ -80.329950689182908, 43.290416032657575 ] ] } },
{ "type": "Feature", "properties": { "u": 3.65662693257591, "v": -8.4663691206418932, "speed": 9.2222733971075748, "direction": 156.64047213849074, "timestamp": "20240716T14" }, "geometry": { "type": "LineString", "coordinates": [ [ -80.5, 44.0 ], [ -80.271022088846934, 43.61863202159271 ] ] } },
{ "type": "Feature", "properties": { "u": 4.7293934614013526, "v": -6.1337868486791214, "speed": 7.7453536793212239, "direction": 142.36634848178505, "timestamp": "20240716T14" }, "geometry": { "type": "LineString", "coordinates": [ [ -80.5, 44.25 ], [ -80.202589468784581, 43.973703295104542 ] ] } },
{ "type": "Feature", "properties": { "u": 6.0854268240296552, "v": -4.2674527288825121, "speed": 7.4326019955239397, "direction": 125.04035661058384, "timestamp": "20240716T14" }, "geometry": { "type": "LineString", "coordinates": [ [ -80.5, 44.5 ], [ -80.11567731821016, 44.307772399599884 ] ] } },
{ "type": "Feature", "properties": { "u": 7.4374337613503778, "v": -3.8724102082168117, "speed": 8.3851643856978857, "direction": 117.50440782698833, "timestamp": "20240716T14" }, "geometry": { "type": "LineString", "coordinates": [ [ -80.5, 44.75 ], [ -80.028264661173097, 44.575567107737982 ] ] } },
{ "type": "Feature", "properties": { "u": 7.9165457309749758, "v": -3.3711543130949249, "speed": 8.6044394188881714, "direction": 113.06607630565092, "timestamp": "20240716T14" }, "geometry": { "type": "LineString", "coordinates": [ [ -80.5, 45.0 ], [ -79.995689804509382, 44.848146202112844 ] ] } },
{ "type": "Feature", "properties": { "u": 7.3715800314944904, "v": -2.6943257078089271, "speed": 7.848540194232835, "direction": 110.07744858981003, "timestamp": "20240716T14" }, "geometry": { "type": "LineString", "coordinates": [ [ -80.5, 45.25 ], [ -80.028343452150921, 45.128633977125723 ] ] } },
{ "type": "Feature", "properties": { "u": 6.3516627481991774, "v": -1.9441765433021581, "speed": 6.642547861956845, "direction": 107.01879347815832, "timestamp": "20240716T14" }, "geometry": { "type": "LineString", "coordinates": [ [ -80.5, 45.5 ], [ -80.091800323984344, 45.412424480031433 ] ] } },
{ "type": "Feature", "properties": { "u": 5.4046966346473244, "v": -1.425856228653791, "speed": 5.5896164177301939, "direction": 104.77892849089979, "timestamp": "20240716T14" }, "geometry": { "type": "LineString", "coordinates": [ [ -80.5, 45.75 ], [ -80.151106145220538, 45.685772241952535 ] ] } },
{ "type": "Feature", "properties": { "u": 4.6813726472730988, "v": -1.3929339614122236, "speed": 4.8842107738602243, "direction": 106.57027822932045, "timestamp": "20240716T14" }, "geometry": { "type": "LineString", "coordinates": [ [ -80.5, 46.0 ], [ -80.196436909513196, 45.937255226963416 ] ] } },
{ "type": "Feature", "properties": { "u": 14.491564808244771, "v": 7.6100884290899771, "speed": 16.368228263624854, "direction": 62.294276258993541, "timestamp": "20240716T14" }, "geometry": { "type": "LineString", "coordinates": [ [ -80.25, 41.0 ], [ -79.385067042122486, 41.342796776085137 ] ] } },
{ "type": "Feature", "properties": { "u": 15.635089079017749, "v": 7.9605750289164154, "speed": 17.544992599024592, "direction": 63.017169530857693, "timestamp": "20240716T14" }, "geometry": { "type": "LineString", "coordinates": [ [ -80.25, 41.25 ], [ -79.31325352177187, 41.608584460762003 ] ] } },
{ "type": "Feature", "properties": { "u": 16.41368607664139, "v": 8.4945124834052432, "speed": 18.481499748485213, "direction": 62.637251414551898, "timestamp": "20240716T14" }, "geometry": { "type": "LineString", "coordinates": [ [ -80.25, 41.5 ], [ -79.262818504278655, 41.882635697450688 ] ] } },
{ "type": "Feature", "properties": { "u": 17.465003975045182, "v": 9.3793458564320495, "speed": 19.824189580986989, "direction": 61.762575163235788, "timestamp": "20240716T14" }, "geometry": { "type": "LineString", "coordinates": [ [ -80.25, 41.75 ], [ -79.195507521183956, 42.172493056596039 ] ] } },
{ "type": "Feature", "properties": { "u": 18.91684208188294, "v": 10.912791379203366, "speed": 21.838862837540617, "direction": 60.020113546211284, "timestamp": "20240716T14" }, "geometry": { "type": "LineString", "coordinates": [ [ -80.25, 42.0 ], [ -79.103372889811851, 42.491567179243397 ] ] } },
{ "type": "Feature", "properties": { "u": 18.967888756108511, "v": 11.87736075638376, "speed": 22.379734189694762, "direction": 57.945920318236617, "timestamp": "20240716T14" }, "geometry": { "type": "LineString", "coordinates": [ [ -80.25, 42.25 ], [ -79.095732937763657, 42.785016250287555 ] ] } },
{ "type": "Feature", "properties": { "u": 15.507496231416974, "v": 10.514528226665519, "speed": 18.736001259520602, "direction": 55.861600982349223, "timestamp": "20240716T14" }, "geometry": { "type": "LineString", "coordinates": [ [ -80.25, 42.5 ], [ -79.302546672189465, 42.973627397597546 ] ] } },
{ "type": "Feature", "properties": { "u": 11.342764095875122, "v": 7.5654382209607771, "speed": 13.634300598484982, "direction": 56.297360673524764, "timestamp": "20240716T14" }, "geometry": { "type": "LineString", "coordinates": [ [ -80.25, 42.75 ], [ -79.554208555411634, 43.090785505448686 ] ] } },
{ "type": "Feature", "properties": { "u": 7.3690521650429446, "v": 4.3645682027846107, "speed": 8.5646007150294281, "direction": 59.362439675252709, "timestamp": "20240716T14" }, "geometry": { "type": "LineString", "coordinates": [ [ -80.25, 43.0 ], [ -79.796130297858952, 43.196602171296604 ] ] } },
{ "type": "Feature", "properties": { "u": 2.3577476087981166, "v": -0.38518672568766488, "speed": 2.3890045208076147, "direction": 99.278479931297099, "timestamp": "20240716T14" }, "geometry": { "type": "LineString", "coordinates": [ [ -80.25, 43.25 ], [ -80.104188522559724, 43.232649246590647 ] ] } },
{ "type": "Feature", "properties": { "u": 0.11409117855558612, "v": -6.4235891173147817, "speed": 6.4246022402253899, "direction": 178.98246048534253, "timestamp": "20240716T14" }, "geometry": { "type": "LineString", "coordinates": [ [ -80.25, 43.5 ], [ -80.242915048445809, 43.210649138859694 ] ] } },
{ "type": "Feature", "properties": { "u": 0.93444596317512763, "v": -9.8655068104575534, "speed": 9.9096626524457765, "direction": 174.58917267772833, "timestamp": "20240716T14" }, "geometry": { "type": "LineString", "coordinates": [ [ -80.25, 43.75 ], [ -80.191729982786839, 43.305607801330744 ] ] } },
{ "type": "Feature", "properties": { "u": 1.8483230156016741, "v": -8.8375983498537849, "speed": 9.0288118024101713, "direction": 168.18725014731311, "timestamp": "20240716T14" }, "geometry": { "type": "LineString", "coordinates": [ [ -80.25, 44.0 ], [ -80.134258046814068, 43.60190998424082 ] ] } },
{ "type": "Feature", "properties": { "u": 3.1626313067870493, "v": -6.2133887771373377, "speed": 6.9719751059886734, "direction": 153.02378578960287, "timestamp": "20240716T14" }, "geometry": { "type": "LineString", "coordinates": [ [ -80.25, 44.25 ], [ -80.051116175960686, 43.970117622651472 ] ] } },
{ "type": "Feature", "properties": { "u": 4.9967062320075186, "v": -4.3009771096420053, "speed": 6.5928352980070164, "direction": 130.72063384211529, "timestamp": "20240716T14" }, "geometry": { "type": "LineString", "coordinates": [ [ -80.25, 44.5 ], [ -79.934435029007631, 44.306262292358468 ] ] } },
{ "type": "Feature", "properties": { "u": 6.5130509790953033, "v": -3.6273136821709353, "speed": 7.4550142592190092, "direction": 119.11474711461771, "timestamp": "20240716T14" }, "geometry": { "type": "LineString", "coordinates": [ [ -80.25, 44.75 ], [ -79.836895640484656, 44.586607491794105 ] ] } },
{ "type": "Feature", "properties": { "u": 7.2893251635976481, "v": -2.9526401218709628, "speed": 7.8646261850096888, "direction": 112.05107677014091, "timestamp": "20240716T14" }, "geometry": { "type": "LineString", "coordinates": [ [ -80.25, 45.0 ], [ -79.785645833022201, 44.866998192708515 ] ] } },
{ "type": "Feature", "properties": { "u": 7.0987413767500751, "v": -2.2950515608986901, "speed": 7.460522153386254, "direction": 107.91622817632073, "timestamp": "20240716T14" }, "geometry": { "type": "LineString", "coordinates": [ [ -80.25, 45.25 ], [ -79.795800515286189, 45.146619299058621 ] ] } },
{ "type": "Feature", "properties": { "u": 6.4914313915520738, "v": -1.3943411635008378, "speed": 6.6394931125395829, "direction": 102.12277246679551, "timestamp": "20240716T14" }, "geometry": { "type": "LineString", "coordinates": [ [ -80.25, 45.5 ], [ -79.832817870539387, 45.437191839481947 ] ] } },
{ "type": "Feature", "properties": { "u": 5.9536756775084978, "v": -0.48230693345472314, "speed": 5.9731795595825492, "direction": 94.631414171590336, "timestamp": "20240716T14" }, "geometry": { "type": "LineString", "coordinates": [ [ -80.25, 45.75 ], [ -79.865667446732061, 45.728274462456994 ] ] } },
{ "type": "Feature", "properties": { "u": 5.3243929042413836, "v": -0.2262622024165577, "speed": 5.3291982870764327, "direction": 92.433342974394805, "timestamp": "20240716T14" }, "geometry": { "type": "LineString", "coordinates": [ [ -80.25, 46.0 ], [ -79.90474033221453, 45.989808008900155 ] ] } },
{ "type": "Feature", "properties": { "u": 15.016576351906886, "v": 9.0859423144971174, "speed": 17.551407723456784, "direction": 58.823509994305589, "timestamp": "20240716T14" }, "geometry": { "type": "LineString", "coordinates": [ [ -80.0, 41.0 ], [ -79.103731586401295, 41.409276680833202 ] ] } },
{ "type": "Feature", "properties": { "u": 16.165145910653408, "v": 9.3491085935563412, "speed": 18.673986553674702, "direction": 59.957067742784368, "timestamp": "20240716T14" }, "geometry": { "type": "LineString", "coordinates": [ [ -80.0, 41.25 ], [ -79.031496179822227, 41.67113101772776 ] ] } },
{ "type": "Feature", "properties": { "u": 16.980761718654232, "v": 9.889672035401281, "speed": 19.650747606987149, "direction": 59.783285761753909, "timestamp": "20240716T14" }, "geometry": { "type": "LineString", "coordinates": [ [ -80.0, 41.5 ], [ -78.978712418792725, 41.945480722315374 ] ] } },
{ "type": "Feature", "properties": { "u": 17.779817445467248, "v": 10.7715240804626, "speed": 20.788161039642905, "direction": 58.791315111330803, "timestamp": "20240716T14" }, "geometry": { "type": "LineString", "coordinates": [ [ -80.0, 41.75 ], [ -78.926499885270204, 42.235203787408224 ] ] } },
{ "type": "Feature", "properties": { "u": 17.774389331308914, "v": 11.803692575084314, "speed": 21.336730642440248, "direction": 56.412488270094876, "timestamp": "20240716T14" }, "geometry": { "type": "LineString", "coordinates": [ [ -80.0, 42.0 ], [ -78.922621620136226, 42.531697863742536 ] ] } },
{ "type": "Feature", "properties": { "u": 16.74568623057187, "v": 12.519565575901124, "speed": 20.908312450842434, "direction": 53.217133446319465, "timestamp": "20240716T14" }, "geometry": { "type": "LineString", "coordinates": [ [ -80.0, 42.25 ], [ -78.980962283202501, 42.813944395310862 ] ] } },
{ "type": "Feature", "properties": { "u": 13.968736951235062, "v": 11.572493211359696, "speed": 18.139686081621317, "direction": 50.359724118784612, "timestamp": "20240716T14" }, "geometry": { "type": "LineString", "coordinates": [ [ -80.0, 42.5 ], [ -79.146559437303281, 43.021283477989172 ] ] } },
{ "type": "Feature", "properties": { "u": 11.009984228172998, "v": 10.021994555853352, "speed": 14.888254685562455, "direction": 47.689526042227669, "timestamp": "20240716T14" }, "geometry": { "type": "LineString", "coordinates": [ [ -80.0, 42.75 ], [ -79.324622043951209, 43.201441196209608 ] ] } },
{ "type": "Feature", "properties": { "u": 7.620640245836956, "v": 8.2763614701808184, "speed": 11.250436300053591, "direction": 42.637996536946098, "timestamp": "20240716T14" }, "geometry": { "type": "LineString", "coordinates": [ [ -80.0, 43.0 ], [ -79.530634654086214, 43.37280907523337 ] ] } },
{ "type": "Feature", "properties": { "u": 2.133443099038574, "v": 3.8347953331281612, "speed": 4.3883065872631146, "direction": 29.088858553575822, "timestamp": "20240716T14" }, "geometry": { "type": "LineString", "coordinates": [ [ -80.0, 43.25 ], [ -79.868060309277908, 43.42273852851929 ] ] } },
{ "type": "Feature", "properties": { "u": -1.320974209038648, "v": -3.2367965931389824, "speed": 3.4959726895817429, "direction": -157.79905939919897, "timestamp": "20240716T14" }, "geometry": { "type": "LineString", "coordinates": [ [ -80.0, 43.5 ], [ -80.082031217433908, 43.354198351660408 ] ] } },
{ "type": "Feature", "properties": { "u": -0.76326226911381312, "v": -8.468880245141774, "speed": 8.5032053896166335, "direction": -174.85010131827576, "timestamp": "20240716T14" }, "geometry": { "type": "LineString", "coordinates": [ [ -80.0, 43.75 ], [ -80.047595374491522, 43.368518907876499 ] ] } },
{ "type": "Feature", "properties": { "u": 0.35349454077838049, "v": -8.526786760159208, "speed": 8.534111016596075, "direction": 177.62605134117533, "timestamp": "20240716T14" }, "geometry": { "type": "LineString", "coordinates": [ [ -80.0, 44.0 ], [ -79.977864178368776, 43.615910506299137 ] ] } },
{ "type": "Feature", "properties": { "u": 1.8967855083936236, "v": -6.0455399604408049, "speed": 6.3361146358110245, "direction": 162.58077364121294, "timestamp": "20240716T14" }, "geometry": { "type": "LineString", "coordinates": [ [ -80.0, 44.25 ], [ -79.880719591157487, 43.977678380160327 ] ] } },
{ "type": "Feature", "properties": { "u": 3.8400677546624284, "v": -4.3173759297928358, "speed": 5.7780494355407432, "direction": 138.34867137994331, "timestamp": "20240716T14" }, "geometry": { "type": "LineString", "coordinates": [ [ -80.0, 44.5 ], [ -79.757482066516857, 44.305523606766087 ] ] } },
{ "type": "Feature", "properties": { "u": 5.59754995644216, "v": -3.2638785622182187, "speed": 6.4796194937490963, "direction": 120.24605788477241, "timestamp": "20240716T14" }, "geometry": { "type": "LineString", "coordinates": [ [ -80.0, 44.75 ], [ -79.644963274963899, 44.602978443143321 ] ] } },
{ "type": "Feature", "properties": { "u": 6.6960885811918747, "v": -2.3927088973933914, "speed": 7.110742447510928, "direction": 109.66329938397664, "timestamp": "20240716T14" }, "geometry": { "type": "LineString", "coordinates": [ [ -80.0, 45.0 ], [ -79.573436969082294, 44.892220319937238 ] ] } },
{ "type": "Feature", "properties": { "u": 6.9341696411447113, "v": -1.5550372381133075, "speed": 7.1063949667951922, "direction": 102.63986668542987, "timestamp": "20240716T14" }, "geometry": { "type": "LineString", "coordinates": [ [ -80.0, 45.25 ], [ -79.556330325226199, 45.179953277562461 ] ] } },
{ "type": "Feature", "properties": { "u": 6.7966944229835926, "v": -0.33724090708459531, "speed": 6.8050559519248264, "direction": 92.840593622692325, "timestamp": "20240716T14" }, "geometry": { "type": "LineString", "coordinates": [ [ -80.0, 45.5 ], [ -79.563199657880787, 45.484808968149345 ] ] } },
{ "type": "Feature", "properties": { "u": 6.4781122138055069, "v": 0.7403519204662683, "speed": 6.5202805783795972, "direction": 83.480231084680483, "timestamp": "20240716T14" }, "geometry": { "type": "LineString", "coordinates": [ [ -80.0, 45.75 ], [ -79.581813060981176, 45.783349185606589 ] ] } },
{ "type": "Feature", "properties": { "u": 5.9469576665645478, "v": 1.2462281037457439, "speed": 6.0761328140912596, "direction": 78.16451919788831, "timestamp": "20240716T14" }, "geometry": { "type": "LineString", "coordinates": [ [ -80.0, 46.0 ], [ -79.614370189199079, 46.056136401069629 ] ] } },
{ "type": "Feature", "properties": { "u": 15.037223393871246, "v": 10.432020354234364, "speed": 18.301506387954756, "direction": 55.24915807913527, "timestamp": "20240716T14" }, "geometry": { "type": "LineString", "coordinates": [ [ -79.75, 41.0 ], [ -78.852499262127566, 41.469910826767311 ] ] } },
{ "type": "Feature", "properties": { "u": 16.099636230688187, "v": 10.604181728733229, "speed": 19.27814713338622, "direction": 56.62871368018196, "timestamp": "20240716T14" }, "geometry": { "type": "LineString", "coordinates": [ [ -79.75, 41.25 ], [ -78.785421067086205, 41.727665843636629 ] ] } },
{ "type": "Feature", "properties": { "u": 16.554544556930434, "v": 11.110575699422927, "speed": 19.937347814090074, "direction": 56.132479400098845, "timestamp": "20240716T14" }, "geometry": { "type": "LineString", "coordinates": [ [ -79.75, 41.5 ], [ -78.754346739642273, 42.000476382856888 ] ] } },
{ "type": "Feature", "properties": { "u": 17.242619206008577, "v": 12.132840790663444, "speed": 21.083494556998907, "direction": 54.867705367231004, "timestamp": "20240716T14" }, "geometry": { "type": "LineString", "coordinates": [ [ -79.75, 41.75 ], [ -78.708934547406656, 42.296524359939795 ] ] } },
{ "type": "Feature", "properties": { "u": 16.329846296040952, "v": 12.787906617562907, "speed": 20.741129084787829, "direction": 51.93549555478193, "timestamp": "20240716T14" }, "geometry": { "type": "LineString", "coordinates": [ [ -79.75, 42.0 ], [ -78.760181277234494, 42.57603182961995 ] ] } },
{ "type": "Feature", "properties": { "u": 14.343202903116094, "v": 12.892905982093207, "speed": 19.286121802556696, "direction": 48.048067105126385, "timestamp": "20240716T14" }, "geometry": { "type": "LineString", "coordinates": [ [ -79.75, 42.25 ], [ -78.877162390558212, 42.830761530724921 ] ] } },
{ "type": "Feature", "properties": { "u": 12.201022967538751, "v": 12.032875057352786, "speed": 17.136366114210762, "direction": 45.397542771498721, "timestamp": "20240716T14" }, "geometry": { "type": "LineString", "coordinates": [ [ -79.75, 42.5 ], [ -79.004560527323036, 43.042021398979855 ] ] } },
{ "type": "Feature", "properties": { "u": 10.426176494751822, "v": 11.183482578446537, "speed": 15.289716769192703, "direction": 42.992902517327899, "timestamp": "20240716T14" }, "geometry": { "type": "LineString", "coordinates": [ [ -79.75, 42.75 ], [ -79.110434163710167, 43.253760476506599 ] ] } },
{ "type": "Feature", "properties": { "u": 7.270367403953065, "v": 10.470683865874561, "speed": 12.747292371619514, "direction": 34.774357944444453, "timestamp": "20240716T14" }, "geometry": { "type": "LineString", "coordinates": [ [ -79.75, 43.0 ], [ -79.302208423256701, 43.471652426390747 ] ] } },
{ "type": "Feature", "properties": { "u": 1.4883317618192902, "v": 6.2966048213589119, "speed": 6.4701131141271713, "direction": 13.298943916041267, "timestamp": "20240716T14" }, "geometry": { "type": "LineString", "coordinates": [ [ -79.75, 43.25 ], [ -79.657956283233048, 43.533630847808958 ] ] } },
{ "type": "Feature", "properties": { "u": -2.3184867685003945, "v": -1.0327082529317024, "speed": 2.53808337754784, "direction": -114.00930988136749, "timestamp": "20240716T14" }, "geometry": { "type": "LineString", "coordinates": [ [ -79.75, 43.5 ], [ -79.893975780089519, 43.453481610228302 ] ] } },
{ "type": "Feature", "properties": { "u": -1.754843802709023, "v": -7.1962663823326087, "speed": 7.4071402455601394, "direction": -166.29561751147801, "timestamp": "20240716T14" }, "geometry": { "type": "LineString", "coordinates": [ [ -79.75, 43.75 ], [ -79.859428241567656, 43.425843856651682 ] ] } },
{ "type": "Feature", "properties": { "u": -0.034158869382396317, "v": -8.2975172249138076, "speed": 8.297587536513177, "direction": -179.764128480946, "timestamp": "20240716T14" }, "geometry": { "type": "LineString", "coordinates": [ [ -79.75, 44.0 ], [ -79.752139027771435, 43.626237962841721 ] ] } },
{ "type": "Feature", "properties": { "u": 1.5411760674334252, "v": -6.3012383258409201, "speed": 6.4869737250798263, "direction": 166.25623837553286, "timestamp": "20240716T14" }, "geometry": { "type": "LineString", "coordinates": [ [ -79.75, 44.25 ], [ -79.653082288108877, 43.966160435772935 ] ] } },
{ "type": "Feature", "properties": { "u": 3.2366137735677931, "v": -4.2006199246100957, "speed": 5.3029120745379208, "direction": 142.38543930557304, "timestamp": "20240716T14" }, "geometry": { "type": "LineString", "coordinates": [ [ -79.75, 44.5 ], [ -79.545592959812836, 44.310782886278822 ] ] } },
{ "type": "Feature", "properties": { "u": 4.9113291155546746, "v": -2.7873238882851075, "speed": 5.6471522150106663, "direction": 119.57618658954672, "timestamp": "20240716T14" }, "geometry": { "type": "LineString", "coordinates": [ [ -79.75, 44.75 ], [ -79.438488317508586, 44.624444869897069 ] ] } },
{ "type": "Feature", "properties": { "u": 6.2364748631455837, "v": -1.6937412076262881, "speed": 6.4623817588454244, "direction": 105.19425463090178, "timestamp": "20240716T14" }, "geometry": { "type": "LineString", "coordinates": [ [ -79.75, 45.0 ], [ -79.35271588590723, 44.923705351007825 ] ] } },
{ "type": "Feature", "properties": { "u": 6.8524914327153601, "v": -0.59121658944679889, "speed": 6.8779485234388398, "direction": 94.931131668223685, "timestamp": "20240716T14" }, "geometry": { "type": "LineString", "coordinates": [ [ -79.75, 45.25 ], [ -79.311556350265292, 45.223368622096991 ] ] } },
{ "type": "Feature", "properties": { "u": 7.0484906311270636, "v": 0.66045313948396178, "speed": 7.079365686736363, "direction": 84.646937705682333, "timestamp": "20240716T14" }, "geometry": { "type": "LineString", "coordinates": [ [ -79.75, 45.5 ], [ -79.297017575383521, 45.529750141418198 ] ] } },
{ "type": "Feature", "properties": { "u": 6.9001563937993176, "v": 1.8669702869228617, "speed": 7.1482680637440028, "direction": 74.860028601704741, "timestamp": "20240716T14" }, "geometry": { "type": "LineString", "coordinates": [ [ -79.75, 45.75 ], [ -79.304568493746586, 45.834097760672201 ] ] } },
{ "type": "Feature", "properties": { "u": 6.5395579654712055, "v": 2.6555939499504402, "speed": 7.058186566730245, "direction": 67.89883552708126, "timestamp": "20240716T14" }, "geometry": { "type": "LineString", "coordinates": [ [ -79.75, 46.0 ], [ -79.325943088492991, 46.119621349096867 ] ] } },
{ "type": "Feature", "properties": { "u": 14.799517896070844, "v": 11.113774265052376, "speed": 18.507882330797916, "direction": 53.095093521502442, "timestamp": "20240716T14" }, "geometry": { "type": "LineString", "coordinates": [ [ -79.5, 41.0 ], [ -78.616686778937293, 41.500620462389747 ] ] } },
{ "type": "Feature", "properties": { "u": 15.751052219951324, "v": 11.371137369206348, "speed": 19.426744737731912, "direction": 54.173399402642069, "timestamp": "20240716T14" }, "geometry": { "type": "LineString", "coordinates": [ [ -79.5, 41.25 ], [ -78.556305811827599, 41.762213395009297 ] ] } },
{ "type": "Feature", "properties": { "u": 16.151742929047298, "v": 11.950217227622321, "speed": 20.09195091158125, "direction": 53.503309759466546, "timestamp": "20240716T14" }, "geometry": { "type": "LineString", "coordinates": [ [ -79.5, 41.5 ], [ -78.528572761246195, 42.038298073316319 ] ] } },
{ "type": "Feature", "properties": { "u": 16.316924492670299, "v": 12.882854670162727, "speed": 20.789660154799009, "direction": 51.707517565600632, "timestamp": "20240716T14" }, "geometry": { "type": "LineString", "coordinates": [ [ -79.5, 41.75 ], [ -78.514825637628547, 42.330308768926251 ] ] } },
{ "type": "Feature", "properties": { "u": 14.961179989401893, "v": 13.584824951135746, "speed": 20.208522351430844, "direction": 47.760397172604819, "timestamp": "20240716T14" }, "geometry": { "type": "LineString", "coordinates": [ [ -79.5, 42.0 ], [ -78.5931417357085, 42.611929051852961 ] ] } },
{ "type": "Feature", "properties": { "u": 12.273461189281287, "v": 13.212943945596578, "speed": 18.033849762994901, "direction": 42.888912324665611, "timestamp": "20240716T14" }, "geometry": { "type": "LineString", "coordinates": [ [ -79.5, 42.25 ], [ -78.753113924665911, 42.845177655207053 ] ] } },
{ "type": "Feature", "properties": { "u": 10.816034759781315, "v": 12.022737517615624, "speed": 16.171976544080191, "direction": 41.975549059538849, "timestamp": "20240716T14" }, "geometry": { "type": "LineString", "coordinates": [ [ -79.5, 42.5 ], [ -78.83917842223245, 43.041564753045748 ] ] } },
{ "type": "Feature", "properties": { "u": 9.6812512100528973, "v": 11.349377987328172, "speed": 14.917607237469417, "direction": 40.464855731626237, "timestamp": "20240716T14" }, "geometry": { "type": "LineString", "coordinates": [ [ -79.5, 42.75 ], [ -78.906129607569355, 43.261233242672439 ] ] } },
{ "type": "Feature", "properties": { "u": 6.7902253192309869, "v": 11.137208179608912, "speed": 13.043947482333452, "direction": 31.370172609031009, "timestamp": "20240716T14" }, "geometry": { "type": "LineString", "coordinates": [ [ -79.5, 43.0 ], [ -79.081781011440029, 43.501676044126526 ] ] } },
{ "type": "Feature", "properties": { "u": 1.5469718822878491, "v": 7.6467730741345985, "speed": 7.8016831806924269, "direction": 11.436801777440683, "timestamp": "20240716T14" }, "geometry": { "type": "LineString", "coordinates": [ [ -79.5, 43.25 ], [ -79.404329770127546, 43.594449237573627 ] ] } },
{ "type": "Feature", "properties": { "u": -2.1796851453966752, "v": 1.0177564048575818, "speed": 2.4055883755729193, "direction": -64.970803977227305, "timestamp": "20240716T14" }, "geometry": { "type": "LineString", "coordinates": [ [ -79.5, 43.5 ], [ -79.635356333890584, 43.545844883101694 ] ] } },
{ "type": "Feature", "properties": { "u": -1.7951501609720029, "v": -4.8401426470215831, "speed": 5.1623197250804704, "direction": -159.65079405874152, "timestamp": "20240716T14" }, "geometry": { "type": "LineString", "coordinates": [ [ -79.5, 43.75 ], [ -79.611941658375414, 43.531975556440472 ] ] } },
{ "type": "Feature", "properties": { "u": 0.47692514311147211, "v": -6.9273587519442117, "speed": 6.9437566828245041, "direction": 176.0615946501166, "timestamp": "20240716T14" }, "geometry": { "type": "LineString", "coordinates": [ [ -79.5, 44.0 ], [ -79.4701349563246, 43.687956812975486 ] ] } },
{ "type": "Feature", "properties": { "u": 2.1122661237174798, "v": -5.7427900295504086, "speed": 6.118930094461617, "direction": 159.80588072762922, "timestamp": "20240716T14" }, "geometry": { "type": "LineString", "coordinates": [ [ -79.5, 44.25 ], [ -79.367168973135719, 43.991315764434667 ] ] } },
{ "type": "Feature", "properties": { "u": 3.4266219503490269, "v": -3.9209677898588056, "speed": 5.20727629377624, "direction": 138.84905933814326, "timestamp": "20240716T14" }, "geometry": { "type": "LineString", "coordinates": [ [ -79.5, 44.5 ], [ -79.28359306988331, 44.323379829285642 ] ] } },
{ "type": "Feature", "properties": { "u": 4.6858771278748401, "v": -2.2785210753698228, "speed": 5.2104800880960109, "direction": 115.93146962212423, "timestamp": "20240716T14" }, "geometry": { "type": "LineString", "coordinates": [ [ -79.5, 44.75 ], [ -79.202788097944961, 44.647363915523883 ] ] } },
{ "type": "Feature", "properties": { "u": 5.9104095740687157, "v": -0.90647995832159423, "speed": 5.9795189813296732, "direction": 98.719513725771179, "timestamp": "20240716T14" }, "geometry": { "type": "LineString", "coordinates": [ [ -79.5, 45.0 ], [ -79.123487325278035, 44.959167569444972 ] ] } },
{ "type": "Feature", "properties": { "u": 6.8100752266619766, "v": 0.15523582908709441, "speed": 6.811844299118083, "direction": 88.694167468295774, "timestamp": "20240716T14" }, "geometry": { "type": "LineString", "coordinates": [ [ -79.5, 45.25 ], [ -79.064270270650681, 45.256992604913833 ] ] } },
{ "type": "Feature", "properties": { "u": 7.2873806663359986, "v": 1.2531287044387667, "speed": 7.3943389512502122, "direction": 80.242915553320103, "timestamp": "20240716T14" }, "geometry": { "type": "LineString", "coordinates": [ [ -79.5, 45.5 ], [ -79.031664928550484, 45.556447238938681 ] ] } },
{ "type": "Feature", "properties": { "u": 7.3101696426878853, "v": 2.6033018995585371, "speed": 7.7598815058685409, "direction": 70.398138784971636, "timestamp": "20240716T14" }, "geometry": { "type": "LineString", "coordinates": [ [ -79.5, 45.75 ], [ -79.028100569164408, 45.867265851331467 ] ] } },
{ "type": "Feature", "properties": { "u": 7.0839890427949443, "v": 3.6482591585838149, "speed": 7.9682303961814211, "direction": 62.751501879049279, "timestamp": "20240716T14" }, "geometry": { "type": "LineString", "coordinates": [ [ -79.5, 46.0 ], [ -79.040639515621962, 46.164335998134405 ] ] } },
{ "type": "Feature", "properties": { "u": 14.371366920032603, "v": 11.040474732052404, "speed": 18.122590031761327, "direction": 52.467550801757326, "timestamp": "20240716T14" }, "geometry": { "type": "LineString", "coordinates": [ [ -79.25, 41.0 ], [ -78.392241085530344, 41.49731868162398 ] ] } },
{ "type": "Feature", "properties": { "u": 15.478402643938296, "v": 11.615566009056083, "speed": 19.352062477126697, "direction": 53.114081316452534, "timestamp": "20240716T14" }, "geometry": { "type": "LineString", "coordinates": [ [ -79.25, 41.25 ], [ -78.322641090048904, 41.773223694101624 ] ] } },
{ "type": "Feature", "properties": { "u": 15.987336295907998, "v": 12.350913943628917, "speed": 20.202475023654515, "direction": 52.312350207880463, "timestamp": "20240716T14" }, "geometry": { "type": "LineString", "coordinates": [ [ -79.25, 41.5 ], [ -78.288460801339767, 42.056347474938242 ] ] } },
{ "type": "Feature", "properties": { "u": 15.26395725622312, "v": 12.92969883401029, "speed": 20.004137148550384, "direction": 49.732937502517672, "timestamp": "20240716T14" }, "geometry": { "type": "LineString", "coordinates": [ [ -79.25, 41.75 ], [ -78.328401118794176, 42.332418866396857 ] ] } },
{ "type": "Feature", "properties": { "u": 13.690604790136687, "v": 13.745468765067274, "speed": 19.400272448889826, "direction": 44.885425659963019, "timestamp": "20240716T14" }, "geometry": { "type": "LineString", "coordinates": [ [ -79.25, 42.0 ], [ -78.420156491274156, 42.619165259687712 ] ] } },
{ "type": "Feature", "properties": { "u": 11.495345194908456, "v": 13.684066772318294, "speed": 17.871671566458762, "direction": 40.032049093025272, "timestamp": "20240716T14" }, "geometry": { "type": "LineString", "coordinates": [ [ -79.25, 42.25 ], [ -78.550465196831851, 42.866399404158479 ] ] } },
{ "type": "Feature", "properties": { "u": 9.2122924867129825, "v": 11.676454920114208, "speed": 14.872993389436028, "direction": 38.272138114973885, "timestamp": "20240716T14" }, "geometry": { "type": "LineString", "coordinates": [ [ -79.25, 42.5 ], [ -78.687161419029238, 43.025966437842982 ] ] } },
{ "type": "Feature", "properties": { "u": 8.8601864040385436, "v": 11.38109782458389, "speed": 14.423324540724224, "direction": 37.900763207163088, "timestamp": "20240716T14" }, "geometry": { "type": "LineString", "coordinates": [ [ -79.25, 42.75 ], [ -78.706495626173677, 43.262662064170442 ] ] } },
{ "type": "Feature", "properties": { "u": 6.461302323595012, "v": 11.224264836984448, "speed": 12.951160135202553, "direction": 29.927090598967137, "timestamp": "20240716T14" }, "geometry": { "type": "LineString", "coordinates": [ [ -79.25, 43.0 ], [ -78.852039815247224, 43.505597515179481 ] ] } },
{ "type": "Feature", "properties": { "u": 1.9880820581038496, "v": 8.1877365829277799, "speed": 8.4256454127365412, "direction": 13.647985674908389, "timestamp": "20240716T14" }, "geometry": { "type": "LineString", "coordinates": [ [ -79.25, 43.25 ], [ -79.127049951791747, 43.618816963194945 ] ] } },
{ "type": "Feature", "properties": { "u": -1.2647941431668115, "v": 2.6052627911464765, "speed": 2.8960487626283848, "direction": -25.895488506607467, "timestamp": "20240716T14" }, "geometry": { "type": "LineString", "coordinates": [ [ -79.25, 43.5 ], [ -79.328542489821018, 43.617354179781373 ] ] } },
{ "type": "Feature", "properties": { "u": -1.4945469924560475, "v": -2.1556113008580189, "speed": 2.6230384657961494, "direction": -145.26532312962507, "timestamp": "20240716T14" }, "geometry": { "type": "LineString", "coordinates": [ [ -79.25, 43.75 ], [ -79.343196698801464, 43.652900391853244 ] ] } },
{ "type": "Feature", "properties": { "u": 0.74518498017351054, "v": -4.7025346358125937, "speed": 4.7612112593008593, "direction": 170.99552308384344, "timestamp": "20240716T14" }, "geometry": { "type": "LineString", "coordinates": [ [ -79.25, 44.0 ], [ -79.203336530269837, 43.788174115503935 ] ] } },
{ "type": "Feature", "properties": { "u": 2.4608975636269994, "v": -4.6488996585093476, "speed": 5.2600650997448337, "direction": 152.10546882340822, "timestamp": "20240716T14" }, "geometry": { "type": "LineString", "coordinates": [ [ -79.25, 44.25 ], [ -79.095245091651108, 44.040590105472553 ] ] } },
{ "type": "Feature", "properties": { "u": 3.7167614302357563, "v": -3.5866952615897523, "speed": 5.1651426339258553, "direction": 133.97973587766612, "timestamp": "20240716T14" }, "geometry": { "type": "LineString", "coordinates": [ [ -79.25, 44.5 ], [ -79.015269427807311, 44.338437150378837 ] ] } },
{ "type": "Feature", "properties": { "u": 4.7702953320880006, "v": -2.0599593044601381, "speed": 5.1960706203219047, "direction": 113.35616261083263, "timestamp": "20240716T14" }, "geometry": { "type": "LineString", "coordinates": [ [ -79.25, 44.75 ], [ -78.947433690571998, 44.65720904033963 ] ] } },
{ "type": "Feature", "properties": { "u": 5.85934617540775, "v": -0.51528447027861191, "speed": 5.8819601910056942, "direction": 95.025793887605019, "timestamp": "20240716T14" }, "geometry": { "type": "LineString", "coordinates": [ [ -79.25, 45.0 ], [ -78.876740232977454, 44.976788987825287 ] ] } },
{ "type": "Feature", "properties": { "u": 6.9645785596078147, "v": 0.3762136927483607, "speed": 6.9747323429333274, "direction": 86.907992746423034, "timestamp": "20240716T14" }, "geometry": { "type": "LineString", "coordinates": [ [ -79.25, 45.25 ], [ -78.804384668332446, 45.266946562736415 ] ] } },
{ "type": "Feature", "properties": { "u": 7.7603509359679803, "v": 1.3560853765594956, "speed": 7.8779447953065533, "direction": 80.087910947638804, "timestamp": "20240716T14" }, "geometry": { "type": "LineString", "coordinates": [ [ -79.25, 45.5 ], [ -78.751268744357063, 45.561084926872049 ] ] } },
{ "type": "Feature", "properties": { "u": 8.1352986819541311, "v": 2.8726435237360022, "speed": 8.6275816692203513, "direction": 70.551438062775162, "timestamp": "20240716T14" }, "geometry": { "type": "LineString", "coordinates": [ [ -79.25, 45.75 ], [ -78.724835331416443, 45.879398356925044 ] ] } },
{ "type": "Feature", "properties": { "u": 7.7645939881667587, "v": 4.1462011824128462, "speed": 8.8022669833467937, "direction": 61.898311292625436, "timestamp": "20240716T14" }, "geometry": { "type": "LineString", "coordinates": [ [ -79.25, 46.0 ], [ -78.746505763369186, 46.186765819027606 ] ] } },
{ "type": "Feature", "properties": { "u": 13.560332854688003, "v": 10.247300623687186, "speed": 16.996758432187907, "direction": 52.922311871783528, "timestamp": "20240716T14" }, "geometry": { "type": "LineString", "coordinates": [ [ -79.0, 41.0 ], [ -78.190647872675839, 41.461590118184105 ] ] } },
{ "type": "Feature", "properties": { "u": 14.20477173508462, "v": 10.911014149431077, "speed": 17.911609916893124, "direction": 52.471299084774579, "timestamp": "20240716T14" }, "geometry": { "type": "LineString", "coordinates": [ [ -79.0, 41.25 ], [ -78.148948251613618, 41.741487123848245 ] ] } },
{ "type": "Feature", "properties": { "u": 14.450167424912198, "v": 11.413386345658758, "speed": 18.4139275137941, "direction": 51.696748011588788, "timestamp": "20240716T14" }, "geometry": { "type": "LineString", "coordinates": [ [ -79.0, 41.5 ], [ -78.130911982516267, 42.014116502056702 ] ] } },
{ "type": "Feature", "properties": { "u": 14.278857402593093, "v": 12.18831604039668, "speed": 18.7734071661001, "direction": 49.516199356067105, "timestamp": "20240716T14" }, "geometry": { "type": "LineString", "coordinates": [ [ -79.0, 41.75 ], [ -78.137878940157407, 42.299023245062912 ] ] } },
{ "type": "Feature", "properties": { "u": 12.916134497084746, "v": 13.205962235405444, "speed": 18.472248615415975, "direction": 44.364322664936651, "timestamp": "20240716T14" }, "geometry": { "type": "LineString", "coordinates": [ [ -79.0, 42.0 ], [ -78.217100300933552, 42.594863163757005 ] ] } },
{ "type": "Feature", "properties": { "u": 11.135837708493378, "v": 13.345754926936188, "speed": 17.381486013564679, "direction": 39.841974168313783, "timestamp": "20240716T14" }, "geometry": { "type": "LineString", "coordinates": [ [ -79.0, 42.25 ], [ -78.322342573672898, 42.851160131843976 ] ] } },
{ "type": "Feature", "properties": { "u": 8.5085036699024048, "v": 11.313622155550732, "speed": 14.15601218490967, "direction": 36.945300251358546, "timestamp": "20240716T14" }, "geometry": { "type": "LineString", "coordinates": [ [ -79.0, 42.5 ], [ -78.480160433609811, 43.0096226196194 ] ] } },
{ "type": "Feature", "properties": { "u": 7.8440702619318188, "v": 11.435588456257278, "speed": 13.867304049995003, "direction": 34.447589587768917, "timestamp": "20240716T14" }, "geometry": { "type": "LineString", "coordinates": [ [ -79.0, 42.75 ], [ -78.518826545904531, 43.265116597128703 ] ] } },
{ "type": "Feature", "properties": { "u": 5.6905230269384806, "v": 10.739349377440583, "speed": 12.153833854831591, "direction": 27.918040869974039, "timestamp": "20240716T14" }, "geometry": { "type": "LineString", "coordinates": [ [ -79.0, 43.0 ], [ -78.649513135011404, 43.483754476461286 ] ] } },
{ "type": "Feature", "properties": { "u": 1.9636113051099602, "v": 7.7732382289356172, "speed": 8.0174186569831676, "direction": 14.17699640550652, "timestamp": "20240716T14" }, "geometry": { "type": "LineString", "coordinates": [ [ -79.0, 43.25 ], [ -78.87856330997937, 43.600145866168269 ] ] } },
{ "type": "Feature", "properties": { "u": -0.5551345818993525, "v": 3.3070429930348109, "speed": 3.3533129531556116, "direction": -9.5290760756873851, "timestamp": "20240716T14" }, "geometry": { "type": "LineString", "coordinates": [ [ -79.0, 43.5 ], [ -79.034473319222485, 43.64896590058715 ] ] } },
{ "type": "Feature", "properties": { "u": -1.1192636117217862, "v": -0.27641829611993596, "speed": 1.1528911947596556, "direction": -103.87243228330775, "timestamp": "20240716T14" }, "geometry": { "type": "LineString", "coordinates": [ [ -79.0, 43.75 ], [ -79.069794843673435, 43.737548725400003 ] ] } },
{ "type": "Feature", "properties": { "u": 0.45074213294749516, "v": -2.4970122543570832, "speed": 2.5373684535012848, "direction": 169.76758164281642, "timestamp": "20240716T14" }, "geometry": { "type": "LineString", "coordinates": [ [ -79.0, 44.0 ], [ -78.971774535938707, 43.887521970524453 ] ] } },
{ "type": "Feature", "properties": { "u": 1.9649144153817675, "v": -3.4072233597072419, "speed": 3.9331996749097011, "direction": 150.02834605862839, "timestamp": "20240716T14" }, "geometry": { "type": "LineString", "coordinates": [ [ -79.0, 44.25 ], [ -78.876435267050425, 44.096521470283456 ] ] } },
{ "type": "Feature", "properties": { "u": 3.3994156542431271, "v": -3.1967693404821298, "speed": 4.666407719709003, "direction": 133.24032713776285, "timestamp": "20240716T14" }, "geometry": { "type": "LineString", "coordinates": [ [ -79.0, 44.5 ], [ -78.785311272563789, 44.356001381059365 ] ] } },
{ "type": "Feature", "properties": { "u": 4.7223178412125337, "v": -2.1973559931368341, "speed": 5.2085179421797685, "direction": 114.95317228339449, "timestamp": "20240716T14" }, "geometry": { "type": "LineString", "coordinates": [ [ -79.0, 44.75 ], [ -78.700476766805082, 44.651020000309153 ] ] } },
{ "type": "Feature", "properties": { "u": 6.1423208440764965, "v": -0.79822195729768186, "speed": 6.1939699421847978, "direction": 97.404345941578285, "timestamp": "20240716T14" }, "geometry": { "type": "LineString", "coordinates": [ [ -79.0, 45.0 ], [ -78.608713808912611, 44.964044055977581 ] ] } },
{ "type": "Feature", "properties": { "u": 7.4547800452530346, "v": 0.028755258139978923, "speed": 7.454835503750135, "direction": 89.778994584797218, "timestamp": "20240716T14" }, "geometry": { "type": "LineString", "coordinates": [ [ -79.0, 45.25 ], [ -78.523020057288122, 45.251295281898194 ] ] } },
{ "type": "Feature", "properties": { "u": 8.6212788971646201, "v": 1.2501422730585263, "speed": 8.7114468101219522, "direction": 81.749242845394164, "timestamp": "20240716T14" }, "geometry": { "type": "LineString", "coordinates": [ [ -79.0, 45.5 ], [ -78.445939844072967, 45.556312715002633 ] ] } },
{ "type": "Feature", "properties": { "u": 9.3807723496727888, "v": 3.1134489913556957, "speed": 9.8839493370898737, "direction": 71.639155971467645, "timestamp": "20240716T14" }, "geometry": { "type": "LineString", "coordinates": [ [ -79.0, 45.75 ], [ -78.394435238991093, 45.890245450061066 ] ] } },
{ "type": "Feature", "properties": { "u": 8.4099516947396715, "v": 4.5412698821728661, "speed": 9.5577413467086991, "direction": 61.631502456562089, "timestamp": "20240716T14" }, "geometry": { "type": "LineString", "coordinates": [ [ -79.0, 46.0 ], [ -78.454657614409953, 46.204561706404185 ] ] } },
{ "type": "Feature", "properties": { "u": 11.383567490497828, "v": 8.6775462256418994, "speed": 14.313819102841526, "direction": 52.682195219263527, "timestamp": "20240716T14" }, "geometry": { "type": "LineString", "coordinates": [ [ -78.75, 41.0 ], [ -78.070568701100328, 41.390880460614497 ] ] } },
{ "type": "Feature", "properties": { "u": 11.872929135587386, "v": 9.1987170653026276, "speed": 15.01941549815337, "direction": 52.232767513119413, "timestamp": "20240716T14" }, "geometry": { "type": "LineString", "coordinates": [ [ -78.75, 41.25 ], [ -78.038656144022923, 41.664356624563183 ] ] } },
{ "type": "Feature", "properties": { "u": 12.4594462642848, "v": 10.185734808629151, "speed": 16.093072882588956, "direction": 50.73362248846442, "timestamp": "20240716T14" }, "geometry": { "type": "LineString", "coordinates": [ [ -78.75, 41.5 ], [ -78.000641523079921, 41.958816883271581 ] ] } },
{ "type": "Feature", "properties": { "u": 12.98792095988113, "v": 11.308888760811763, "speed": 17.22141271395974, "direction": 48.953142825599436, "timestamp": "20240716T14" }, "geometry": { "type": "LineString", "coordinates": [ [ -78.75, 41.75 ], [ -77.965822396191783, 42.25940940364017 ] ] } },
{ "type": "Feature", "properties": { "u": 12.050471849519672, "v": 12.270876587152079, "speed": 17.198496562583113, "direction": 44.480788838278599, "timestamp": "20240716T14" }, "geometry": { "type": "LineString", "coordinates": [ [ -78.75, 42.0 ], [ -78.019571651895774, 42.552742188610452 ] ] } },
{ "type": "Feature", "properties": { "u": 10.611769716394116, "v": 12.412329070990396, "speed": 16.330204208163856, "direction": 40.528384766687957, "timestamp": "20240716T14" }, "geometry": { "type": "LineString", "coordinates": [ [ -78.75, 42.25 ], [ -78.104234073535139, 42.809113922116687 ] ] } },
{ "type": "Feature", "properties": { "u": 7.5924854573117031, "v": 10.868232847076319, "speed": 13.257613685643367, "direction": 34.937930132932891, "timestamp": "20240716T14" }, "geometry": { "type": "LineString", "coordinates": [ [ -78.75, 42.5 ], [ -78.286125915780687, 42.98956003815659 ] ] } },
{ "type": "Feature", "properties": { "u": 5.7576129524488255, "v": 10.15587173131825, "speed": 11.674409515397155, "direction": 29.549965014031965, "timestamp": "20240716T14" }, "geometry": { "type": "LineString", "coordinates": [ [ -78.75, 42.75 ], [ -78.396814674121458, 43.207471699608931 ] ] } },
{ "type": "Feature", "properties": { "u": 4.0805785892995621, "v": 9.4553132072154629, "speed": 10.29825565180789, "direction": 23.343318636816186, "timestamp": "20240716T14" }, "geometry": { "type": "LineString", "coordinates": [ [ -78.75, 43.0 ], [ -78.498671749445037, 43.425915009334027 ] ] } },
{ "type": "Feature", "properties": { "u": 1.2385977086512752, "v": 6.6358086013363975, "speed": 6.7504133264153765, "direction": 10.572801164435422, "timestamp": "20240716T14" }, "geometry": { "type": "LineString", "coordinates": [ [ -78.75, 43.25 ], [ -78.673400723139892, 43.548910297357494 ] ] } },
{ "type": "Feature", "properties": { "u": -0.54953646880543439, "v": 3.4011226966963219, "speed": 3.4452323475391333, "direction": -9.1782447225954371, "timestamp": "20240716T14" }, "geometry": { "type": "LineString", "coordinates": [ [ -78.75, 43.5 ], [ -78.784125681827845, 43.653203725076409 ] ] } },
{ "type": "Feature", "properties": { "u": -1.0460479498752016, "v": 0.83211479547852829, "speed": 1.3366492981677673, "direction": -51.498299666767572, "timestamp": "20240716T14" }, "geometry": { "type": "LineString", "coordinates": [ [ -78.75, 43.75 ], [ -78.815229274294154, 43.787482648444978 ] ] } },
{ "type": "Feature", "properties": { "u": -0.016770261624564853, "v": -0.70499727051041128, "speed": 0.70519670525470146, "direction": -178.6373223309333, "timestamp": "20240716T14" }, "geometry": { "type": "LineString", "coordinates": [ [ -78.75, 44.0 ], [ -78.751050153473983, 43.968243366193228 ] ] } },
{ "type": "Feature", "properties": { "u": 1.0687545218834325, "v": -1.9657475412219676, "speed": 2.2374985192992858, "direction": 151.46757880306166, "timestamp": "20240716T14" }, "geometry": { "type": "LineString", "coordinates": [ [ -78.75, 44.25 ], [ -78.682790779053079, 44.161452813458467 ] ] } },
{ "type": "Feature", "properties": { "u": 2.5250142208860962, "v": -2.5493495777582869, "speed": 3.5881583138559221, "direction": 135.27477386483213, "timestamp": "20240716T14" }, "geometry": { "type": "LineString", "coordinates": [ [ -78.75, 44.5 ], [ -78.590533743155618, 44.385164433434312 ] ] } },
{ "type": "Feature", "properties": { "u": 4.4707783847777032, "v": -2.3459198539790318, "speed": 5.0488809975170268, "direction": 117.68702575627806, "timestamp": "20240716T14" }, "geometry": { "type": "LineString", "coordinates": [ [ -78.75, 44.75 ], [ -78.46643120142825, 44.644327934505448 ] ] } },
{ "type": "Feature", "properties": { "u": 6.5034015717969522, "v": -1.3659419892508464, "speed": 6.6453013116072945, "direction": 101.86170009749171, "timestamp": "20240716T14" }, "geometry": { "type": "LineString", "coordinates": [ [ -78.75, 45.0 ], [ -78.335711770072351, 44.938471081565275 ] ] } },
{ "type": "Feature", "properties": { "u": 8.2843762854552239, "v": -0.50645237428161072, "speed": 8.2998424350362434, "direction": 93.4983340095702, "timestamp": "20240716T14" }, "geometry": { "type": "LineString", "coordinates": [ [ -78.75, 45.25 ], [ -78.219939917468622, 45.227186829987318 ] ] } },
{ "type": "Feature", "properties": { "u": 9.7162289258782089, "v": 1.103622773569366, "speed": 9.7787058329010677, "direction": 83.5198031343091, "timestamp": "20240716T14" }, "geometry": { "type": "LineString", "coordinates": [ [ -78.75, 45.5 ], [ -78.125571144616913, 45.54971273754817 ] ] } },
{ "type": "Feature", "properties": { "u": 10.25353107422584, "v": 3.3835591832339578, "speed": 10.797378026009914, "direction": 71.737644567842054, "timestamp": "20240716T14" }, "geometry": { "type": "LineString", "coordinates": [ [ -78.75, 45.75 ], [ -78.088095322750519, 45.902412575821351 ] ] } },
{ "type": "Feature", "properties": { "u": 8.8239974207272738, "v": 4.6700321825824691, "speed": 9.9835930940397191, "direction": 62.11031606960767, "timestamp": "20240716T14" }, "geometry": { "type": "LineString", "coordinates": [ [ -78.75, 46.0 ], [ -78.177808865196013, 46.210361810026235 ] ] } },
{ "type": "Feature", "properties": { "u": 9.5470113832759722, "v": 8.0338635105342675, "speed": 12.477515347948685, "direction": 49.9192010968098, "timestamp": "20240716T14" }, "geometry": { "type": "LineString", "coordinates": [ [ -78.5, 41.0 ], [ -77.930184048176145, 41.361885743717757 ] ] } },
{ "type": "Feature", "properties": { "u": 9.7046379023725517, "v": 8.329870718477105, "speed": 12.789321444185701, "direction": 49.359215711229126, "timestamp": "20240716T14" }, "geometry": { "type": "LineString", "coordinates": [ [ -78.5, 41.25 ], [ -77.918565168923379, 41.625219401733204 ] ] } },
{ "type": "Feature", "properties": { "u": 9.9663825245777176, "v": 9.1604507829828421, "speed": 13.536714489626318, "direction": 47.412798165059399, "timestamp": "20240716T14" }, "geometry": { "type": "LineString", "coordinates": [ [ -78.5, 41.5 ], [ -77.900583856569227, 41.912632918152383 ] ] } },
{ "type": "Feature", "properties": { "u": 11.08400200143244, "v": 10.415910412434187, "speed": 15.210071994820183, "direction": 46.779845148047421, "timestamp": "20240716T14" }, "geometry": { "type": "LineString", "coordinates": [ [ -78.5, 41.75 ], [ -77.830776176037929, 42.219185153713255 ] ] } },
{ "type": "Feature", "properties": { "u": 10.672099024075916, "v": 11.361103688959123, "speed": 15.58744285028698, "direction": 43.208875968897054, "timestamp": "20240716T14" }, "geometry": { "type": "LineString", "coordinates": [ [ -78.5, 42.0 ], [ -77.85312046214429, 42.511761427430592 ] ] } },
{ "type": "Feature", "properties": { "u": 10.095521088988512, "v": 11.626793006113408, "speed": 15.398112276029794, "direction": 40.967716764621436, "timestamp": "20240716T14" }, "geometry": { "type": "LineString", "coordinates": [ [ -78.5, 42.25 ], [ -77.885649735773626, 42.773729414689797 ] ] } },
{ "type": "Feature", "properties": { "u": 8.035270121502986, "v": 11.149125802852776, "speed": 13.742946266843807, "direction": 35.780614345557026, "timestamp": "20240716T14" }, "geometry": { "type": "LineString", "coordinates": [ [ -78.5, 42.5 ], [ -78.009073334414154, 43.002212874002375 ] ] } },
{ "type": "Feature", "properties": { "u": 4.7246975756528276, "v": 9.2028077408263478, "speed": 10.344778271958905, "direction": 27.175846312446236, "timestamp": "20240716T14" }, "geometry": { "type": "LineString", "coordinates": [ [ -78.5, 42.75 ], [ -78.210176097852354, 43.164540889226409 ] ] } },
{ "type": "Feature", "properties": { "u": 2.3497614988945563, "v": 8.0073795291648224, "speed": 8.3450288211470571, "direction": 16.354299755106844, "timestamp": "20240716T14" }, "geometry": { "type": "LineString", "coordinates": [ [ -78.5, 43.0 ], [ -78.355275070969782, 43.360692771583999 ] ] } },
{ "type": "Feature", "properties": { "u": 0.11421436761223625, "v": 5.3741676532519689, "speed": 5.3753811852768951, "direction": 1.2174938846286405, "timestamp": "20240716T14" }, "geometry": { "type": "LineString", "coordinates": [ [ -78.5, 43.25 ], [ -78.492936578273131, 43.492079624020356 ] ] } },
{ "type": "Feature", "properties": { "u": -1.2396293215626539, "v": 3.1479342230225522, "speed": 3.3832189889740341, "direction": -21.494092027116949, "timestamp": "20240716T14" }, "geometry": { "type": "LineString", "coordinates": [ [ -78.5, 43.5 ], [ -78.5769797788017, 43.641798838874891 ] ] } },
{ "type": "Feature", "properties": { "u": -1.4460045837079136, "v": 1.6522287196140377, "speed": 2.1956295220327444, "direction": -41.191904269416234, "timestamp": "20240716T14" }, "geometry": { "type": "LineString", "coordinates": [ [ -78.5, 43.75 ], [ -78.59016969980442, 43.824424717099731 ] ] } },
{ "type": "Feature", "properties": { "u": -0.54075637586156433, "v": 0.7723421012481585, "speed": 0.94283072679848212, "direction": -34.997840276656405, "timestamp": "20240716T14" }, "geometry": { "type": "LineString", "coordinates": [ [ -78.5, 44.0 ], [ -78.533862154294269, 44.034790184740906 ] ] } },
{ "type": "Feature", "properties": { "u": 0.31757378336912329, "v": -0.47362872443641568, "speed": 0.57024317312410233, "direction": 146.15766953331482, "timestamp": "20240716T14" }, "geometry": { "type": "LineString", "coordinates": [ [ -78.5, 44.25 ], [ -78.480029196474618, 44.228665372773136 ] ] } },
{ "type": "Feature", "properties": { "u": 1.6418015633574705, "v": -1.678097419631112, "speed": 2.3476633751915181, "direction": 135.62637945886794, "timestamp": "20240716T14" }, "geometry": { "type": "LineString", "coordinates": [ [ -78.5, 44.5 ], [ -78.396312683063627, 44.424410026142745 ] ] } },
{ "type": "Feature", "properties": { "u": 4.1386125453604432, "v": -2.1390256949948006, "speed": 4.6587063359330596, "direction": 117.33200468854407, "timestamp": "20240716T14" }, "geometry": { "type": "LineString", "coordinates": [ [ -78.5, 44.75 ], [ -78.237499538953287, 44.653647491216454 ] ] } },
{ "type": "Feature", "properties": { "u": 6.8447394346395853, "v": -1.5320587291616325, "speed": 7.0141044957792431, "direction": 102.61656722976649, "timestamp": "20240716T14" }, "geometry": { "type": "LineString", "coordinates": [ [ -78.5, 45.0 ], [ -78.063967417145165, 44.930988345533258 ] ] } },
{ "type": "Feature", "properties": { "u": 9.1832182816175312, "v": -0.66620770593471246, "speed": 9.2073519925807776, "direction": 94.149322760238093, "timestamp": "20240716T14" }, "geometry": { "type": "LineString", "coordinates": [ [ -78.5, 45.25 ], [ -77.912429219468947, 45.219990643876812 ] ] } },
{ "type": "Feature", "properties": { "u": 10.469577879117386, "v": 1.4264500792292183, "speed": 10.566305920019406, "direction": 82.241386787835907, "timestamp": "20240716T14" }, "geometry": { "type": "LineString", "coordinates": [ [ -78.5, 45.5 ], [ -77.827155979827808, 45.56425450807339 ] ] } },
{ "type": "Feature", "properties": { "u": 10.607958126329699, "v": 3.4698255006281653, "speed": 11.161024353291852, "direction": 71.88726277707535, "timestamp": "20240716T14" }, "geometry": { "type": "LineString", "coordinates": [ [ -78.5, 45.75 ], [ -77.81521569993248, 45.906298445974244 ] ] } },
{ "type": "Feature", "properties": { "u": 8.7156433450649757, "v": 4.6495027047777091, "speed": 9.8782748655881516, "direction": 61.921578520123759, "timestamp": "20240716T14" }, "geometry": { "type": "LineString", "coordinates": [ [ -78.5, 46.0 ], [ -77.934835073223709, 46.209437058773773 ] ] } },
{ "type": "Feature", "properties": { "u": 6.8544154635623276, "v": 8.2994048902664783, "speed": 10.763973842392106, "direction": 39.553041765423657, "timestamp": "20240716T14" }, "geometry": { "type": "LineString", "coordinates": [ [ -78.25, 41.0 ], [ -77.840892362566166, 41.37384706712912 ] ] } },
{ "type": "Feature", "properties": { "u": 7.1264146347506436, "v": 8.3134086649311048, "speed": 10.949819595616164, "direction": 40.603820512067543, "timestamp": "20240716T14" }, "geometry": { "type": "LineString", "coordinates": [ [ -78.25, 41.25 ], [ -77.823034488146618, 41.624477867789686 ] ] } },
{ "type": "Feature", "properties": { "u": 7.2914689491208708, "v": 8.6562674942670288, "speed": 11.317971831043661, "direction": 40.108576693953076, "timestamp": "20240716T14" }, "geometry": { "type": "LineString", "coordinates": [ [ -78.25, 41.5 ], [ -77.811463330687033, 41.889921959201217 ] ] } },
{ "type": "Feature", "properties": { "u": 9.3298405566844824, "v": 9.8267832761046847, "speed": 13.550335581404815, "direction": 43.514021232471741, "timestamp": "20240716T14" }, "geometry": { "type": "LineString", "coordinates": [ [ -78.25, 41.75 ], [ -77.686687978449129, 42.192647895320029 ] ] } },
{ "type": "Feature", "properties": { "u": 9.7381265469879938, "v": 10.671304907023538, "speed": 14.446724786740313, "direction": 42.382094197556917, "timestamp": "20240716T14" }, "geometry": { "type": "LineString", "coordinates": [ [ -78.25, 42.0 ], [ -77.659732351050636, 42.480689410226283 ] ] } },
{ "type": "Feature", "properties": { "u": 9.0115307093272392, "v": 11.141447227680235, "speed": 14.329673131384801, "direction": 38.966952298647897, "timestamp": "20240716T14" }, "geometry": { "type": "LineString", "coordinates": [ [ -78.25, 42.25 ], [ -77.70161460973047, 42.751866992237851 ] ] } },
{ "type": "Feature", "properties": { "u": 7.1644934531642956, "v": 10.825542415795624, "speed": 12.981615270705884, "direction": 33.4971411619291, "timestamp": "20240716T14" }, "geometry": { "type": "LineString", "coordinates": [ [ -78.25, 42.5 ], [ -77.812274717789364, 42.987637045756557 ] ] } },
{ "type": "Feature", "properties": { "u": 3.6784692491322297, "v": 8.4972094218172298, "speed": 9.2592496442763075, "direction": 23.407941434353937, "timestamp": "20240716T14" }, "geometry": { "type": "LineString", "coordinates": [ [ -78.25, 42.75 ], [ -78.024354168781628, 43.132757181162937 ] ] } },
{ "type": "Feature", "properties": { "u": 1.0046482200557336, "v": 6.6502758417218839, "speed": 6.7257331806317486, "direction": 8.5906382197297564, "timestamp": "20240716T14" }, "geometry": { "type": "LineString", "coordinates": [ [ -78.25, 43.0 ], [ -78.188122382881716, 43.299561974852338 ] ] } },
{ "type": "Feature", "properties": { "u": -0.93677313577376298, "v": 4.333293952655306, "speed": 4.4333937776861703, "direction": -12.198507181651406, "timestamp": "20240716T14" }, "geometry": { "type": "LineString", "coordinates": [ [ -78.25, 43.25 ], [ -78.30793337439674, 43.445193421290782 ] ] } },
{ "type": "Feature", "properties": { "u": -1.9098316405950588, "v": 2.8748238625541189, "speed": 3.4513865526956837, "direction": -33.597279270427741, "timestamp": "20240716T14" }, "geometry": { "type": "LineString", "coordinates": [ [ -78.25, 43.5 ], [ -78.368598692919079, 43.629496570385321 ] ] } },
{ "type": "Feature", "properties": { "u": -1.8326661161099489, "v": 2.3860709418720445, "speed": 3.0086541231560116, "direction": -37.52673403173435, "timestamp": "20240716T14" }, "geometry": { "type": "LineString", "coordinates": [ [ -78.25, 43.75 ], [ -78.364281071715297, 43.857480673057296 ] ] } },
{ "type": "Feature", "properties": { "u": -0.94911869968947637, "v": 1.9949081131815485, "speed": 2.2091819042663303, "direction": -25.443733155481294, "timestamp": "20240716T14" }, "geometry": { "type": "LineString", "coordinates": [ [ -78.25, 44.0 ], [ -78.309433795489255, 44.089860725818987 ] ] } },
{ "type": "Feature", "properties": { "u": -0.12765185069521157, "v": 0.80717435938215509, "speed": 0.81720587456889038, "direction": -8.9867036803423304, "timestamp": "20240716T14" }, "geometry": { "type": "LineString", "coordinates": [ [ -78.25, 44.25 ], [ -78.258027457439468, 44.286359205377572 ] ] } },
{ "type": "Feature", "properties": { "u": 1.1989601855168108, "v": -0.80186253782298977, "speed": 1.4423900498888749, "direction": 123.77453851740596, "timestamp": "20240716T14" }, "geometry": { "type": "LineString", "coordinates": [ [ -78.25, 44.5 ], [ -78.174280152044958, 44.463880065863826 ] ] } },
{ "type": "Feature", "properties": { "u": 3.6954674848896438, "v": -1.4060456530293521, "speed": 3.9539150610855724, "direction": 110.8307402011025, "timestamp": "20240716T14" }, "geometry": { "type": "LineString", "coordinates": [ [ -78.25, 44.75 ], [ -78.015606973850652, 44.6866646102239 ] ] } },
{ "type": "Feature", "properties": { "u": 6.8958397086835719, "v": -1.086797602351802, "speed": 6.9809551149061795, "direction": 98.956256997600249, "timestamp": "20240716T14" }, "geometry": { "type": "LineString", "coordinates": [ [ -78.25, 45.0 ], [ -77.81071216036166, 44.951045153047218 ] ] } },
{ "type": "Feature", "properties": { "u": 9.9169967796329743, "v": -0.2342015541544713, "speed": 9.9197618668604726, "direction": 91.352855817830616, "timestamp": "20240716T14" }, "geometry": { "type": "LineString", "coordinates": [ [ -78.25, 45.25 ], [ -77.615479795901521, 45.239450380443493 ] ] } },
{ "type": "Feature", "properties": { "u": 11.116250852733891, "v": 1.7215979741348599, "speed": 11.248774715739142, "direction": 81.196419023901072, "timestamp": "20240716T14" }, "geometry": { "type": "LineString", "coordinates": [ [ -78.25, 45.5 ], [ -77.535596515986114, 45.577549458294364 ] ] } },
{ "type": "Feature", "properties": { "u": 10.5981729475577, "v": 3.5989854856714487, "speed": 11.192585329244428, "direction": 71.243259464400538, "timestamp": "20240716T14" }, "geometry": { "type": "LineString", "coordinates": [ [ -78.25, 45.75 ], [ -77.565847370675968, 45.912116463318533 ] ] } },
{ "type": "Feature", "properties": { "u": 8.5895723194588847, "v": 4.5511224598745628, "speed": 9.7207750861744024, "direction": 62.083445501938129, "timestamp": "20240716T14" }, "geometry": { "type": "LineString", "coordinates": [ [ -78.25, 46.0 ], [ -77.69301013490697, 46.205005516210569 ] ] } },
{ "type": "Feature", "properties": { "u": 5.1566400328602304, "v": 8.2735714499706461, "speed": 9.7489958952840947, "direction": 31.933905388628229, "timestamp": "20240716T14" }, "geometry": { "type": "LineString", "coordinates": [ [ -78.0, 41.0 ], [ -77.69222454749719, 41.372683398647325 ] ] } },
{ "type": "Feature", "properties": { "u": 5.0020108328008073, "v": 8.398172880582063, "speed": 9.7749383682763273, "direction": 30.77832539952745, "timestamp": "20240716T14" }, "geometry": { "type": "LineString", "coordinates": [ [ -78.0, 41.25 ], [ -77.700314081486553, 41.628296075701897 ] ] } },
{ "type": "Feature", "properties": { "u": 5.9235798516590412, "v": 8.5976845648103364, "speed": 10.440736474739646, "direction": 34.56582583711068, "timestamp": "20240716T14" }, "geometry": { "type": "LineString", "coordinates": [ [ -78.0, 41.5 ], [ -77.643733382575931, 41.887283088504972 ] ] } },
{ "type": "Feature", "properties": { "u": 7.9309761369438796, "v": 9.5988656308745988, "speed": 12.451449870772434, "direction": 39.564912900194237, "timestamp": "20240716T14" }, "geometry": { "type": "LineString", "coordinates": [ [ -78.0, 41.75 ], [ -77.521147850980938, 42.182381334724084 ] ] } },
{ "type": "Feature", "properties": { "u": 8.539891337114538, "v": 10.108614424080773, "speed": 13.233058211330357, "direction": 40.19156650358682, "timestamp": "20240716T14" }, "geometry": { "type": "LineString", "coordinates": [ [ -78.0, 42.0 ], [ -77.482362284211561, 42.455342992075714 ] ] } },
{ "type": "Feature", "properties": { "u": 8.0036434650074177, "v": 10.389969597838968, "speed": 13.115249786373647, "direction": 37.607925247832156, "timestamp": "20240716T14" }, "geometry": { "type": "LineString", "coordinates": [ [ -78.0, 42.25 ], [ -77.512948322908841, 42.718016648551306 ] ] } },
{ "type": "Feature", "properties": { "u": 6.4229882358225563, "v": 9.9127821447086983, "speed": 11.811774960858784, "direction": 32.941224081414028, "timestamp": "20240716T14" }, "geometry": { "type": "LineString", "coordinates": [ [ -78.0, 42.5 ], [ -77.607578071423973, 42.946521718230123 ] ] } },
{ "type": "Feature", "properties": { "u": 2.6886546903328865, "v": 7.3390419251814825, "speed": 7.8160348274186031, "direction": 20.120285511559768, "timestamp": "20240716T14" }, "geometry": { "type": "LineString", "coordinates": [ [ -78.0, 42.75 ], [ -77.835071688419731, 43.080587474107276 ] ] } },
{ "type": "Feature", "properties": { "u": 0.50696220609960108, "v": 5.6442075542154901, "speed": 5.6669294678402853, "direction": 5.1325288189532605, "timestamp": "20240716T14" }, "geometry": { "type": "LineString", "coordinates": [ [ -78.0, 43.0 ], [ -77.968775524948683, 43.25424358352322 ] ] } },
{ "type": "Feature", "properties": { "u": -1.46133765753619, "v": 3.5875436391002777, "speed": 3.8737549111659377, "direction": -22.162863952231582, "timestamp": "20240716T14" }, "geometry": { "type": "LineString", "coordinates": [ [ -78.0, 43.25 ], [ -78.090374305582728, 43.411601064824339 ] ] } },
{ "type": "Feature", "properties": { "u": -2.0578568095474816, "v": 2.9007367826135217, "speed": 3.5565500883029868, "direction": -35.352863639044337, "timestamp": "20240716T14" }, "geometry": { "type": "LineString", "coordinates": [ [ -78.0, 43.5 ], [ -78.127790912371168, 43.630663819036648 ] ] } },
{ "type": "Feature", "properties": { "u": -1.7783454929132363, "v": 3.0915041465865247, "speed": 3.5664983640156764, "direction": -29.909076912267896, "timestamp": "20240716T14" }, "geometry": { "type": "LineString", "coordinates": [ [ -78.0, 43.75 ], [ -78.110893755836756, 43.889256943539934 ] ] } },
{ "type": "Feature", "properties": { "u": -1.017146961042191, "v": 2.9752753958717735, "speed": 3.1443364358219212, "direction": -18.873839237706218, "timestamp": "20240716T14" }, "geometry": { "type": "LineString", "coordinates": [ [ -78.0, 44.0 ], [ -78.06369372396189, 44.134021414228457 ] ] } },
{ "type": "Feature", "properties": { "u": -0.14215331824883237, "v": 1.9041791271429398, "speed": 1.909477864269707, "direction": -4.2694013582296861, "timestamp": "20240716T14" }, "geometry": { "type": "LineString", "coordinates": [ [ -78.0, 44.25 ], [ -78.008939390270541, 44.335773834555987 ] ] } },
{ "type": "Feature", "properties": { "u": 1.2168261743185962, "v": 0.27544489611739825, "speed": 1.2476120508010311, "direction": 77.245285928621428, "timestamp": "20240716T14" }, "geometry": { "type": "LineString", "coordinates": [ [ -78.0, 44.5 ], [ -77.923151832712946, 44.512407427753033 ] ] } },
{ "type": "Feature", "properties": { "u": 3.5978302470574972, "v": -0.50001152780637659, "speed": 3.632408844634794, "direction": 97.912051028375757, "timestamp": "20240716T14" }, "geometry": { "type": "LineString", "coordinates": [ [ -78.0, 44.75 ], [ -77.771799827050941, 44.727476958206921 ] ] } },
{ "type": "Feature", "properties": { "u": 6.6822926194488943, "v": -0.25465838257312634, "speed": 6.6871433021699129, "direction": 92.182453530127134, "timestamp": "20240716T14" }, "geometry": { "type": "LineString", "coordinates": [ [ -78.0, 45.0 ], [ -77.574315817559892, 44.988528901685896 ] ] } },
{ "type": "Feature", "properties": { "u": 9.8275044061954198, "v": 0.77472202457373651, "speed": 9.857993562036345, "direction": 85.492579638658952, "timestamp": "20240716T14" }, "geometry": { "type": "LineString", "coordinates": [ [ -78.0, 45.25 ], [ -77.371205795447622, 45.284897388494315 ] ] } },
{ "type": "Feature", "properties": { "u": 11.127889944083117, "v": 2.4155080014239028, "speed": 11.387037082251425, "direction": 77.752919511343279, "timestamp": "20240716T14" }, "geometry": { "type": "LineString", "coordinates": [ [ -78.0, 45.5 ], [ -77.284848511328718, 45.608806666730807 ] ] } },
{ "type": "Feature", "properties": { "u": 9.824960318057979, "v": 3.7506388277367031, "speed": 10.516517335484219, "direction": 69.105846501646283, "timestamp": "20240716T14" }, "geometry": { "type": "LineString", "coordinates": [ [ -78.0, 45.75 ], [ -77.365761205458284, 45.918947694943093 ] ] } },
{ "type": "Feature", "properties": { "u": 7.7286285314145102, "v": 4.3933068730404248, "speed": 8.8900418591420962, "direction": 60.384114211152706, "timestamp": "20240716T14" }, "geometry": { "type": "LineString", "coordinates": [ [ -78.0, 46.0 ], [ -77.498837939426323, 46.197896705992811 ] ] } },
{ "type": "Feature", "properties": { "u": 4.3107943248604137, "v": 8.2433107041928793, "speed": 9.3024254405563305, "direction": 27.607071994278463, "timestamp": "20240716T14" }, "geometry": { "type": "LineString", "coordinates": [ [ -77.75, 41.0 ], [ -77.492709076932684, 41.371320301990671 ] ] } },
{ "type": "Feature", "properties": { "u": 4.0922047285452852, "v": 8.420528329374557, "speed": 9.3622346096499776, "direction": 25.918804952337954, "timestamp": "20240716T14" }, "geometry": { "type": "LineString", "coordinates": [ [ -77.75, 41.25 ], [ -77.504823375275961, 41.629303077899756 ] ] } },
{ "type": "Feature", "properties": { "u": 4.9224375297627736, "v": 8.5978366318007229, "speed": 9.9072289759322434, "direction": 29.792020921640141, "timestamp": "20240716T14" }, "geometry": { "type": "LineString", "coordinates": [ [ -77.75, 41.5 ], [ -77.453945888782314, 41.887289938369399 ] ] } },
{ "type": "Feature", "properties": { "u": 7.2915625974170322, "v": 9.5123291610557743, "speed": 11.985461659040217, "direction": 37.471539407413829, "timestamp": "20240716T14" }, "geometry": { "type": "LineString", "coordinates": [ [ -77.75, 41.75 ], [ -77.309754012722877, 42.178483295543053 ] ] } },
{ "type": "Feature", "properties": { "u": 7.6669479688194073, "v": 9.5686628437767762, "speed": 12.261378379874683, "direction": 38.703659565956407, "timestamp": "20240716T14" }, "geometry": { "type": "LineString", "coordinates": [ [ -77.75, 42.0 ], [ -77.285274949412951, 42.431020848818775 ] ] } },
{ "type": "Feature", "properties": { "u": 6.8806011701416967, "v": 9.4740838897926078, "speed": 11.709010975030433, "direction": 35.989217544057766, "timestamp": "20240716T14" }, "geometry": { "type": "LineString", "coordinates": [ [ -77.75, 42.25 ], [ -77.33128965214847, 42.676760535576243 ] ] } },
{ "type": "Feature", "properties": { "u": 5.399837677845813, "v": 8.7335132988367619, "speed": 10.268032990210045, "direction": 31.728057615122047, "timestamp": "20240716T14" }, "geometry": { "type": "LineString", "coordinates": [ [ -77.75, 42.5 ], [ -77.420088962062948, 42.893401499947601 ] ] } },
{ "type": "Feature", "properties": { "u": 2.2761213907185978, "v": 6.012451701522326, "speed": 6.4288649113529734, "direction": 20.7350585769281, "timestamp": "20240716T14" }, "geometry": { "type": "LineString", "coordinates": [ [ -77.75, 42.75 ], [ -77.610377437358281, 43.020831157726228 ] ] } },
{ "type": "Feature", "properties": { "u": 0.54289243076753102, "v": 4.5117417429663718, "speed": 4.5442871549462973, "direction": 6.8613436243349017, "timestamp": "20240716T14" }, "geometry": { "type": "LineString", "coordinates": [ [ -77.75, 43.0 ], [ -77.716562534729235, 43.203231610043531 ] ] } },
{ "type": "Feature", "properties": { "u": -1.4304045427096124, "v": 3.1773493416141161, "speed": 3.4844807352688796, "direction": -24.236702324307878, "timestamp": "20240716T14" }, "geometry": { "type": "LineString", "coordinates": [ [ -77.75, 43.25 ], [ -77.838461292010848, 43.393123844216852 ] ] } },
{ "type": "Feature", "properties": { "u": -1.8808251427484899, "v": 3.1480874635220322, "speed": 3.6671457423423273, "direction": -30.856209935769414, "timestamp": "20240716T14" }, "geometry": { "type": "LineString", "coordinates": [ [ -77.75, 43.5 ], [ -77.866797417530378, 43.641805741600095 ] ] } },
{ "type": "Feature", "properties": { "u": -1.645207770682966, "v": 3.780050485412306, "speed": 4.1225587055833932, "direction": -23.520329448934813, "timestamp": "20240716T14" }, "geometry": { "type": "LineString", "coordinates": [ [ -77.75, 43.75 ], [ -77.85259157714286, 43.920272544387942 ] ] } },
{ "type": "Feature", "properties": { "u": -0.96055182934595351, "v": 3.9044621674885551, "speed": 4.0208810768548338, "direction": -13.821088610298757, "timestamp": "20240716T14" }, "geometry": { "type": "LineString", "coordinates": [ [ -77.75, 44.0 ], [ -77.810149737857714, 44.175876674211196 ] ] } },
{ "type": "Feature", "properties": { "u": 0.056939891454317881, "v": 3.1795641376770094, "speed": 3.1800739388952226, "direction": 1.0259477842221605, "timestamp": "20240716T14" }, "geometry": { "type": "LineString", "coordinates": [ [ -77.75, 44.25 ], [ -77.746419303341327, 44.393223609805268 ] ] } },
{ "type": "Feature", "properties": { "u": 1.5750201030139608, "v": 1.6853238734397211, "speed": 2.3067303447269194, "direction": 43.06231154095407, "timestamp": "20240716T14" }, "geometry": { "type": "LineString", "coordinates": [ [ -77.75, 44.5 ], [ -77.650530239313198, 44.575915489794582 ] ] } },
{ "type": "Feature", "properties": { "u": 3.698296249000153, "v": 0.69483403489625784, "speed": 3.7630027214205963, "direction": 79.359341114903259, "timestamp": "20240716T14" }, "geometry": { "type": "LineString", "coordinates": [ [ -77.75, 44.75 ], [ -77.515427553362485, 44.781298830400729 ] ] } },
{ "type": "Feature", "properties": { "u": 6.2754006186186082, "v": 0.78897855737455147, "speed": 6.3248035612306284, "direction": 82.834052649288651, "timestamp": "20240716T14" }, "geometry": { "type": "LineString", "coordinates": [ [ -77.75, 45.0 ], [ -77.350236186298432, 45.035539574656511 ] ] } },
{ "type": "Feature", "properties": { "u": 8.8636437264922385, "v": 1.8845564828725685, "speed": 9.061773184499943, "direction": 77.996716897554393, "timestamp": "20240716T14" }, "geometry": { "type": "LineString", "coordinates": [ [ -77.75, 45.25 ], [ -77.182876590426986, 45.334889931660925 ] ] } },
{ "type": "Feature", "properties": { "u": 9.8973325672329828, "v": 3.0934525493121208, "speed": 10.369505321916581, "direction": 72.643147912737447, "timestamp": "20240716T14" }, "geometry": { "type": "LineString", "coordinates": [ [ -77.75, 45.5 ], [ -77.113932231995619, 45.639344709428471 ] ] } },
{ "type": "Feature", "properties": { "u": 8.1890810912995029, "v": 3.7129716288823111, "speed": 8.9915075174724741, "direction": 65.610215160543859, "timestamp": "20240716T14" }, "geometry": { "type": "LineString", "coordinates": [ [ -77.75, 45.75 ], [ -77.221363471035687, 45.917250974273976 ] ] } },
{ "type": "Feature", "properties": { "u": 6.4522625115711207, "v": 3.9673235745162438, "speed": 7.5743876229790628, "direction": 58.413754162578648, "timestamp": "20240716T14" }, "geometry": { "type": "LineString", "coordinates": [ [ -77.75, 46.0 ], [ -77.331603752526391, 46.178708269122353 ] ] } },
{ "type": "Feature", "properties": { "u": 4.5002260705076571, "v": 8.440970758028584, "speed": 9.5656689271357518, "direction": 28.063898716876736, "timestamp": "20240716T14" }, "geometry": { "type": "LineString", "coordinates": [ [ -77.5, 41.0 ], [ -77.23140279205272, 41.380223908019303 ] ] } },
{ "type": "Feature", "properties": { "u": 4.2214853205915865, "v": 8.7454625025970039, "speed": 9.7110273759422849, "direction": 25.766872368055061, "timestamp": "20240716T14" }, "geometry": { "type": "LineString", "coordinates": [ [ -77.5, 41.25 ], [ -77.247077775702422, 41.643939752369235 ] ] } },
{ "type": "Feature", "properties": { "u": 4.5425876671127998, "v": 9.1058263152117096, "speed": 10.176009807198859, "direction": 26.513051474474192, "timestamp": "20240716T14" }, "geometry": { "type": "LineString", "coordinates": [ [ -77.5, 41.5 ], [ -77.226791503948192, 41.910172356541068 ] ] } },
{ "type": "Feature", "properties": { "u": 6.255733086856341, "v": 9.369420526525202, "speed": 11.265888223165582, "direction": 33.730067925570502, "timestamp": "20240716T14" }, "geometry": { "type": "LineString", "coordinates": [ [ -77.5, 41.75 ], [ -77.122294761627529, 42.172045969663294 ] ] } },
{ "type": "Feature", "properties": { "u": 5.8630937798787714, "v": 9.2105169377922032, "speed": 10.918309893614955, "direction": 32.47940809149118, "timestamp": "20240716T14" }, "geometry": { "type": "LineString", "coordinates": [ [ -77.5, 42.0 ], [ -77.144613924010969, 42.414888150350997 ] ] } },
{ "type": "Feature", "properties": { "u": 6.0286462336856852, "v": 8.8617032485443374, "speed": 10.717945692911206, "direction": 34.227584726074191, "timestamp": "20240716T14" }, "geometry": { "type": "LineString", "coordinates": [ [ -77.5, 42.25 ], [ -77.133134300454103, 42.649175822006505 ] ] } },
{ "type": "Feature", "properties": { "u": 5.1379908182247913, "v": 7.4807451059581647, "speed": 9.075268425147506, "direction": 34.482398911763461, "timestamp": "20240716T14" }, "geometry": { "type": "LineString", "coordinates": [ [ -77.5, 42.5 ], [ -77.186086881702735, 42.836970500268386 ] ] } },
{ "type": "Feature", "properties": { "u": 2.3328476169900894, "v": 4.8693615764886511, "speed": 5.399338863849942, "direction": 25.598473168969058, "timestamp": "20240716T14" }, "geometry": { "type": "LineString", "coordinates": [ [ -77.5, 42.75 ], [ -77.35689771913529, 42.969340611553541 ] ] } },
{ "type": "Feature", "properties": { "u": 0.81244979519931726, "v": 3.6867556545639939, "speed": 3.7752141563332531, "direction": 12.427629582721991, "timestamp": "20240716T14" }, "geometry": { "type": "LineString", "coordinates": [ [ -77.5, 43.0 ], [ -77.449960138930635, 43.166070074529912 ] ] } },
{ "type": "Feature", "properties": { "u": -0.83337256245665325, "v": 3.1304093211659154, "speed": 3.239440128463253, "direction": -14.907435890716911, "timestamp": "20240716T14" }, "geometry": { "type": "LineString", "coordinates": [ [ -77.5, 43.25 ], [ -77.551538716076536, 43.391009428881347 ] ] } },
{ "type": "Feature", "properties": { "u": -1.4040803785071447, "v": 3.4909765072669687, "speed": 3.7627594506689701, "direction": -21.910127400079833, "timestamp": "20240716T14" }, "geometry": { "type": "LineString", "coordinates": [ [ -77.5, 43.5 ], [ -77.587192029969927, 43.657251194021036 ] ] } },
{ "type": "Feature", "properties": { "u": -1.4215648012869047, "v": 4.4782729457207937, "speed": 4.6984864648770319, "direction": -17.611309207402414, "timestamp": "20240716T14" }, "geometry": { "type": "LineString", "coordinates": [ [ -77.5, 43.75 ], [ -77.588645688145675, 43.951724006564 ] ] } },
{ "type": "Feature", "properties": { "u": -0.73556492346584224, "v": 4.8217923583255935, "speed": 4.8775749408328313, "direction": -8.6736069086336069, "timestamp": "20240716T14" }, "geometry": { "type": "LineString", "coordinates": [ [ -77.5, 44.0 ], [ -77.546061061956365, 44.217197853978632 ] ] } },
{ "type": "Feature", "properties": { "u": 0.40193454562778408, "v": 4.2871730027149706, "speed": 4.3059730298943011, "direction": 5.3559850342640782, "timestamp": "20240716T14" }, "geometry": { "type": "LineString", "coordinates": [ [ -77.5, 44.25 ], [ -77.474724123145052, 44.443115901023198 ] ] } },
{ "type": "Feature", "properties": { "u": 2.1175910140957535, "v": 3.11338454994626, "speed": 3.7652828657118387, "direction": 34.221861874032228, "timestamp": "20240716T14" }, "geometry": { "type": "LineString", "coordinates": [ [ -77.5, 44.5 ], [ -77.36626439179949, 44.640242547294875 ] ] } },
{ "type": "Feature", "properties": { "u": 4.0723605102192986, "v": 1.9688792931440757, "speed": 4.5233401150217638, "direction": 64.197453432229509, "timestamp": "20240716T14" }, "geometry": { "type": "LineString", "coordinates": [ [ -77.5, 44.75 ], [ -77.241701717721938, 44.838688256447931 ] ] } },
{ "type": "Feature", "properties": { "u": 6.0124103387231802, "v": 1.7240865709573172, "speed": 6.2547224227251483, "direction": 73.999509979888984, "timestamp": "20240716T14" }, "geometry": { "type": "LineString", "coordinates": [ [ -77.5, 45.0 ], [ -77.116989538577727, 45.07766155725033 ] ] } },
{ "type": "Feature", "properties": { "u": 7.8418717759264727, "v": 2.4593961033917333, "speed": 8.2184902593755407, "direction": 72.587343832712605, "timestamp": "20240716T14" }, "geometry": { "type": "LineString", "coordinates": [ [ -77.5, 45.25 ], [ -76.998252728084566, 45.360783608260888 ] ] } },
{ "type": "Feature", "properties": { "u": 7.9029542131563639, "v": 3.3450846921546931, "speed": 8.5817409010604369, "direction": 67.058509458467014, "timestamp": "20240716T14" }, "geometry": { "type": "LineString", "coordinates": [ [ -77.5, 45.5 ], [ -76.992104118674817, 45.6506794906376 ] ] } },
{ "type": "Feature", "properties": { "u": 6.3907244804806522, "v": 3.2430139358962848, "speed": 7.1664844082598975, "direction": 63.094193706778135, "timestamp": "20240716T14" }, "geometry": { "type": "LineString", "coordinates": [ [ -77.5, 45.75 ], [ -77.087454273652526, 45.896081708824155 ] ] } },
{ "type": "Feature", "properties": { "u": 5.1621430816435261, "v": 3.3806574907424709, "speed": 6.1706212219737893, "direction": 56.779443950117148, "timestamp": "20240716T14" }, "geometry": { "type": "LineString", "coordinates": [ [ -77.5, 46.0 ], [ -77.165261403979116, 46.152281868952365 ] ] } },
{ "type": "Feature", "properties": { "u": 4.4045132362991257, "v": 8.4500941003324481, "speed": 9.52910421567565, "direction": 27.530254312999585, "timestamp": "20240716T14" }, "geometry": { "type": "LineString", "coordinates": [ [ -77.25, 41.0 ], [ -76.987115438402114, 41.380634869384345 ] ] } },
{ "type": "Feature", "properties": { "u": 4.0555642185505043, "v": 8.7229218436916369, "speed": 9.6196136420305294, "direction": 24.935217210976198, "timestamp": "20240716T14" }, "geometry": { "type": "LineString", "coordinates": [ [ -77.25, 41.25 ], [ -77.007018621399894, 41.642924407373499 ] ] } },
{ "type": "Feature", "properties": { "u": 4.6186904931464365, "v": 9.8815503664697264, "speed": 10.907673423629774, "direction": 25.051642976003283, "timestamp": "20240716T14" }, "geometry": { "type": "LineString", "coordinates": [ [ -77.25, 41.5 ], [ -76.972214390600115, 41.945114881372511 ] ] } },
{ "type": "Feature", "properties": { "u": 5.9342075904468734, "v": 9.6904127782836156, "speed": 11.363050626484053, "direction": 31.482437542840845, "timestamp": "20240716T14" }, "geometry": { "type": "LineString", "coordinates": [ [ -77.25, 41.75 ], [ -76.891707652583392, 42.186505080102869 ] ] } },
{ "type": "Feature", "properties": { "u": 5.6195426322217692, "v": 9.5576749377254604, "speed": 11.087308492622695, "direction": 30.453878918242921, "timestamp": "20240716T14" }, "geometry": { "type": "LineString", "coordinates": [ [ -77.25, 42.0 ], [ -76.909376554444322, 42.430525898095745 ] ] } },
{ "type": "Feature", "properties": { "u": 5.9181829979440739, "v": 8.7301669808663949, "speed": 10.547070944625535, "direction": 34.13335787855619, "timestamp": "20240716T14" }, "geometry": { "type": "LineString", "coordinates": [ [ -77.25, 42.25 ], [ -76.889856402014487, 42.64325076490389 ] ] } },
{ "type": "Feature", "properties": { "u": 4.7729701064414884, "v": 6.3793028512532999, "speed": 7.967229663125857, "direction": 36.803696013124878, "timestamp": "20240716T14" }, "geometry": { "type": "LineString", "coordinates": [ [ -77.25, 42.5 ], [ -76.95838835983551, 42.787355984290691 ] ] } },
{ "type": "Feature", "properties": { "u": 2.7038488424310749, "v": 4.5103126920546872, "speed": 5.2586803613478414, "direction": 30.941905877600203, "timestamp": "20240716T14" }, "geometry": { "type": "LineString", "coordinates": [ [ -77.25, 42.75 ], [ -77.084139643906738, 42.953167238380843 ] ] } },
{ "type": "Feature", "properties": { "u": 1.4267435288537798, "v": 3.4652054547678826, "speed": 3.7474319127742968, "direction": 22.378639619508832, "timestamp": "20240716T14" }, "geometry": { "type": "LineString", "coordinates": [ [ -77.25, 43.0 ], [ -77.162124972660067, 43.156090335800357 ] ] } },
{ "type": "Feature", "properties": { "u": 0.15148085817760043, "v": 3.6828843358894541, "speed": 3.6859983019440103, "direction": 2.3553073169027829, "timestamp": "20240716T14" }, "geometry": { "type": "LineString", "coordinates": [ [ -77.25, 43.25 ], [ -77.240631886274684, 43.415895690805833 ] ] } },
{ "type": "Feature", "properties": { "u": -0.48570397895671635, "v": 4.291999824474404, "speed": 4.3193947317260442, "direction": -6.456407052988328, "timestamp": "20240716T14" }, "geometry": { "type": "LineString", "coordinates": [ [ -77.25, 43.5 ], [ -77.280161746106543, 43.693333325426778 ] ] } },
{ "type": "Feature", "properties": { "u": -0.69607846255784167, "v": 5.4846657700232857, "speed": 5.5286602206051709, "direction": -7.2329430061737598, "timestamp": "20240716T14" }, "geometry": { "type": "LineString", "coordinates": [ [ -77.25, 43.75 ], [ -77.293405938484796, 43.997057016667718 ] ] } },
{ "type": "Feature", "properties": { "u": -0.15069422861631918, "v": 5.9591560669461909, "speed": 5.9610611287555049, "direction": -1.4485781988783148, "timestamp": "20240716T14" }, "geometry": { "type": "LineString", "coordinates": [ [ -77.25, 44.0 ], [ -77.259436469819761, 44.268430453466046 ] ] } },
{ "type": "Feature", "properties": { "u": 0.87453002546167169, "v": 5.3328381942272358, "speed": 5.404069389935958, "direction": 9.3130188811082952, "timestamp": "20240716T14" }, "geometry": { "type": "LineString", "coordinates": [ [ -77.25, 44.25 ], [ -77.195004694246919, 44.490217936676899 ] ] } },
{ "type": "Feature", "properties": { "u": 2.589610133161572, "v": 4.2463668596012312, "speed": 4.9737020566267054, "direction": 31.376566068755096, "timestamp": "20240716T14" }, "geometry": { "type": "LineString", "coordinates": [ [ -77.25, 44.5 ], [ -77.086454214314628, 44.691277786468525 ] ] } },
{ "type": "Feature", "properties": { "u": 4.6075691856484982, "v": 3.0566971597234609, "speed": 5.5292939266057326, "direction": 56.439395717261824, "timestamp": "20240716T14" }, "geometry": { "type": "LineString", "coordinates": [ [ -77.25, 44.75 ], [ -76.957754948722297, 44.887689061248807 ] ] } },
{ "type": "Feature", "properties": { "u": 5.9724272601338155, "v": 2.4073471136302458, "speed": 6.4393483756583159, "direction": 68.046777794285788, "timestamp": "20240716T14" }, "geometry": { "type": "LineString", "coordinates": [ [ -77.25, 45.0 ], [ -76.869536593172612, 45.108439059172532 ] ] } },
{ "type": "Feature", "properties": { "u": 6.8105417635188541, "v": 2.5926245870507985, "speed": 7.287330194386338, "direction": 69.159263141829499, "timestamp": "20240716T14" }, "geometry": { "type": "LineString", "coordinates": [ [ -77.25, 45.25 ], [ -76.814240420175963, 45.366784891308598 ] ] } },
{ "type": "Feature", "properties": { "u": 6.4343668823487974, "v": 2.8727325068604572, "speed": 7.046535973983227, "direction": 65.940814465954034, "timestamp": "20240716T14" }, "geometry": { "type": "LineString", "coordinates": [ [ -77.25, 45.5 ], [ -76.836485211689606, 45.629402365173895 ] ] } },
{ "type": "Feature", "properties": { "u": 5.0910131960374558, "v": 2.7278442779303123, "speed": 5.7757726553998525, "direction": 61.816899755127089, "timestamp": "20240716T14" }, "geometry": { "type": "LineString", "coordinates": [ [ -77.25, 45.75 ], [ -76.921355611837313, 45.872875868375239 ] ] } },
{ "type": "Feature", "properties": { "u": 3.9811122308486713, "v": 2.9630199700938338, "speed": 4.9627353282023563, "direction": 53.340818486691234, "timestamp": "20240716T14" }, "geometry": { "type": "LineString", "coordinates": [ [ -77.25, 46.0 ], [ -76.991845218608006, 46.133469368022247 ] ] } }
]
}
